{
  "alias": "  - astronomy",
  "acc,none": 0.17763157894736842,
  "acc_stderr,none": 0.031103182383123377
}