{
  "alias": "  - jurisprudence",
  "acc,none": 0.25925925925925924,
  "acc_stderr,none": 0.042365112580946315
}