{
  "alias": "  - marketing",
  "acc,none": 0.2863247863247863,
  "acc_stderr,none": 0.029614323690456627
}