{
  "alias": "  - high_school_government_and_politics",
  "acc,none": 0.20207253886010362,
  "acc_stderr,none": 0.028979089794296756
}