{
  "alias": "  - high_school_statistics",
  "acc,none": 0.1527777777777778,
  "acc_stderr,none": 0.024536326026134234
}