{
  "alias": "  - international_law",
  "acc,none": 0.2396694214876033,
  "acc_stderr,none": 0.03896878985070412
}