{
  "alias": "  - human_sexuality",
  "acc,none": 0.25190839694656486,
  "acc_stderr,none": 0.03807387116306089
}