{
  "alias": "  - moral_scenarios",
  "acc,none": 0.2681564245810056,
  "acc_stderr,none": 0.01481611963531707
}