{
  "alias": "  - philosophy",
  "acc,none": 0.1832797427652733,
  "acc_stderr,none": 0.021974198848265767
}