{
  "acc,none": 0.2170945726356841,
  "acc_stderr,none": 0.007429148370998559,
  "alias": " - social sciences"
}