{
  "acc,none": 0.24760892667375134,
  "acc_stderr,none": 0.006288828947396757,
  "alias": " - humanities"
}