{
  "alias": "hellaswag",
  "acc,none": 0.26867157936666003,
  "acc_stderr,none": 0.004423628080052265,
  "acc_norm,none": 0.26976697868950406,
  "acc_norm_stderr,none": 0.004429315788310707
}