{
  "alias": "  - econometrics",
  "acc,none": 0.23684210526315788,
  "acc_stderr,none": 0.03999423879281335
}