{
  "alias": "  - management",
  "acc,none": 0.17475728155339806,
  "acc_stderr,none": 0.03760178006026618
}