{
  "alias": "  - high_school_psychology",
  "acc,none": 0.1981651376146789,
  "acc_stderr,none": 0.017090573804217808
}