{
  "alias": "  - professional_psychology",
  "acc,none": 0.25163398692810457,
  "acc_stderr,none": 0.017555818091322294
}