{
  "alias": "  - miscellaneous",
  "acc,none": 0.23754789272030652,
  "acc_stderr,none": 0.015218733046150228
}