{
  "alias": "  - elementary_mathematics",
  "acc,none": 0.20899470899470898,
  "acc_stderr,none": 0.020940481565334935
}