{
  "alias": "  - high_school_macroeconomics",
  "acc,none": 0.20256410256410257,
  "acc_stderr,none": 0.020377660970371435
}