{
  "alias": "  - formal_logic",
  "acc,none": 0.2857142857142857,
  "acc_stderr,none": 0.04040610178208843
}