{
  "alias": "  - anatomy",
  "acc,none": 0.18518518518518517,
  "acc_stderr,none": 0.03355677216313144
}