{
  "acc,none": 0.23052271756160092,
  "acc_stderr,none": 0.0035485822045021125,
  "alias": "mmlu"
}