{
  "alias": "  - high_school_microeconomics",
  "acc,none": 0.20588235294117646,
  "acc_stderr,none": 0.026265024608275907
}