[auto_v3] HF cache: HuggingFace default (~/.cache/huggingface)

═══════ Pipeline: XiaomiMiMo/MiMo-V2.5 | W4A16/RTN/auto_round ═══════


═══════ Pipeline: XiaomiMiMo/MiMo-V2.5 | W4A16/RTN/auto_round ═══════


═══════ Phase: setup_env ═══════


═══════ Phase: setup_env ═══════

=== Phase 1: Environment Setup ===
=== Phase 1: Environment Setup ===
  AUTO_ROUND_REF=latest
  TRANSFORMERS_REF=auto
  EXPORT_FORMAT=auto_round
  EVAL_BACKEND=hf
  AUTO_ROUND_REF=latest
  TRANSFORMERS_REF=auto
  EXPORT_FORMAT=auto_round
  EVAL_BACKEND=hf
[setup_env] Installing: auto-round
[setup_env] Installing: auto-round
 + triton==3.7.1
 + typer==0.27.0
 + urllib3==2.7.0
 + xxhash==3.8.1
 + yarl==1.24.5
 + triton==3.7.1
 + typer==0.27.0
 + urllib3==2.7.0
 + xxhash==3.8.1
 + yarl==1.24.5
 + threadpoolctl==3.6.0
 + typepy==1.3.5
 + word2number==1.1
 + threadpoolctl==3.6.0
 + typepy==1.3.5
 + word2number==1.1
 + hf-transfer==0.1.9
 + loguru==0.7.3
 + sentencepiece==0.2.2
 + hf-transfer==0.1.9
 + loguru==0.7.3
 + sentencepiece==0.2.2
[setup_env] Checking torch/CUDA driver compatibility...
[setup_env] Checking torch/CUDA driver compatibility...
/root/.venv/lib/python3.12/site-packages/torch/cuda/__init__.py:188: UserWarning: CUDA initialization: The NVIDIA driver on your system is too old (found version 12080). Please update your GPU driver by downloading and installing a new version from the URL: http://www.nvidia.com/Download/index.aspx Alternatively, go to: https://pytorch.org to install a PyTorch version that has been compiled with your version of the CUDA driver. (Triggered internally at /__w/pytorch/pytorch/c10/cuda/CUDAFunctions.cpp:119.)
  return torch._C._cuda_getDeviceCount() > 0
/root/.venv/lib/python3.12/site-packages/torch/cuda/__init__.py:188: UserWarning: CUDA initialization: The NVIDIA driver on your system is too old (found version 12080). Please update your GPU driver by downloading and installing a new version from the URL: http://www.nvidia.com/Download/index.aspx Alternatively, go to: https://pytorch.org to install a PyTorch version that has been compiled with your version of the CUDA driver. (Triggered internally at /__w/pytorch/pytorch/c10/cuda/CUDAFunctions.cpp:119.)
  return torch._C._cuda_getDeviceCount() > 0
[setup_env] NVIDIA driver: 570.124.06
[setup_env] NVIDIA driver: 570.124.06
[setup_env] Driver supports CUDA: 12.8
[setup_env] torch 2.13.0+cu130 CUDA mismatch with driver (CUDA 12.8)
[setup_env] Reinstalling torch with cu128 from https://download.pytorch.org/whl/cu128...
[setup_env] Driver supports CUDA: 12.8
[setup_env] torch 2.13.0+cu130 CUDA mismatch with driver (CUDA 12.8)
[setup_env] Reinstalling torch with cu128 from https://download.pytorch.org/whl/cu128...
Using Python 3.12.13 environment at: /root/.venv
Using Python 3.12.13 environment at: /root/.venv
Resolved 33 packages in 572ms
Resolved 33 packages in 572ms
Downloading networkx Downloading networkx (2.0MiB)
(2.0MiB)
DownloadingDownloading sympy sympy  (6.0MiB)
(6.0MiB)
Downloading cuda-bindings Downloading cuda-bindings (11.6MiB)
(11.6MiB)
Downloading torchaudio Downloading torchaudio (1.6MiB)
(1.6MiB)
Downloading setuptools Downloading setuptools (1.2MiB)
(1.2MiB)
DownloadingDownloading nvidia-nccl-cu12 nvidia-nccl-cu12  (283.0MiB)
(283.0MiB)
Downloading torchDownloading torch  (782.3MiB)
(782.3MiB)
DownloadingDownloading triton  triton (179.6MiB)
(179.6MiB)
DownloadingDownloading torchvision  torchvision (7.7MiB)
(7.7MiB)
Downloading numpy Downloading numpy (15.9MiB)
(15.9MiB)
DownloadingDownloading pillow  pillow (6.8MiB)
(6.8MiB)
Downloading nvidia-cuda-nvrtc-cu12 Downloading (84.0MiB)nvidia-cuda-nvrtc-cu12 (84.0MiB)

Downloading nvidia-cusparse-cu12Downloading  nvidia-cusparse-cu12 (274.9MiB)
(274.9MiB)
Downloading nvidia-cublas-cu12 (566.8MiB)Downloading nvidia-cublas-cu12 (566.8MiB)

DownloadingDownloading nvidia-cufile-cu12  nvidia-cufile-cu12 (1.1MiB)
(1.1MiB)
Downloading Downloadingnvidia-cusparselt-cu12 nvidia-cusparselt-cu12  (273.9MiB)
(273.9MiB)
Downloading nvidia-nvjitlink-cu12 Downloading nvidia-nvjitlink-cu12 (37.4MiB)
(37.4MiB)
Downloading nvidia-cudnn-cu12 Downloading nvidia-cudnn-cu12 (627.4MiB)
(627.4MiB)
DownloadingDownloading nvidia-cufft-cu12 nvidia-cufft-cu12  (184.2MiB)
(184.2MiB)
DownloadingDownloading nvidia-nvshmem-cu12  nvidia-nvshmem-cu12 (132.7MiB)
(132.7MiB)
DownloadingDownloading nvidia-cuda-cupti-cu12  nvidia-cuda-cupti-cu12 (9.8MiB)
(9.8MiB)
DownloadingDownloading nvidia-cusolver-cu12  nvidia-cusolver-cu12 (255.1MiB)
(255.1MiB)
Downloading nvidia-curand-cu12 Downloading nvidia-curand-cu12 (60.7MiB)
(60.7MiB)
 Downloaded nvidia-cufile-cu12
 Downloaded nvidia-cufile-cu12
 Downloaded Downloaded torchaudio
 torchaudio
 Downloaded cuda-bindings
 Downloaded cuda-bindings
 Downloaded torchvision
 Downloaded torchvision
 Downloaded pillow
 Downloaded pillow
 Downloaded nvidia-cuda-cupti-cu12
 Downloaded nvidia-cuda-cupti-cu12
 Downloaded setuptools
 Downloaded setuptools
 Downloaded networkx
 Downloaded networkx
 Downloaded numpy
 Downloaded numpy
 Downloaded triton
 Downloaded triton
 Downloaded Downloaded sympy
 sympy
 Downloaded nvidia-nvjitlink-cu12
 Downloaded nvidia-nvjitlink-cu12
 Downloaded nvidia-cuda-nvrtc-cu12
 Downloaded nvidia-cuda-nvrtc-cu12
 Downloaded nvidia-curand-cu12
 Downloaded nvidia-curand-cu12
 Downloaded nvidia-nccl-cu12
 Downloaded nvidia-nccl-cu12
 Downloaded nvidia-cusparse-cu12
 Downloaded nvidia-cusparse-cu12
 Downloaded torch Downloaded torch

 Downloaded nvidia-nvshmem-cu12
 Downloaded nvidia-nvshmem-cu12
 Downloaded nvidia-cusparselt-cu12
 Downloaded nvidia-cusparselt-cu12
 Downloaded nvidia-cufft-cu12
 Downloaded nvidia-cufft-cu12
 Downloaded nvidia-cusolver-cu12
 Downloaded nvidia-cusolver-cu12
 Downloaded nvidia-cublas-cu12
 Downloaded nvidia-cublas-cu12
 Downloaded nvidia-cudnn-cu12
 Downloaded nvidia-cudnn-cu12
Prepared 33 packages in 31.57sPrepared 33 packages in 31.57s

Uninstalled 15 packages in 521ms
Uninstalled 15 packages in 521ms
Installed 33 packages in 1.18s
Installed 33 packages in 1.18s
  --  cuda-bindingscuda-bindings==13.==13.3.13.1
 
 + + cuda-bindingscuda-bindings==12.9==12.9.4.4
 
 - - cuda-pathfindercuda-pathfinder==1.6.==1.6.00
 
 + + cuda-pathfindercuda-pathfinder==1.==12.2..22
 
 - - cuda-toolkitcuda-toolkit==13.==130..0.3.03.0
 
 + + cuda-toolkitcuda-toolkit==12.==128.8.1.1
 
 - - filelockfilelock==3.==332.32..22
 
 + + filelockfilelock==3.==329..29.0
0
 - - fsspec fsspec==2026.==20266.6..00
 
 + + fsspecfsspec==2026.==20264.4.0.0
 
 ~ ~ jinja2jinja2==3.==31.1..6
6
  ~ ~ markupsafemarkupsafe==3.==30.0.3.3
 
 ~ ~mpmath mpmath==1==1.3..3.00

  ~~ networkx networkx==3.==3.6.16.1
 
 -- numpy numpy==2.==2.5.15.1
 
 + + numpynumpy==2.==2.4.44.4
 
 ++ nvidia-cublas-cu12 nvidia-cublas-cu12==12.==12.8.48..4.11
 
 ++  nvidia-cuda-cupti-cu12nvidia-cuda-cupti-cu12==12.==12.8.908.90
 
 + + nvidia-cuda-nvrtc-cu12nvidia-cuda-nvrtc-cu12==12==12.8..8.93
93 
 + + nvidia-cuda-runtime-cu12==12.8.90
 nvidia-cuda-runtime-cu12==12+ .8.90
 + nvidia-cudnn-cu12nvidia-cudnn-cu12==9.==919.19..0.560.56
 
 ++ nvidia-cufft-cu12 nvidia-cufft-cu12==11.==11.3.33.3.83.83
 
 ++ nvidia-cufile-cu12 nvidia-cufile-cu12==1.==1.13.113..1.33
 
 + + nvidia-curand-cu12nvidia-curand-cu12==10.==310.3..99..9090
 
 + + nvidia-cusolver-cu12nvidia-cusolver-cu12==11.==117.7..3.903.90
 
 + + nvidia-cusparse-cu12nvidia-cusparse-cu12==12.==12.55.8.8.93
.93
  + + nvidia-cusparselt-cu12nvidia-cusparselt-cu12==0.==0.7.7.11
 
 + + nvidia-nccl-cu12nvidia-nccl-cu12==2.==228.28..99
 
 + + nvidia-nvjitlink-cu12nvidia-nvjitlink-cu12==12.==12.8.938.93
 
 + + nvidia-nvshmem-cu12nvidia-nvshmem-cu12==3.==3.4.54.5
 
 ++  nvidia-nvtx-cu12nvidia-nvtx-cu12==12.==12.8.908.90
 
 + + pillowpillow==12.==12.2.02.0
 
 - - setuptoolssetuptools==83.==083.0..00
 
 + + setuptoolssetuptools==78.==781.1.0.0
 
 ~ ~ sympysympy==1.==1.14.014.0
 
 --  torchtorch==2.==2.13.013.0
 
 + + torchtorch==2.==211.11.0+.0+cu128cu128
 
 ++  torchaudiotorchaudio==2.==2.11.011.0+cu128+cu128
 
 + + torchvisiontorchvision==0.==0.26.026.0+cu128+cu128
 
 - - tritontriton==3.==3.7.17.
 1
 ++ triton triton==3.6==3.6.0.0
 
 - - typing-extensionstyping-extensions==4==4.16.16.0.0
 
 + + typing-extensions==4typing-extensions==4.15..15.0
0
[setup_env] After reinstall: torch=2.11.0+cu128, cuda=True
[setup_env] After reinstall: torch=2.11.0+cu128, cuda=True
[setup_env] Running pre-flight dependency check for XiaomiMiMo/MiMo-V2.5...
[setup_env] Running pre-flight dependency check for XiaomiMiMo/MiMo-V2.5...
11:47:29 [preflight] Pre-flight check for: XiaomiMiMo/MiMo-V2.5
11:47:29 [preflight] Pre-flight check for: XiaomiMiMo/MiMo-V2.5
11:47:29 [preflight] HTTP Request: GET https://huggingface.co/api/agent-harnesses "HTTP/1.1 200 OK"
11:47:29 [preflight] HTTP Request: GET https://huggingface.co/api/agent-harnesses "HTTP/1.1 200 OK"
11:47:29 [preflight] HTTP Request: HEAD https://huggingface.co/XiaomiMiMo/MiMo-V2.5/resolve/main/config.json "HTTP/1.1 307 Temporary Redirect"
11:47:29 [preflight] HTTP Request: HEAD https://huggingface.co/XiaomiMiMo/MiMo-V2.5/resolve/main/config.json "HTTP/1.1 307 Temporary Redirect"
11:47:29 [preflight] HTTP Request: HEAD https://huggingface.co/api/resolve-cache/models/XiaomiMiMo/MiMo-V2.5/63651580ca774f8504f676040460aed3e1244ac1/config.json "HTTP/1.1 200 OK"
11:47:29 [preflight] HTTP Request: HEAD https://huggingface.co/api/resolve-cache/models/XiaomiMiMo/MiMo-V2.5/63651580ca774f8504f676040460aed3e1244ac1/config.json "HTTP/1.1 200 OK"
11:47:29 [preflight] HTTP Request: GET https://huggingface.co/api/resolve-cache/models/XiaomiMiMo/MiMo-V2.5/63651580ca774f8504f676040460aed3e1244ac1/config.json "HTTP/1.1 200 OK"
11:47:29 [preflight] HTTP Request: GET https://huggingface.co/api/resolve-cache/models/XiaomiMiMo/MiMo-V2.5/63651580ca774f8504f676040460aed3e1244ac1/config.json "HTTP/1.1 200 OK"
11:47:29 [preflight]   model_type: mimo_v2
11:47:29 [preflight]   model_type: mimo_v2
11:47:29 [preflight]   auto_map: yes
11:47:29 [preflight]   auto_map: yes
11:47:29 [preflight]   transformers_version: 4.57.1
11:47:29 [preflight]   transformers_version: 4.57.1
11:47:31 [preflight] HTTP Request: HEAD https://huggingface.co/XiaomiMiMo/MiMo-V2.5/resolve/main/requirements.txt "HTTP/1.1 404 Not Found"
11:47:31 [preflight] HTTP Request: HEAD https://huggingface.co/XiaomiMiMo/MiMo-V2.5/resolve/main/requirements.txt "HTTP/1.1 404 Not Found"
11:47:32 [preflight] HTTP Request: HEAD https://huggingface.co/XiaomiMiMo/MiMo-V2.5/resolve/main/config.json "HTTP/1.1 307 Temporary Redirect"
11:47:32 [preflight] HTTP Request: HEAD https://huggingface.co/XiaomiMiMo/MiMo-V2.5/resolve/main/config.json "HTTP/1.1 307 Temporary Redirect"
11:47:32 [preflight] HTTP Request: HEAD https://huggingface.co/api/resolve-cache/models/XiaomiMiMo/MiMo-V2.5/63651580ca774f8504f676040460aed3e1244ac1/config.json "HTTP/1.1 200 OK"
11:47:32 [preflight] HTTP Request: HEAD https://huggingface.co/api/resolve-cache/models/XiaomiMiMo/MiMo-V2.5/63651580ca774f8504f676040460aed3e1244ac1/config.json "HTTP/1.1 200 OK"
11:47:32 [preflight] HTTP Request: HEAD https://huggingface.co/XiaomiMiMo/MiMo-V2.5/resolve/main/configuration_mimo_v2.py "HTTP/1.1 307 Temporary Redirect"
11:47:32 [preflight] HTTP Request: HEAD https://huggingface.co/XiaomiMiMo/MiMo-V2.5/resolve/main/configuration_mimo_v2.py "HTTP/1.1 307 Temporary Redirect"
11:47:32 [preflight] HTTP Request: HEAD https://huggingface.co/api/resolve-cache/models/XiaomiMiMo/MiMo-V2.5/63651580ca774f8504f676040460aed3e1244ac1/configuration_mimo_v2.py "HTTP/1.1 200 OK"
11:47:32 [preflight] HTTP Request: HEAD https://huggingface.co/api/resolve-cache/models/XiaomiMiMo/MiMo-V2.5/63651580ca774f8504f676040460aed3e1244ac1/configuration_mimo_v2.py "HTTP/1.1 200 OK"
11:47:32 [preflight] HTTP Request: GET https://huggingface.co/api/resolve-cache/models/XiaomiMiMo/MiMo-V2.5/63651580ca774f8504f676040460aed3e1244ac1/configuration_mimo_v2.py "HTTP/1.1 200 OK"
11:47:32 [preflight] HTTP Request: GET https://huggingface.co/api/resolve-cache/models/XiaomiMiMo/MiMo-V2.5/63651580ca774f8504f676040460aed3e1244ac1/configuration_mimo_v2.py "HTTP/1.1 200 OK"
[transformers] A new version of the following files was downloaded from https://huggingface.co/XiaomiMiMo/MiMo-V2.5:
- configuration_mimo_v2.py
. Make sure to double-check they do not contain any added malicious code. To avoid downloading new versions of the code file, you can pin a revision.
[transformers] A new version of the following files was downloaded from https://huggingface.co/XiaomiMiMo/MiMo-V2.5:
- configuration_mimo_v2.py
. Make sure to double-check they do not contain any added malicious code. To avoid downloading new versions of the code file, you can pin a revision.
11:47:32 [preflight] HTTP Request: HEAD https://huggingface.co/XiaomiMiMo/MiMo-V2.5/resolve/main/config.json "HTTP/1.1 307 Temporary Redirect"
11:47:32 [preflight] HTTP Request: HEAD https://huggingface.co/XiaomiMiMo/MiMo-V2.5/resolve/main/config.json "HTTP/1.1 307 Temporary Redirect"
11:47:32 [preflight] HTTP Request: HEAD https://huggingface.co/api/resolve-cache/models/XiaomiMiMo/MiMo-V2.5/63651580ca774f8504f676040460aed3e1244ac1/config.json "HTTP/1.1 200 OK"
11:47:32 [preflight] HTTP Request: HEAD https://huggingface.co/api/resolve-cache/models/XiaomiMiMo/MiMo-V2.5/63651580ca774f8504f676040460aed3e1244ac1/config.json "HTTP/1.1 200 OK"
/root/.venv/lib/python3.12/site-packages/transformers/modeling_rope_utils.py:1036: FutureWarning: `rope_config_validation` is deprecated and has been removed. Its functionality has been moved to RotaryEmbeddingConfigMixin.validate_rope method. PreTrainedConfig inherits this class, so please call self.validate_rope() instead. Also, make sure to use the new rope_parameters syntax. You can call self.standardize_rope_params() in the meantime.
  warnings.warn(
/root/.venv/lib/python3.12/site-packages/transformers/modeling_rope_utils.py:1036: FutureWarning: `rope_config_validation` is deprecated and has been removed. Its functionality has been moved to RotaryEmbeddingConfigMixin.validate_rope method. PreTrainedConfig inherits this class, so please call self.validate_rope() instead. Also, make sure to use the new rope_parameters syntax. You can call self.standardize_rope_params() in the meantime.
  warnings.warn(
11:47:32 [preflight]   ✓ All dependencies satisfied
11:47:32 [preflight]   ✓ All dependencies satisfied

[setup_env] Verification:

[setup_env] Verification:
  torch=2.11.0+cu128, cuda=True
  torch=2.11.0+cu128, cuda=True
  auto_round=0.14.2
  transformers=5.14.1
  auto_round=0.14.2
  transformers=5.14.1
  lm_eval=0.4.12
  lm_eval=0.4.12

=== Phase 1: DONE ===

=== Phase 1: DONE ===
[auto_v3] setup_env succeeded
[auto_v3] setup_env succeeded
[auto_v3] CUDA available at start — GPU will be enforced across fix attempts
[auto_v3] CUDA available at start — GPU will be enforced across fix attempts

═══════ Phase: quantize ═══════


═══════ Phase: quantize ═══════

=== Phase 2: Quantization ===
=== Phase 2: Quantization ===
  model=XiaomiMiMo/MiMo-V2.5
  scheme=W4A16
  iters=0
  export_format=auto_round
  model=XiaomiMiMo/MiMo-V2.5
  scheme=W4A16
  iters=0
  export_format=auto_round
  model_free=false
  model_free=false
  ignore_layers=<default>
  ignore_layers=<default>
  layer_config=<none>
  layer_config=<none>
  output_dir=/root/_work/1/s/auto_quant/output/runs/MiMo-V2.5-AutoRound-W4A16-RTN/quantized_model
  output_dir=/root/_work/1/s/auto_quant/output/runs/MiMo-V2.5-AutoRound-W4A16-RTN/quantized_model
11:47:51 [INFO] Quantization compute device: cuda:0 (device_map=0)
11:47:51 [INFO] Quantization compute device: cuda:0 (device_map=0)
11:47:51 [INFO] GPU0 free VRAM: 139.3GB / 139.8GB (min required: 2.0GB)
11:47:51 [INFO] GPU0 free VRAM: 139.3GB / 139.8GB (min required: 2.0GB)
11:47:51 [INFO] Model: XiaomiMiMo/MiMo-V2.5
11:47:51 [INFO] Model: XiaomiMiMo/MiMo-V2.5
11:47:51 [INFO] Scheme: W4A16 → AutoRound scheme='W4A16'
11:47:51 [INFO] Scheme: W4A16 → AutoRound scheme='W4A16'
11:47:51 [INFO] Iters: 0 (RTN)
11:47:51 [INFO] Iters: 0 (RTN)
11:47:51 [INFO] Export format: auto_round
11:47:51 [INFO] Export format: auto_round
11:47:51 [INFO] Output: /root/_work/1/s/auto_quant/output/runs/MiMo-V2.5-AutoRound-W4A16-RTN/quantized_model
11:47:51 [INFO] Output: /root/_work/1/s/auto_quant/output/runs/MiMo-V2.5-AutoRound-W4A16-RTN/quantized_model
11:47:51 [INFO] Device map: auto → effective: 0
11:47:51 [INFO] Device map: auto → effective: 0
11:47:51 [INFO] Loading tokenizer...
11:47:51 [INFO] Loading tokenizer...
11:47:51 [INFO] HTTP Request: HEAD https://huggingface.co/XiaomiMiMo/MiMo-V2.5/resolve/main/config.json "HTTP/1.1 307 Temporary Redirect"
11:47:51 [INFO] HTTP Request: HEAD https://huggingface.co/XiaomiMiMo/MiMo-V2.5/resolve/main/config.json "HTTP/1.1 307 Temporary Redirect"
11:47:51 [INFO] HTTP Request: HEAD https://huggingface.co/api/resolve-cache/models/XiaomiMiMo/MiMo-V2.5/63651580ca774f8504f676040460aed3e1244ac1/config.json "HTTP/1.1 200 OK"
11:47:51 [INFO] HTTP Request: HEAD https://huggingface.co/api/resolve-cache/models/XiaomiMiMo/MiMo-V2.5/63651580ca774f8504f676040460aed3e1244ac1/config.json "HTTP/1.1 200 OK"
11:47:51 [INFO] HTTP Request: HEAD https://huggingface.co/XiaomiMiMo/MiMo-V2.5/resolve/main/configuration_mimo_v2.py "HTTP/1.1 307 Temporary Redirect"
11:47:51 [INFO] HTTP Request: HEAD https://huggingface.co/XiaomiMiMo/MiMo-V2.5/resolve/main/configuration_mimo_v2.py "HTTP/1.1 307 Temporary Redirect"
11:47:51 [INFO] HTTP Request: HEAD https://huggingface.co/api/resolve-cache/models/XiaomiMiMo/MiMo-V2.5/63651580ca774f8504f676040460aed3e1244ac1/configuration_mimo_v2.py "HTTP/1.1 200 OK"
11:47:51 [INFO] HTTP Request: HEAD https://huggingface.co/api/resolve-cache/models/XiaomiMiMo/MiMo-V2.5/63651580ca774f8504f676040460aed3e1244ac1/configuration_mimo_v2.py "HTTP/1.1 200 OK"
11:47:51 [INFO] HTTP Request: HEAD https://huggingface.co/XiaomiMiMo/MiMo-V2.5/resolve/main/config.json "HTTP/1.1 307 Temporary Redirect"
11:47:51 [INFO] HTTP Request: HEAD https://huggingface.co/XiaomiMiMo/MiMo-V2.5/resolve/main/config.json "HTTP/1.1 307 Temporary Redirect"
11:47:51 [INFO] HTTP Request: HEAD https://huggingface.co/api/resolve-cache/models/XiaomiMiMo/MiMo-V2.5/63651580ca774f8504f676040460aed3e1244ac1/config.json "HTTP/1.1 200 OK"
11:47:51 [INFO] HTTP Request: HEAD https://huggingface.co/api/resolve-cache/models/XiaomiMiMo/MiMo-V2.5/63651580ca774f8504f676040460aed3e1244ac1/config.json "HTTP/1.1 200 OK"
/root/.venv/lib/python3.12/site-packages/transformers/modeling_rope_utils.py:1036: FutureWarning: `rope_config_validation` is deprecated and has been removed. Its functionality has been moved to RotaryEmbeddingConfigMixin.validate_rope method. PreTrainedConfig inherits this class, so please call self.validate_rope() instead. Also, make sure to use the new rope_parameters syntax. You can call self.standardize_rope_params() in the meantime.
  warnings.warn(
/root/.venv/lib/python3.12/site-packages/transformers/modeling_rope_utils.py:1036: FutureWarning: `rope_config_validation` is deprecated and has been removed. Its functionality has been moved to RotaryEmbeddingConfigMixin.validate_rope method. PreTrainedConfig inherits this class, so please call self.validate_rope() instead. Also, make sure to use the new rope_parameters syntax. You can call self.standardize_rope_params() in the meantime.
  warnings.warn(
11:47:51 [INFO] HTTP Request: HEAD https://huggingface.co/XiaomiMiMo/MiMo-V2.5/resolve/main/tokenizer_config.json "HTTP/1.1 307 Temporary Redirect"
11:47:51 [INFO] HTTP Request: HEAD https://huggingface.co/XiaomiMiMo/MiMo-V2.5/resolve/main/tokenizer_config.json "HTTP/1.1 307 Temporary Redirect"
11:47:51 [INFO] HTTP Request: HEAD https://huggingface.co/api/resolve-cache/models/XiaomiMiMo/MiMo-V2.5/63651580ca774f8504f676040460aed3e1244ac1/tokenizer_config.json "HTTP/1.1 200 OK"
11:47:51 [INFO] HTTP Request: HEAD https://huggingface.co/api/resolve-cache/models/XiaomiMiMo/MiMo-V2.5/63651580ca774f8504f676040460aed3e1244ac1/tokenizer_config.json "HTTP/1.1 200 OK"
11:47:51 [INFO] HTTP Request: GET https://huggingface.co/api/resolve-cache/models/XiaomiMiMo/MiMo-V2.5/63651580ca774f8504f676040460aed3e1244ac1/tokenizer_config.json "HTTP/1.1 200 OK"
11:47:51 [INFO] HTTP Request: GET https://huggingface.co/api/resolve-cache/models/XiaomiMiMo/MiMo-V2.5/63651580ca774f8504f676040460aed3e1244ac1/tokenizer_config.json "HTTP/1.1 200 OK"
11:47:51 [INFO] HTTP Request: GET https://huggingface.co/api/models/XiaomiMiMo/MiMo-V2.5/tree/main/additional_chat_templates?recursive=false&expand=false "HTTP/1.1 404 Not Found"
11:47:51 [INFO] HTTP Request: GET https://huggingface.co/api/models/XiaomiMiMo/MiMo-V2.5/tree/main/additional_chat_templates?recursive=false&expand=false "HTTP/1.1 404 Not Found"
11:47:51 [INFO] HTTP Request: GET https://huggingface.co/api/models/XiaomiMiMo/MiMo-V2.5/tree/main?recursive=true&expand=false "HTTP/1.1 200 OK"
11:47:51 [INFO] HTTP Request: GET https://huggingface.co/api/models/XiaomiMiMo/MiMo-V2.5/tree/main?recursive=true&expand=false "HTTP/1.1 200 OK"
11:47:51 [INFO] HTTP Request: HEAD https://huggingface.co/XiaomiMiMo/MiMo-V2.5/resolve/main/vocab.json "HTTP/1.1 307 Temporary Redirect"
11:47:51 [INFO] HTTP Request: HEAD https://huggingface.co/XiaomiMiMo/MiMo-V2.5/resolve/main/vocab.json "HTTP/1.1 307 Temporary Redirect"
11:47:51 [INFO] HTTP Request: HEAD https://huggingface.co/api/resolve-cache/models/XiaomiMiMo/MiMo-V2.5/63651580ca774f8504f676040460aed3e1244ac1/vocab.json "HTTP/1.1 200 OK"
11:47:51 [INFO] HTTP Request: HEAD https://huggingface.co/api/resolve-cache/models/XiaomiMiMo/MiMo-V2.5/63651580ca774f8504f676040460aed3e1244ac1/vocab.json "HTTP/1.1 200 OK"
11:47:51 [INFO] HTTP Request: GET https://huggingface.co/api/resolve-cache/models/XiaomiMiMo/MiMo-V2.5/63651580ca774f8504f676040460aed3e1244ac1/vocab.json "HTTP/1.1 200 OK"
11:47:51 [INFO] HTTP Request: GET https://huggingface.co/api/resolve-cache/models/XiaomiMiMo/MiMo-V2.5/63651580ca774f8504f676040460aed3e1244ac1/vocab.json "HTTP/1.1 200 OK"
11:47:52 [INFO] HTTP Request: HEAD https://huggingface.co/XiaomiMiMo/MiMo-V2.5/resolve/main/merges.txt "HTTP/1.1 307 Temporary Redirect"
11:47:52 [INFO] HTTP Request: HEAD https://huggingface.co/XiaomiMiMo/MiMo-V2.5/resolve/main/merges.txt "HTTP/1.1 307 Temporary Redirect"
11:47:52 [INFO] HTTP Request: HEAD https://huggingface.co/api/resolve-cache/models/XiaomiMiMo/MiMo-V2.5/63651580ca774f8504f676040460aed3e1244ac1/merges.txt "HTTP/1.1 200 OK"
11:47:52 [INFO] HTTP Request: HEAD https://huggingface.co/api/resolve-cache/models/XiaomiMiMo/MiMo-V2.5/63651580ca774f8504f676040460aed3e1244ac1/merges.txt "HTTP/1.1 200 OK"
11:47:52 [INFO] HTTP Request: GET https://huggingface.co/api/resolve-cache/models/XiaomiMiMo/MiMo-V2.5/63651580ca774f8504f676040460aed3e1244ac1/merges.txt "HTTP/1.1 200 OK"
11:47:52 [INFO] HTTP Request: GET https://huggingface.co/api/resolve-cache/models/XiaomiMiMo/MiMo-V2.5/63651580ca774f8504f676040460aed3e1244ac1/merges.txt "HTTP/1.1 200 OK"
11:47:52 [INFO] HTTP Request: HEAD https://huggingface.co/XiaomiMiMo/MiMo-V2.5/resolve/main/tokenizer.json "HTTP/1.1 307 Temporary Redirect"
11:47:52 [INFO] HTTP Request: HEAD https://huggingface.co/XiaomiMiMo/MiMo-V2.5/resolve/main/tokenizer.json "HTTP/1.1 307 Temporary Redirect"
11:47:52 [INFO] HTTP Request: HEAD https://huggingface.co/api/resolve-cache/models/XiaomiMiMo/MiMo-V2.5/63651580ca774f8504f676040460aed3e1244ac1/tokenizer.json "HTTP/1.1 200 OK"
11:47:52 [INFO] HTTP Request: HEAD https://huggingface.co/api/resolve-cache/models/XiaomiMiMo/MiMo-V2.5/63651580ca774f8504f676040460aed3e1244ac1/tokenizer.json "HTTP/1.1 200 OK"
11:47:52 [INFO] HTTP Request: GET https://huggingface.co/api/resolve-cache/models/XiaomiMiMo/MiMo-V2.5/63651580ca774f8504f676040460aed3e1244ac1/tokenizer.json "HTTP/1.1 200 OK"
11:47:52 [INFO] HTTP Request: GET https://huggingface.co/api/resolve-cache/models/XiaomiMiMo/MiMo-V2.5/63651580ca774f8504f676040460aed3e1244ac1/tokenizer.json "HTTP/1.1 200 OK"
11:47:52 [INFO] HTTP Request: HEAD https://huggingface.co/XiaomiMiMo/MiMo-V2.5/resolve/main/added_tokens.json "HTTP/1.1 404 Not Found"
11:47:52 [INFO] HTTP Request: HEAD https://huggingface.co/XiaomiMiMo/MiMo-V2.5/resolve/main/added_tokens.json "HTTP/1.1 404 Not Found"
11:47:52 [INFO] HTTP Request: HEAD https://huggingface.co/XiaomiMiMo/MiMo-V2.5/resolve/main/special_tokens_map.json "HTTP/1.1 404 Not Found"
11:47:52 [INFO] HTTP Request: HEAD https://huggingface.co/XiaomiMiMo/MiMo-V2.5/resolve/main/special_tokens_map.json "HTTP/1.1 404 Not Found"
11:47:52 [INFO] HTTP Request: HEAD https://huggingface.co/XiaomiMiMo/MiMo-V2.5/resolve/main/chat_template.jinja "HTTP/1.1 404 Not Found"
11:47:52 [INFO] HTTP Request: HEAD https://huggingface.co/XiaomiMiMo/MiMo-V2.5/resolve/main/chat_template.jinja "HTTP/1.1 404 Not Found"
11:47:52 [INFO] HTTP Request: GET https://huggingface.co/api/models/XiaomiMiMo/MiMo-V2.5 "HTTP/1.1 200 OK"
11:47:52 [INFO] HTTP Request: GET https://huggingface.co/api/models/XiaomiMiMo/MiMo-V2.5 "HTTP/1.1 200 OK"
11:47:52 [INFO] Loading model...
11:47:52 [INFO] Loading model...
11:47:53 [INFO] HTTP Request: HEAD https://huggingface.co/XiaomiMiMo/MiMo-V2.5/resolve/main/config.json "HTTP/1.1 307 Temporary Redirect"
11:47:53 [INFO] HTTP Request: HEAD https://huggingface.co/XiaomiMiMo/MiMo-V2.5/resolve/main/config.json "HTTP/1.1 307 Temporary Redirect"
11:47:53 [INFO] HTTP Request: HEAD https://huggingface.co/api/resolve-cache/models/XiaomiMiMo/MiMo-V2.5/63651580ca774f8504f676040460aed3e1244ac1/config.json "HTTP/1.1 200 OK"
11:47:53 [INFO] HTTP Request: HEAD https://huggingface.co/api/resolve-cache/models/XiaomiMiMo/MiMo-V2.5/63651580ca774f8504f676040460aed3e1244ac1/config.json "HTTP/1.1 200 OK"
11:47:53 [INFO] HTTP Request: HEAD https://huggingface.co/XiaomiMiMo/MiMo-V2.5/resolve/main/configuration_mimo_v2.py "HTTP/1.1 307 Temporary Redirect"
11:47:53 [INFO] HTTP Request: HEAD https://huggingface.co/XiaomiMiMo/MiMo-V2.5/resolve/main/configuration_mimo_v2.py "HTTP/1.1 307 Temporary Redirect"
11:47:53 [INFO] HTTP Request: HEAD https://huggingface.co/api/resolve-cache/models/XiaomiMiMo/MiMo-V2.5/63651580ca774f8504f676040460aed3e1244ac1/configuration_mimo_v2.py "HTTP/1.1 200 OK"
11:47:53 [INFO] HTTP Request: HEAD https://huggingface.co/api/resolve-cache/models/XiaomiMiMo/MiMo-V2.5/63651580ca774f8504f676040460aed3e1244ac1/configuration_mimo_v2.py "HTTP/1.1 200 OK"
11:47:53 [INFO] HTTP Request: HEAD https://huggingface.co/XiaomiMiMo/MiMo-V2.5/resolve/main/modeling_mimo_v2.py "HTTP/1.1 307 Temporary Redirect"
11:47:53 [INFO] HTTP Request: HEAD https://huggingface.co/XiaomiMiMo/MiMo-V2.5/resolve/main/modeling_mimo_v2.py "HTTP/1.1 307 Temporary Redirect"
11:47:53 [INFO] HTTP Request: HEAD https://huggingface.co/api/resolve-cache/models/XiaomiMiMo/MiMo-V2.5/63651580ca774f8504f676040460aed3e1244ac1/modeling_mimo_v2.py "HTTP/1.1 200 OK"
11:47:53 [INFO] HTTP Request: HEAD https://huggingface.co/api/resolve-cache/models/XiaomiMiMo/MiMo-V2.5/63651580ca774f8504f676040460aed3e1244ac1/modeling_mimo_v2.py "HTTP/1.1 200 OK"
11:47:53 [INFO] HTTP Request: GET https://huggingface.co/api/resolve-cache/models/XiaomiMiMo/MiMo-V2.5/63651580ca774f8504f676040460aed3e1244ac1/modeling_mimo_v2.py "HTTP/1.1 200 OK"
11:47:53 [INFO] HTTP Request: GET https://huggingface.co/api/resolve-cache/models/XiaomiMiMo/MiMo-V2.5/63651580ca774f8504f676040460aed3e1244ac1/modeling_mimo_v2.py "HTTP/1.1 200 OK"
[transformers] A new version of the following files was downloaded from https://huggingface.co/XiaomiMiMo/MiMo-V2.5:
- modeling_mimo_v2.py
. Make sure to double-check they do not contain any added malicious code. To avoid downloading new versions of the code file, you can pin a revision.
[transformers] A new version of the following files was downloaded from https://huggingface.co/XiaomiMiMo/MiMo-V2.5:
- modeling_mimo_v2.py
. Make sure to double-check they do not contain any added malicious code. To avoid downloading new versions of the code file, you can pin a revision.
11:47:53 [INFO] HTTP Request: HEAD https://huggingface.co/XiaomiMiMo/MiMo-V2.5/resolve/main/model.safetensors "HTTP/1.1 404 Not Found"
11:47:53 [INFO] HTTP Request: HEAD https://huggingface.co/XiaomiMiMo/MiMo-V2.5/resolve/main/model.safetensors "HTTP/1.1 404 Not Found"
11:47:53 [INFO] HTTP Request: HEAD https://huggingface.co/XiaomiMiMo/MiMo-V2.5/resolve/main/model.safetensors.index.json "HTTP/1.1 307 Temporary Redirect"
11:47:53 [INFO] HTTP Request: HEAD https://huggingface.co/XiaomiMiMo/MiMo-V2.5/resolve/main/model.safetensors.index.json "HTTP/1.1 307 Temporary Redirect"
11:47:53 [INFO] HTTP Request: HEAD https://huggingface.co/api/resolve-cache/models/XiaomiMiMo/MiMo-V2.5/63651580ca774f8504f676040460aed3e1244ac1/model.safetensors.index.json "HTTP/1.1 200 OK"
11:47:53 [INFO] HTTP Request: HEAD https://huggingface.co/api/resolve-cache/models/XiaomiMiMo/MiMo-V2.5/63651580ca774f8504f676040460aed3e1244ac1/model.safetensors.index.json "HTTP/1.1 200 OK"
11:47:53 [INFO] HTTP Request: GET https://huggingface.co/api/resolve-cache/models/XiaomiMiMo/MiMo-V2.5/63651580ca774f8504f676040460aed3e1244ac1/model.safetensors.index.json "HTTP/1.1 200 OK"
11:47:53 [INFO] HTTP Request: GET https://huggingface.co/api/resolve-cache/models/XiaomiMiMo/MiMo-V2.5/63651580ca774f8504f676040460aed3e1244ac1/model.safetensors.index.json "HTTP/1.1 200 OK"
11:47:53 [INFO] HTTP Request: GET https://huggingface.co/api/models/XiaomiMiMo/MiMo-V2.5/revision/main "HTTP/1.1 200 OK"
11:47:53 [INFO] HTTP Request: GET https://huggingface.co/api/models/XiaomiMiMo/MiMo-V2.5/revision/main "HTTP/1.1 200 OK"
11:47:53 [INFO] HTTP Request: GET https://huggingface.co/api/models/XiaomiMiMo/MiMo-V2.5/tree/63651580ca774f8504f676040460aed3e1244ac1?recursive=true&expand=false "HTTP/1.1 200 OK"
11:47:53 [INFO] HTTP Request: GET https://huggingface.co/api/models/XiaomiMiMo/MiMo-V2.5/tree/63651580ca774f8504f676040460aed3e1244ac1?recursive=true&expand=false "HTTP/1.1 200 OK"
/root/.venv/lib/python3.12/site-packages/huggingface_hub/file_download.py:746: UserWarning: Not enough free disk space to download the file. The expected file size is: 3490.62 MB. The target location /root/.cache/huggingface/hub/models--XiaomiMiMo--MiMo-V2.5/blobs only has 2400.75 MB free disk space.
  warnings.warn(
/root/.venv/lib/python3.12/site-packages/huggingface_hub/file_download.py:746: UserWarning: Not enough free disk space to download the file. The expected file size is: 3490.62 MB. The target location /root/.cache/huggingface/hub/models--XiaomiMiMo--MiMo-V2.5/blobs only has 2400.75 MB free disk space.
  warnings.warn(
/root/.venv/lib/python3.12/site-packages/huggingface_hub/file_download.py:746: UserWarning: Not enough free disk space to download the file. The expected file size is: 34369.17 MB. The target location /root/.cache/huggingface/hub/models--XiaomiMiMo--MiMo-V2.5/blobs only has 14187.71 MB free disk space.
  warnings.warn(
/root/.venv/lib/python3.12/site-packages/huggingface_hub/file_download.py:746: UserWarning: Not enough free disk space to download the file. The expected file size is: 34369.17 MB. The target location /root/.cache/huggingface/hub/models--XiaomiMiMo--MiMo-V2.5/blobs only has 14187.71 MB free disk space.
  warnings.warn(
11:53:48 [ERROR] Quantization failed: Task error: File reconstruction error: IO Error: No space left on device (os error 28)
11:53:48 [ERROR] Quantization failed: Task error: File reconstruction error: IO Error: No space left on device (os error 28)
Traceback (most recent call last):
Traceback (most recent call last):
  File "/root/_work/1/s/auto_quant/phases/quantize.py", line 479, in <module>
    quantize(args)
  File "/root/_work/1/s/auto_quant/phases/quantize.py", line 293, in quantize
    model = AutoModelForCausalLM.from_pretrained(
            ^^^^^^^^^^^^^^^^^^^^^^^^^^^^^^^^^^^^^
  File "/root/.venv/lib/python3.12/site-packages/auto_round/utils/common.py", line 140, in patched
    return underlying_func(klass, *args, **kwargs)
           ^^^^^^^^^^^^^^^^^^^^^^^^^^^^^^^^^^^^^^^
  File "/root/.venv/lib/python3.12/site-packages/transformers/models/auto/auto_factory.py", line 385, in from_pretrained
    return model_class.from_pretrained(
           ^^^^^^^^^^^^^^^^^^^^^^^^^^^^
  File "/root/.venv/lib/python3.12/site-packages/transformers/modeling_utils.py", line 4355, in from_pretrained
    checkpoint_files, sharded_metadata = _get_resolved_checkpoint_files(
                                         ^^^^^^^^^^^^^^^^^^^^^^^^^^^^^^^
  File "/root/_work/1/s/auto_quant/phases/quantize.py", line 479, in <module>
    quantize(args)
  File "/root/_work/1/s/auto_quant/phases/quantize.py", line 293, in quantize
    model = AutoModelForCausalLM.from_pretrained(
            ^^^^^^^^^^^^^^^^^^^^^^^^^^^^^^^^^^^^^
  File "/root/.venv/lib/python3.12/site-packages/auto_round/utils/common.py", line 140, in patched
    return underlying_func(klass, *args, **kwargs)
           ^^^^^^^^^^^^^^^^^^^^^^^^^^^^^^^^^^^^^^^
  File "/root/.venv/lib/python3.12/site-packages/transformers/models/auto/auto_factory.py", line 385, in from_pretrained
    return model_class.from_pretrained(
           ^^^^^^^^^^^^^^^^^^^^^^^^^^^^
  File "/root/.venv/lib/python3.12/site-packages/transformers/modeling_utils.py", line 4355, in from_pretrained
    checkpoint_files, sharded_metadata = _get_resolved_checkpoint_files(
                                         ^^^^^^^^^^^^^^^^^^^^^^^^^^^^^^^
  File "/root/.venv/lib/python3.12/site-packages/transformers/modeling_utils.py", line 814, in _get_resolved_checkpoint_files
    checkpoint_files, sharded_metadata = get_checkpoint_shard_files(
                                         ^^^^^^^^^^^^^^^^^^^^^^^^^^^
  File "/root/.venv/lib/python3.12/site-packages/transformers/utils/hub.py", line 894, in get_checkpoint_shard_files
    cached_filenames = cached_files(
                       ^^^^^^^^^^^^^
  File "/root/.venv/lib/python3.12/site-packages/transformers/utils/hub.py", line 527, in cached_files
    raise e
  File "/root/.venv/lib/python3.12/site-packages/transformers/utils/hub.py", line 452, in cached_files
    snapshot_download(
  File "/root/.venv/lib/python3.12/site-packages/huggingface_hub/utils/_validators.py", line 88, in _inner_fn
    return fn(*args, **kwargs)
           ^^^^^^^^^^^^^^^^^^^
  File "/root/.venv/lib/python3.12/site-packages/huggingface_hub/_snapshot_download.py", line 522, in snapshot_download
    hf_thread_map(
  File "/root/.venv/lib/python3.12/site-packages/huggingface_hub/utils/tqdm.py", line 441, in hf_thread_map
    results[future_to_index[future]] = future.result()
                                       ^^^^^^^^^^^^^^^
  File "/root/.local/share/uv/python/cpython-3.12.13-linux-x86_64-gnu/lib/python3.12/concurrent/futures/_base.py", line 449, in result
    return self.__get_result()
           ^^^^^^^^^^^^^^^^^^^
  File "/root/.local/share/uv/python/cpython-3.12.13-linux-x86_64-gnu/lib/python3.12/concurrent/futures/_base.py", line 401, in __get_result
    raise self._exception
  File "/root/.venv/lib/python3.12/site-packages/transformers/modeling_utils.py", line 814, in _get_resolved_checkpoint_files
    checkpoint_files, sharded_metadata = get_checkpoint_shard_files(
                                         ^^^^^^^^^^^^^^^^^^^^^^^^^^^
  File "/root/.venv/lib/python3.12/site-packages/transformers/utils/hub.py", line 894, in get_checkpoint_shard_files
    cached_filenames = cached_files(
                       ^^^^^^^^^^^^^
  File "/root/.venv/lib/python3.12/site-packages/transformers/utils/hub.py", line 527, in cached_files
    raise e
  File "/root/.venv/lib/python3.12/site-packages/transformers/utils/hub.py", line 452, in cached_files
    snapshot_download(
  File "/root/.venv/lib/python3.12/site-packages/huggingface_hub/utils/_validators.py", line 88, in _inner_fn
    return fn(*args, **kwargs)
           ^^^^^^^^^^^^^^^^^^^
  File "/root/.venv/lib/python3.12/site-packages/huggingface_hub/_snapshot_download.py", line 522, in snapshot_download
    hf_thread_map(
  File "/root/.local/share/uv/python/cpython-3.12.13-linux-x86_64-gnu/lib/python3.12/concurrent/futures/thread.py", line 59, in run
    result = self.fn(*self.args, **self.kwargs)
             ^^^^^^^^^^^^^^^^^^^^^^^^^^^^^^^^^^
  File "/root/.venv/lib/python3.12/site-packages/huggingface_hub/_snapshot_download.py", line 502, in _inner_hf_hub_download
    hf_hub_download(  # type: ignore
  File "/root/.venv/lib/python3.12/site-packages/huggingface_hub/utils/tqdm.py", line 441, in hf_thread_map
    results[future_to_index[future]] = future.result()
                                       ^^^^^^^^^^^^^^^
  File "/root/.local/share/uv/python/cpython-3.12.13-linux-x86_64-gnu/lib/python3.12/concurrent/futures/_base.py", line 449, in result
    return self.__get_result()
           ^^^^^^^^^^^^^^^^^^^
  File "/root/.local/share/uv/python/cpython-3.12.13-linux-x86_64-gnu/lib/python3.12/concurrent/futures/_base.py", line 401, in __get_result
    raise self._exception
  File "/root/.local/share/uv/python/cpython-3.12.13-linux-x86_64-gnu/lib/python3.12/concurrent/futures/thread.py", line 59, in run
    result = self.fn(*self.args, **self.kwargs)
             ^^^^^^^^^^^^^^^^^^^^^^^^^^^^^^^^^^
  File "/root/.venv/lib/python3.12/site-packages/huggingface_hub/utils/_validators.py", line 88, in _inner_fn
    return fn(*args, **kwargs)
           ^^^^^^^^^^^^^^^^^^^
  File "/root/.venv/lib/python3.12/site-packages/huggingface_hub/file_download.py", line 1019, in hf_hub_download
    return _hf_hub_download_to_cache_dir(
           ^^^^^^^^^^^^^^^^^^^^^^^^^^^^^^
  File "/root/.venv/lib/python3.12/site-packages/huggingface_hub/file_download.py", line 1242, in _hf_hub_download_to_cache_dir
    _download_to_tmp_and_move(
  File "/root/.venv/lib/python3.12/site-packages/huggingface_hub/file_download.py", line 1932, in _download_to_tmp_and_move
    xet_get(
  File "/root/.venv/lib/python3.12/site-packages/huggingface_hub/file_download.py", line 565, in xet_get
    with session.new_file_download_group(
         ^^^^^^^^^^^^^^^^^^^^^^^^^^^^^^^^
RuntimeError: Task error: File reconstruction error: IO Error: No space left on device (os error 28)
  File "/root/.venv/lib/python3.12/site-packages/huggingface_hub/_snapshot_download.py", line 502, in _inner_hf_hub_download
    hf_hub_download(  # type: ignore
  File "/root/.venv/lib/python3.12/site-packages/huggingface_hub/utils/_validators.py", line 88, in _inner_fn
    return fn(*args, **kwargs)
           ^^^^^^^^^^^^^^^^^^^
  File "/root/.venv/lib/python3.12/site-packages/huggingface_hub/file_download.py", line 1019, in hf_hub_download
    return _hf_hub_download_to_cache_dir(
           ^^^^^^^^^^^^^^^^^^^^^^^^^^^^^^
  File "/root/.venv/lib/python3.12/site-packages/huggingface_hub/file_download.py", line 1242, in _hf_hub_download_to_cache_dir
    _download_to_tmp_and_move(
  File "/root/.venv/lib/python3.12/site-packages/huggingface_hub/file_download.py", line 1932, in _download_to_tmp_and_move
    xet_get(
  File "/root/.venv/lib/python3.12/site-packages/huggingface_hub/file_download.py", line 565, in xet_get
    with session.new_file_download_group(
         ^^^^^^^^^^^^^^^^^^^^^^^^^^^^^^^^
RuntimeError: Task error: File reconstruction error: IO Error: No space left on device (os error 28)
[auto_v3] quantize failed (exit=1), entering agent fix loop
[auto_v3] quantize failed (exit=1), entering agent fix loop

═══════ Agent fix attempt 1/10 for quantize ═══════


═══════ Agent fix attempt 1/10 for quantize ═══════

[auto_v3] L1 taxonomy class: unknown (progress=layer -1)
[auto_v3] L1 taxonomy class: unknown (progress=layer -1)
[auto_v3] Loaded lessons for agent (let agent decide relevance)
[auto_v3] Loaded lessons for agent (let agent decide relevance)
[auto_v3] Calling openclaw agent (session=fix_quantize_358_1785757665, timeout=600s)...
[auto_v3]   Session file: /root/.openclaw/agents/main/sessions/fix_quantize_358_1785757665.jsonl
[auto_v3] Calling openclaw agent (session=fix_quantize_358_1785757665, timeout=600s)...
[auto_v3]   Session file: /root/.openclaw/agents/main/sessions/fix_quantize_358_1785757665.jsonl
Config was last written by a newer OpenClaw (2026.6.8); current version is 2026.3.24.
Config was last written by a newer OpenClaw (2026.6.8); current version is 2026.3.24.
Config was last written by a newer OpenClaw (2026.6.8); current version is 2026.3.24.
Config was last written by a newer OpenClaw (2026.6.8); current version is 2026.3.24.
Config was last written by a newer OpenClaw (2026.6.8); current version is 2026.3.24.
Config was last written by a newer OpenClaw (2026.6.8); current version is 2026.3.24.
Config was last written by a newer OpenClaw (2026.6.8); current version is 2026.3.24.
Config was last written by a newer OpenClaw (2026.6.8); current version is 2026.3.24.
Config was last written by a newer OpenClaw (2026.6.8); current version is 2026.3.24.
Config was last written by a newer OpenClaw (2026.6.8); current version is 2026.3.24.
Config was last written by a newer OpenClaw (2026.6.8); current version is 2026.3.24.
Config was last written by a newer OpenClaw (2026.6.8); current version is 2026.3.24.
Config was last written by a newer OpenClaw (2026.6.8); current version is 2026.3.24.
Config was last written by a newer OpenClaw (2026.6.8); current version is 2026.3.24.
Config was last written by a newer OpenClaw (2026.6.8); current version is 2026.3.24.
Config was last written by a newer OpenClaw (2026.6.8); current version is 2026.3.24.
Config was last written by a newer OpenClaw (2026.6.8); current version is 2026.3.24.
Config was last written by a newer OpenClaw (2026.6.8); current version is 2026.3.24.
Config was last written by a newer OpenClaw (2026.6.8); current version is 2026.3.24.
Config was last written by a newer OpenClaw (2026.6.8); current version is 2026.3.24.
Config was last written by a newer OpenClaw (2026.6.8); current version is 2026.3.24.
Config was last written by a newer OpenClaw (2026.6.8); current version is 2026.3.24.
Config was last written by a newer OpenClaw (2026.6.8); current version is 2026.3.24.
Config was last written by a newer OpenClaw (2026.6.8); current version is 2026.3.24.
Config was last written by a newer OpenClaw (2026.6.8); current version is 2026.3.24.
Config was last written by a newer OpenClaw (2026.6.8); current version is 2026.3.24.
Config was last written by a newer OpenClaw (2026.6.8); current version is 2026.3.24.
Config was last written by a newer OpenClaw (2026.6.8); current version is 2026.3.24.
Config was last written by a newer OpenClaw (2026.6.8); current version is 2026.3.24.
Config was last written by a newer OpenClaw (2026.6.8); current version is 2026.3.24.
Config was last written by a newer OpenClaw (2026.6.8); current version is 2026.3.24.
Config was last written by a newer OpenClaw (2026.6.8); current version is 2026.3.24.
Config was last written by a newer OpenClaw (2026.6.8); current version is 2026.3.24.
Config was last written by a newer OpenClaw (2026.6.8); current version is 2026.3.24.
Config was last written by a newer OpenClaw (2026.6.8); current version is 2026.3.24.
Config was last written by a newer OpenClaw (2026.6.8); current version is 2026.3.24.
Config was last written by a newer OpenClaw (2026.6.8); current version is 2026.3.24.
Config was last written by a newer OpenClaw (2026.6.8); current version is 2026.3.24.
Config was last written by a newer OpenClaw (2026.6.8); current version is 2026.3.24.
Config was last written by a newer OpenClaw (2026.6.8); current version is 2026.3.24.
Config was last written by a newer OpenClaw (2026.6.8); current version is 2026.3.24.
Config was last written by a newer OpenClaw (2026.6.8); current version is 2026.3.24.
Config was last written by a newer OpenClaw (2026.6.8); current version is 2026.3.24.
Config was last written by a newer OpenClaw (2026.6.8); current version is 2026.3.24.
Config was last written by a newer OpenClaw (2026.6.8); current version is 2026.3.24.
Config was last written by a newer OpenClaw (2026.6.8); current version is 2026.3.24.
Config was last written by a newer OpenClaw (2026.6.8); current version is 2026.3.24.
Config was last written by a newer OpenClaw (2026.6.8); current version is 2026.3.24.
Config was last written by a newer OpenClaw (2026.6.8); current version is 2026.3.24.
Config was last written by a newer OpenClaw (2026.6.8); current version is 2026.3.24.
Config was last written by a newer OpenClaw (2026.6.8); current version is 2026.3.24.
Config was last written by a newer OpenClaw (2026.6.8); current version is 2026.3.24.
Config was last written by a newer OpenClaw (2026.6.8); current version is 2026.3.24.
Config was last written by a newer OpenClaw (2026.6.8); current version is 2026.3.24.
Config was last written by a newer OpenClaw (2026.6.8); current version is 2026.3.24.
Config was last written by a newer OpenClaw (2026.6.8); current version is 2026.3.24.
Config was last written by a newer OpenClaw (2026.6.8); current version is 2026.3.24.
Config was last written by a newer OpenClaw (2026.6.8); current version is 2026.3.24.
Config was last written by a newer OpenClaw (2026.6.8); current version is 2026.3.24.
Config was last written by a newer OpenClaw (2026.6.8); current version is 2026.3.24.
Config was last written by a newer OpenClaw (2026.6.8); current version is 2026.3.24.
Config was last written by a newer OpenClaw (2026.6.8); current version is 2026.3.24.
Config was last written by a newer OpenClaw (2026.6.8); current version is 2026.3.24.
Config was last written by a newer OpenClaw (2026.6.8); current version is 2026.3.24.
Config was last written by a newer OpenClaw (2026.6.8); current version is 2026.3.24.
Config was last written by a newer OpenClaw (2026.6.8); current version is 2026.3.24.
Config was last written by a newer OpenClaw (2026.6.8); current version is 2026.3.24.
Config was last written by a newer OpenClaw (2026.6.8); current version is 2026.3.24.
Config was last written by a newer OpenClaw (2026.6.8); current version is 2026.3.24.
Config was last written by a newer OpenClaw (2026.6.8); current version is 2026.3.24.
Config was last written by a newer OpenClaw (2026.6.8); current version is 2026.3.24.
Config was last written by a newer OpenClaw (2026.6.8); current version is 2026.3.24.
Config was last written by a newer OpenClaw (2026.6.8); current version is 2026.3.24.
Config was last written by a newer OpenClaw (2026.6.8); current version is 2026.3.24.
Config was last written by a newer OpenClaw (2026.6.8); current version is 2026.3.24.
Config was last written by a newer OpenClaw (2026.6.8); current version is 2026.3.24.
Config was last written by a newer OpenClaw (2026.6.8); current version is 2026.3.24.
Config was last written by a newer OpenClaw (2026.6.8); current version is 2026.3.24.
Config was last written by a newer OpenClaw (2026.6.8); current version is 2026.3.24.
Config was last written by a newer OpenClaw (2026.6.8); current version is 2026.3.24.
Config was last written by a newer OpenClaw (2026.6.8); current version is 2026.3.24.
Config was last written by a newer OpenClaw (2026.6.8); current version is 2026.3.24.
Config was last written by a newer OpenClaw (2026.6.8); current version is 2026.3.24.
Config was last written by a newer OpenClaw (2026.6.8); current version is 2026.3.24.
Config was last written by a newer OpenClaw (2026.6.8); current version is 2026.3.24.
Config was last written by a newer OpenClaw (2026.6.8); current version is 2026.3.24.
Config was last written by a newer OpenClaw (2026.6.8); current version is 2026.3.24.
Config was last written by a newer OpenClaw (2026.6.8); current version is 2026.3.24.
Config was last written by a newer OpenClaw (2026.6.8); current version is 2026.3.24.
Config was last written by a newer OpenClaw (2026.6.8); current version is 2026.3.24.
Config was last written by a newer OpenClaw (2026.6.8); current version is 2026.3.24.
Config was last written by a newer OpenClaw (2026.6.8); current version is 2026.3.24.
Config was last written by a newer OpenClaw (2026.6.8); current version is 2026.3.24.
Config was last written by a newer OpenClaw (2026.6.8); current version is 2026.3.24.
Config was last written by a newer OpenClaw (2026.6.8); current version is 2026.3.24.
Config was last written by a newer OpenClaw (2026.6.8); current version is 2026.3.24.
Config was last written by a newer OpenClaw (2026.6.8); current version is 2026.3.24.
Config was last written by a newer OpenClaw (2026.6.8); current version is 2026.3.24.
Config was last written by a newer OpenClaw (2026.6.8); current version is 2026.3.24.
Config was last written by a newer OpenClaw (2026.6.8); current version is 2026.3.24.
Config was last written by a newer OpenClaw (2026.6.8); current version is 2026.3.24.
Config was last written by a newer OpenClaw (2026.6.8); current version is 2026.3.24.
Config was last written by a newer OpenClaw (2026.6.8); current version is 2026.3.24.
Config was last written by a newer OpenClaw (2026.6.8); current version is 2026.3.24.
Config was last written by a newer OpenClaw (2026.6.8); current version is 2026.3.24.
Config was last written by a newer OpenClaw (2026.6.8); current version is 2026.3.24.
Config was last written by a newer OpenClaw (2026.6.8); current version is 2026.3.24.
Config was last written by a newer OpenClaw (2026.6.8); current version is 2026.3.24.
Config was last written by a newer OpenClaw (2026.6.8); current version is 2026.3.24.
Config was last written by a newer OpenClaw (2026.6.8); current version is 2026.3.24.
Config was last written by a newer OpenClaw (2026.6.8); current version is 2026.3.24.
Config was last written by a newer OpenClaw (2026.6.8); current version is 2026.3.24.
Config was last written by a newer OpenClaw (2026.6.8); current version is 2026.3.24.
Config was last written by a newer OpenClaw (2026.6.8); current version is 2026.3.24.
Config was last written by a newer OpenClaw (2026.6.8); current version is 2026.3.24.
Config was last written by a newer OpenClaw (2026.6.8); current version is 2026.3.24.
Config was last written by a newer OpenClaw (2026.6.8); current version is 2026.3.24.
Config was last written by a newer OpenClaw (2026.6.8); current version is 2026.3.24.
Config was last written by a newer OpenClaw (2026.6.8); current version is 2026.3.24.
Config was last written by a newer OpenClaw (2026.6.8); current version is 2026.3.24.
Config was last written by a newer OpenClaw (2026.6.8); current version is 2026.3.24.
Config was last written by a newer OpenClaw (2026.6.8); current version is 2026.3.24.
Config was last written by a newer OpenClaw (2026.6.8); current version is 2026.3.24.
Config was last written by a newer OpenClaw (2026.6.8); current version is 2026.3.24.
Config was last written by a newer OpenClaw (2026.6.8); current version is 2026.3.24.
Config was last written by a newer OpenClaw (2026.6.8); current version is 2026.3.24.
Config was last written by a newer OpenClaw (2026.6.8); current version is 2026.3.24.
Config was last written by a newer OpenClaw (2026.6.8); current version is 2026.3.24.
Config was last written by a newer OpenClaw (2026.6.8); current version is 2026.3.24.
Config was last written by a newer OpenClaw (2026.6.8); current version is 2026.3.24.
Config was last written by a newer OpenClaw (2026.6.8); current version is 2026.3.24.
Config was last written by a newer OpenClaw (2026.6.8); current version is 2026.3.24.
Config was last written by a newer OpenClaw (2026.6.8); current version is 2026.3.24.
Config was last written by a newer OpenClaw (2026.6.8); current version is 2026.3.24.
Config was last written by a newer OpenClaw (2026.6.8); current version is 2026.3.24.
Config was last written by a newer OpenClaw (2026.6.8); current version is 2026.3.24.
Config was last written by a newer OpenClaw (2026.6.8); current version is 2026.3.24.
Config was last written by a newer OpenClaw (2026.6.8); current version is 2026.3.24.
Config was last written by a newer OpenClaw (2026.6.8); current version is 2026.3.24.
Config was last written by a newer OpenClaw (2026.6.8); current version is 2026.3.24.
Config was last written by a newer OpenClaw (2026.6.8); current version is 2026.3.24.
Config was last written by a newer OpenClaw (2026.6.8); current version is 2026.3.24.
Config was last written by a newer OpenClaw (2026.6.8); current version is 2026.3.24.
Config was last written by a newer OpenClaw (2026.6.8); current version is 2026.3.24.
Config was last written by a newer OpenClaw (2026.6.8); current version is 2026.3.24.
Config was last written by a newer OpenClaw (2026.6.8); current version is 2026.3.24.
Config was last written by a newer OpenClaw (2026.6.8); current version is 2026.3.24.
Config was last written by a newer OpenClaw (2026.6.8); current version is 2026.3.24.
Config was last written by a newer OpenClaw (2026.6.8); current version is 2026.3.24.
Config was last written by a newer OpenClaw (2026.6.8); current version is 2026.3.24.
Config was last written by a newer OpenClaw (2026.6.8); current version is 2026.3.24.
Config was last written by a newer OpenClaw (2026.6.8); current version is 2026.3.24.
Config was last written by a newer OpenClaw (2026.6.8); current version is 2026.3.24.
Config was last written by a newer OpenClaw (2026.6.8); current version is 2026.3.24.
Config was last written by a newer OpenClaw (2026.6.8); current version is 2026.3.24.
Config was last written by a newer OpenClaw (2026.6.8); current version is 2026.3.24.
Config was last written by a newer OpenClaw (2026.6.8); current version is 2026.3.24.
Config was last written by a newer OpenClaw (2026.6.8); current version is 2026.3.24.
Config was last written by a newer OpenClaw (2026.6.8); current version is 2026.3.24.
Config was last written by a newer OpenClaw (2026.6.8); current version is 2026.3.24.
Config was last written by a newer OpenClaw (2026.6.8); current version is 2026.3.24.
Config was last written by a newer OpenClaw (2026.6.8); current version is 2026.3.24.
Config was last written by a newer OpenClaw (2026.6.8); current version is 2026.3.24.
Config was last written by a newer OpenClaw (2026.6.8); current version is 2026.3.24.
Config was last written by a newer OpenClaw (2026.6.8); current version is 2026.3.24.
Config was last written by a newer OpenClaw (2026.6.8); current version is 2026.3.24.
Config was last written by a newer OpenClaw (2026.6.8); current version is 2026.3.24.
Config was last written by a newer OpenClaw (2026.6.8); current version is 2026.3.24.
Config was last written by a newer OpenClaw (2026.6.8); current version is 2026.3.24.
Config was last written by a newer OpenClaw (2026.6.8); current version is 2026.3.24.
Config was last written by a newer OpenClaw (2026.6.8); current version is 2026.3.24.
Config was last written by a newer OpenClaw (2026.6.8); current version is 2026.3.24.
Config was last written by a newer OpenClaw (2026.6.8); current version is 2026.3.24.
Config was last written by a newer OpenClaw (2026.6.8); current version is 2026.3.24.
Config was last written by a newer OpenClaw (2026.6.8); current version is 2026.3.24.
Config was last written by a newer OpenClaw (2026.6.8); current version is 2026.3.24.
Config was last written by a newer OpenClaw (2026.6.8); current version is 2026.3.24.
Config was last written by a newer OpenClaw (2026.6.8); current version is 2026.3.24.
Config was last written by a newer OpenClaw (2026.6.8); current version is 2026.3.24.
Config was last written by a newer OpenClaw (2026.6.8); current version is 2026.3.24.
Config was last written by a newer OpenClaw (2026.6.8); current version is 2026.3.24.
Config was last written by a newer OpenClaw (2026.6.8); current version is 2026.3.24.
Config was last written by a newer OpenClaw (2026.6.8); current version is 2026.3.24.
Config was last written by a newer OpenClaw (2026.6.8); current version is 2026.3.24.
Config was last written by a newer OpenClaw (2026.6.8); current version is 2026.3.24.
Config was last written by a newer OpenClaw (2026.6.8); current version is 2026.3.24.
Config was last written by a newer OpenClaw (2026.6.8); current version is 2026.3.24.
Config was last written by a newer OpenClaw (2026.6.8); current version is 2026.3.24.
Config was last written by a newer OpenClaw (2026.6.8); current version is 2026.3.24.
Config was last written by a newer OpenClaw (2026.6.8); current version is 2026.3.24.
Config was last written by a newer OpenClaw (2026.6.8); current version is 2026.3.24.
Config was last written by a newer OpenClaw (2026.6.8); current version is 2026.3.24.
Config was last written by a newer OpenClaw (2026.6.8); current version is 2026.3.24.
Config was last written by a newer OpenClaw (2026.6.8); current version is 2026.3.24.
Config was last written by a newer OpenClaw (2026.6.8); current version is 2026.3.24.
Config was last written by a newer OpenClaw (2026.6.8); current version is 2026.3.24.
Config was last written by a newer OpenClaw (2026.6.8); current version is 2026.3.24.
Config was last written by a newer OpenClaw (2026.6.8); current version is 2026.3.24.
Config was last written by a newer OpenClaw (2026.6.8); current version is 2026.3.24.
Config was last written by a newer OpenClaw (2026.6.8); current version is 2026.3.24.
Config was last written by a newer OpenClaw (2026.6.8); current version is 2026.3.24.
Config was last written by a newer OpenClaw (2026.6.8); current version is 2026.3.24.
Config was last written by a newer OpenClaw (2026.6.8); current version is 2026.3.24.
Config was last written by a newer OpenClaw (2026.6.8); current version is 2026.3.24.
Config was last written by a newer OpenClaw (2026.6.8); current version is 2026.3.24.
Config was last written by a newer OpenClaw (2026.6.8); current version is 2026.3.24.
Config was last written by a newer OpenClaw (2026.6.8); current version is 2026.3.24.
Config was last written by a newer OpenClaw (2026.6.8); current version is 2026.3.24.
Config was last written by a newer OpenClaw (2026.6.8); current version is 2026.3.24.
Config was last written by a newer OpenClaw (2026.6.8); current version is 2026.3.24.
Config was last written by a newer OpenClaw (2026.6.8); current version is 2026.3.24.
Config was last written by a newer OpenClaw (2026.6.8); current version is 2026.3.24.
Config was last written by a newer OpenClaw (2026.6.8); current version is 2026.3.24.
Config was last written by a newer OpenClaw (2026.6.8); current version is 2026.3.24.
Config was last written by a newer OpenClaw (2026.6.8); current version is 2026.3.24.
Config was last written by a newer OpenClaw (2026.6.8); current version is 2026.3.24.
Config was last written by a newer OpenClaw (2026.6.8); current version is 2026.3.24.
Config was last written by a newer OpenClaw (2026.6.8); current version is 2026.3.24.
Config was last written by a newer OpenClaw (2026.6.8); current version is 2026.3.24.
Config was last written by a newer OpenClaw (2026.6.8); current version is 2026.3.24.
Config was last written by a newer OpenClaw (2026.6.8); current version is 2026.3.24.
Config was last written by a newer OpenClaw (2026.6.8); current version is 2026.3.24.
Config was last written by a newer OpenClaw (2026.6.8); current version is 2026.3.24.
Config was last written by a newer OpenClaw (2026.6.8); current version is 2026.3.24.
Config was last written by a newer OpenClaw (2026.6.8); current version is 2026.3.24.
Config was last written by a newer OpenClaw (2026.6.8); current version is 2026.3.24.
Config was last written by a newer OpenClaw (2026.6.8); current version is 2026.3.24.
Config was last written by a newer OpenClaw (2026.6.8); current version is 2026.3.24.
Config was last written by a newer OpenClaw (2026.6.8); current version is 2026.3.24.
Config was last written by a newer OpenClaw (2026.6.8); current version is 2026.3.24.
Config was last written by a newer OpenClaw (2026.6.8); current version is 2026.3.24.
Config was last written by a newer OpenClaw (2026.6.8); current version is 2026.3.24.
Config was last written by a newer OpenClaw (2026.6.8); current version is 2026.3.24.
Config was last written by a newer OpenClaw (2026.6.8); current version is 2026.3.24.
Config was last written by a newer OpenClaw (2026.6.8); current version is 2026.3.24.
Config was last written by a newer OpenClaw (2026.6.8); current version is 2026.3.24.
Config was last written by a newer OpenClaw (2026.6.8); current version is 2026.3.24.
Config was last written by a newer OpenClaw (2026.6.8); current version is 2026.3.24.
Config was last written by a newer OpenClaw (2026.6.8); current version is 2026.3.24.
Config was last written by a newer OpenClaw (2026.6.8); current version is 2026.3.24.
Config was last written by a newer OpenClaw (2026.6.8); current version is 2026.3.24.
Config was last written by a newer OpenClaw (2026.6.8); current version is 2026.3.24.
Config was last written by a newer OpenClaw (2026.6.8); current version is 2026.3.24.
Config was last written by a newer OpenClaw (2026.6.8); current version is 2026.3.24.
Config was last written by a newer OpenClaw (2026.6.8); current version is 2026.3.24.
Config was last written by a newer OpenClaw (2026.6.8); current version is 2026.3.24.
Config was last written by a newer OpenClaw (2026.6.8); current version is 2026.3.24.
Config was last written by a newer OpenClaw (2026.6.8); current version is 2026.3.24.
Config was last written by a newer OpenClaw (2026.6.8); current version is 2026.3.24.
Config was last written by a newer OpenClaw (2026.6.8); current version is 2026.3.24.
Config was last written by a newer OpenClaw (2026.6.8); current version is 2026.3.24.
Config was last written by a newer OpenClaw (2026.6.8); current version is 2026.3.24.
Config was last written by a newer OpenClaw (2026.6.8); current version is 2026.3.24.
Config was last written by a newer OpenClaw (2026.6.8); current version is 2026.3.24.
Config was last written by a newer OpenClaw (2026.6.8); current version is 2026.3.24.
Config was last written by a newer OpenClaw (2026.6.8); current version is 2026.3.24.
Config was last written by a newer OpenClaw (2026.6.8); current version is 2026.3.24.
Config was last written by a newer OpenClaw (2026.6.8); current version is 2026.3.24.
Config was last written by a newer OpenClaw (2026.6.8); current version is 2026.3.24.
Config was last written by a newer OpenClaw (2026.6.8); current version is 2026.3.24.
Config was last written by a newer OpenClaw (2026.6.8); current version is 2026.3.24.
Config was last written by a newer OpenClaw (2026.6.8); current version is 2026.3.24.
Config was last written by a newer OpenClaw (2026.6.8); current version is 2026.3.24.
Config was last written by a newer OpenClaw (2026.6.8); current version is 2026.3.24.
Config was last written by a newer OpenClaw (2026.6.8); current version is 2026.3.24.
Config was last written by a newer OpenClaw (2026.6.8); current version is 2026.3.24.
Config was last written by a newer OpenClaw (2026.6.8); current version is 2026.3.24.
Config was last written by a newer OpenClaw (2026.6.8); current version is 2026.3.24.
Config was last written by a newer OpenClaw (2026.6.8); current version is 2026.3.24.
Config was last written by a newer OpenClaw (2026.6.8); current version is 2026.3.24.
Config was last written by a newer OpenClaw (2026.6.8); current version is 2026.3.24.
Config was last written by a newer OpenClaw (2026.6.8); current version is 2026.3.24.
Config was last written by a newer OpenClaw (2026.6.8); current version is 2026.3.24.
Config was last written by a newer OpenClaw (2026.6.8); current version is 2026.3.24.
Config was last written by a newer OpenClaw (2026.6.8); current version is 2026.3.24.
Config was last written by a newer OpenClaw (2026.6.8); current version is 2026.3.24.
Config was last written by a newer OpenClaw (2026.6.8); current version is 2026.3.24.
Config was last written by a newer OpenClaw (2026.6.8); current version is 2026.3.24.
Config was last written by a newer OpenClaw (2026.6.8); current version is 2026.3.24.
Config was last written by a newer OpenClaw (2026.6.8); current version is 2026.3.24.
Config was last written by a newer OpenClaw (2026.6.8); current version is 2026.3.24.
Config was last written by a newer OpenClaw (2026.6.8); current version is 2026.3.24.
Config was last written by a newer OpenClaw (2026.6.8); current version is 2026.3.24.
Config was last written by a newer OpenClaw (2026.6.8); current version is 2026.3.24.
Config was last written by a newer OpenClaw (2026.6.8); current version is 2026.3.24.
Config was last written by a newer OpenClaw (2026.6.8); current version is 2026.3.24.
Config was last written by a newer OpenClaw (2026.6.8); current version is 2026.3.24.
Config was last written by a newer OpenClaw (2026.6.8); current version is 2026.3.24.
Config was last written by a newer OpenClaw (2026.6.8); current version is 2026.3.24.
Config was last written by a newer OpenClaw (2026.6.8); current version is 2026.3.24.
Config was last written by a newer OpenClaw (2026.6.8); current version is 2026.3.24.
Config was last written by a newer OpenClaw (2026.6.8); current version is 2026.3.24.
Config was last written by a newer OpenClaw (2026.6.8); current version is 2026.3.24.
Config was last written by a newer OpenClaw (2026.6.8); current version is 2026.3.24.
Config was last written by a newer OpenClaw (2026.6.8); current version is 2026.3.24.
Config was last written by a newer OpenClaw (2026.6.8); current version is 2026.3.24.
Config was last written by a newer OpenClaw (2026.6.8); current version is 2026.3.24.
Config was last written by a newer OpenClaw (2026.6.8); current version is 2026.3.24.
Config was last written by a newer OpenClaw (2026.6.8); current version is 2026.3.24.
Config was last written by a newer OpenClaw (2026.6.8); current version is 2026.3.24.
Config was last written by a newer OpenClaw (2026.6.8); current version is 2026.3.24.
Config was last written by a newer OpenClaw (2026.6.8); current version is 2026.3.24.
Config was last written by a newer OpenClaw (2026.6.8); current version is 2026.3.24.
Config was last written by a newer OpenClaw (2026.6.8); current version is 2026.3.24.
Config was last written by a newer OpenClaw (2026.6.8); current version is 2026.3.24.
Config was last written by a newer OpenClaw (2026.6.8); current version is 2026.3.24.
Config was last written by a newer OpenClaw (2026.6.8); current version is 2026.3.24.
Config was last written by a newer OpenClaw (2026.6.8); current version is 2026.3.24.
Config was last written by a newer OpenClaw (2026.6.8); current version is 2026.3.24.
Config was last written by a newer OpenClaw (2026.6.8); current version is 2026.3.24.
Config was last written by a newer OpenClaw (2026.6.8); current version is 2026.3.24.
Config was last written by a newer OpenClaw (2026.6.8); current version is 2026.3.24.
Config was last written by a newer OpenClaw (2026.6.8); current version is 2026.3.24.
Config was last written by a newer OpenClaw (2026.6.8); current version is 2026.3.24.
Config was last written by a newer OpenClaw (2026.6.8); current version is 2026.3.24.
Config was last written by a newer OpenClaw (2026.6.8); current version is 2026.3.24.
Config was last written by a newer OpenClaw (2026.6.8); current version is 2026.3.24.
Config was last written by a newer OpenClaw (2026.6.8); current version is 2026.3.24.
Config was last written by a newer OpenClaw (2026.6.8); current version is 2026.3.24.
Config was last written by a newer OpenClaw (2026.6.8); current version is 2026.3.24.
Config was last written by a newer OpenClaw (2026.6.8); current version is 2026.3.24.
Config was last written by a newer OpenClaw (2026.6.8); current version is 2026.3.24.
Config was last written by a newer OpenClaw (2026.6.8); current version is 2026.3.24.
Config was last written by a newer OpenClaw (2026.6.8); current version is 2026.3.24.
Config was last written by a newer OpenClaw (2026.6.8); current version is 2026.3.24.
Config was last written by a newer OpenClaw (2026.6.8); current version is 2026.3.24.
Config was last written by a newer OpenClaw (2026.6.8); current version is 2026.3.24.
Config was last written by a newer OpenClaw (2026.6.8); current version is 2026.3.24.
Config was last written by a newer OpenClaw (2026.6.8); current version is 2026.3.24.
Config was last written by a newer OpenClaw (2026.6.8); current version is 2026.3.24.
Config was last written by a newer OpenClaw (2026.6.8); current version is 2026.3.24.
Config was last written by a newer OpenClaw (2026.6.8); current version is 2026.3.24.
Config was last written by a newer OpenClaw (2026.6.8); current version is 2026.3.24.
Config was last written by a newer OpenClaw (2026.6.8); current version is 2026.3.24.
Config was last written by a newer OpenClaw (2026.6.8); current version is 2026.3.24.
Config was last written by a newer OpenClaw (2026.6.8); current version is 2026.3.24.
Config was last written by a newer OpenClaw (2026.6.8); current version is 2026.3.24.
Config was last written by a newer OpenClaw (2026.6.8); current version is 2026.3.24.
Config was last written by a newer OpenClaw (2026.6.8); current version is 2026.3.24.
Config was last written by a newer OpenClaw (2026.6.8); current version is 2026.3.24.
Config was last written by a newer OpenClaw (2026.6.8); current version is 2026.3.24.
Config was last written by a newer OpenClaw (2026.6.8); current version is 2026.3.24.
Config was last written by a newer OpenClaw (2026.6.8); current version is 2026.3.24.
Config was last written by a newer OpenClaw (2026.6.8); current version is 2026.3.24.
Config was last written by a newer OpenClaw (2026.6.8); current version is 2026.3.24.
Config was last written by a newer OpenClaw (2026.6.8); current version is 2026.3.24.
Config was last written by a newer OpenClaw (2026.6.8); current version is 2026.3.24.
Config was last written by a newer OpenClaw (2026.6.8); current version is 2026.3.24.
Config was last written by a newer OpenClaw (2026.6.8); current version is 2026.3.24.
Config was last written by a newer OpenClaw (2026.6.8); current version is 2026.3.24.
Config was last written by a newer OpenClaw (2026.6.8); current version is 2026.3.24.
Config was last written by a newer OpenClaw (2026.6.8); current version is 2026.3.24.
Config was last written by a newer OpenClaw (2026.6.8); current version is 2026.3.24.
Config was last written by a newer OpenClaw (2026.6.8); current version is 2026.3.24.
Config was last written by a newer OpenClaw (2026.6.8); current version is 2026.3.24.
Config was last written by a newer OpenClaw (2026.6.8); current version is 2026.3.24.
Config was last written by a newer OpenClaw (2026.6.8); current version is 2026.3.24.
Config was last written by a newer OpenClaw (2026.6.8); current version is 2026.3.24.
Config was last written by a newer OpenClaw (2026.6.8); current version is 2026.3.24.
Config was last written by a newer OpenClaw (2026.6.8); current version is 2026.3.24.
Config was last written by a newer OpenClaw (2026.6.8); current version is 2026.3.24.
Config was last written by a newer OpenClaw (2026.6.8); current version is 2026.3.24.
Config was last written by a newer OpenClaw (2026.6.8); current version is 2026.3.24.
Config was last written by a newer OpenClaw (2026.6.8); current version is 2026.3.24.
Config was last written by a newer OpenClaw (2026.6.8); current version is 2026.3.24.
Config was last written by a newer OpenClaw (2026.6.8); current version is 2026.3.24.
Config was last written by a newer OpenClaw (2026.6.8); current version is 2026.3.24.
Config was last written by a newer OpenClaw (2026.6.8); current version is 2026.3.24.
Config was last written by a newer OpenClaw (2026.6.8); current version is 2026.3.24.
Config was last written by a newer OpenClaw (2026.6.8); current version is 2026.3.24.
Config was last written by a newer OpenClaw (2026.6.8); current version is 2026.3.24.
Config was last written by a newer OpenClaw (2026.6.8); current version is 2026.3.24.
Config was last written by a newer OpenClaw (2026.6.8); current version is 2026.3.24.
Config was last written by a newer OpenClaw (2026.6.8); current version is 2026.3.24.
Config was last written by a newer OpenClaw (2026.6.8); current version is 2026.3.24.
Config was last written by a newer OpenClaw (2026.6.8); current version is 2026.3.24.
Config was last written by a newer OpenClaw (2026.6.8); current version is 2026.3.24.
Config was last written by a newer OpenClaw (2026.6.8); current version is 2026.3.24.
Config was last written by a newer OpenClaw (2026.6.8); current version is 2026.3.24.
Config was last written by a newer OpenClaw (2026.6.8); current version is 2026.3.24.
Config was last written by a newer OpenClaw (2026.6.8); current version is 2026.3.24.
Config was last written by a newer OpenClaw (2026.6.8); current version is 2026.3.24.
Config was last written by a newer OpenClaw (2026.6.8); current version is 2026.3.24.
Config was last written by a newer OpenClaw (2026.6.8); current version is 2026.3.24.
Config was last written by a newer OpenClaw (2026.6.8); current version is 2026.3.24.
Config was last written by a newer OpenClaw (2026.6.8); current version is 2026.3.24.
Config was last written by a newer OpenClaw (2026.6.8); current version is 2026.3.24.
Config was last written by a newer OpenClaw (2026.6.8); current version is 2026.3.24.
Config was last written by a newer OpenClaw (2026.6.8); current version is 2026.3.24.
Config was last written by a newer OpenClaw (2026.6.8); current version is 2026.3.24.
Config was last written by a newer OpenClaw (2026.6.8); current version is 2026.3.24.
Config was last written by a newer OpenClaw (2026.6.8); current version is 2026.3.24.
Config was last written by a newer OpenClaw (2026.6.8); current version is 2026.3.24.
Config was last written by a newer OpenClaw (2026.6.8); current version is 2026.3.24.
Config was last written by a newer OpenClaw (2026.6.8); current version is 2026.3.24.
Config was last written by a newer OpenClaw (2026.6.8); current version is 2026.3.24.
Config was last written by a newer OpenClaw (2026.6.8); current version is 2026.3.24.
Config was last written by a newer OpenClaw (2026.6.8); current version is 2026.3.24.
Config was last written by a newer OpenClaw (2026.6.8); current version is 2026.3.24.
Config was last written by a newer OpenClaw (2026.6.8); current version is 2026.3.24.
Config was last written by a newer OpenClaw (2026.6.8); current version is 2026.3.24.
Config was last written by a newer OpenClaw (2026.6.8); current version is 2026.3.24.
Config was last written by a newer OpenClaw (2026.6.8); current version is 2026.3.24.
Config was last written by a newer OpenClaw (2026.6.8); current version is 2026.3.24.
Config was last written by a newer OpenClaw (2026.6.8); current version is 2026.3.24.
Config was last written by a newer OpenClaw (2026.6.8); current version is 2026.3.24.
Config was last written by a newer OpenClaw (2026.6.8); current version is 2026.3.24.
Config was last written by a newer OpenClaw (2026.6.8); current version is 2026.3.24.
Config was last written by a newer OpenClaw (2026.6.8); current version is 2026.3.24.
Config was last written by a newer OpenClaw (2026.6.8); current version is 2026.3.24.
Config was last written by a newer OpenClaw (2026.6.8); current version is 2026.3.24.
Config was last written by a newer OpenClaw (2026.6.8); current version is 2026.3.24.
Config was last written by a newer OpenClaw (2026.6.8); current version is 2026.3.24.
Config was last written by a newer OpenClaw (2026.6.8); current version is 2026.3.24.
Config was last written by a newer OpenClaw (2026.6.8); current version is 2026.3.24.
Config was last written by a newer OpenClaw (2026.6.8); current version is 2026.3.24.
Config was last written by a newer OpenClaw (2026.6.8); current version is 2026.3.24.
Config was last written by a newer OpenClaw (2026.6.8); current version is 2026.3.24.
Config was last written by a newer OpenClaw (2026.6.8); current version is 2026.3.24.
Config was last written by a newer OpenClaw (2026.6.8); current version is 2026.3.24.
Config was last written by a newer OpenClaw (2026.6.8); current version is 2026.3.24.
Config was last written by a newer OpenClaw (2026.6.8); current version is 2026.3.24.
Config was last written by a newer OpenClaw (2026.6.8); current version is 2026.3.24.
Config was last written by a newer OpenClaw (2026.6.8); current version is 2026.3.24.
Config was last written by a newer OpenClaw (2026.6.8); current version is 2026.3.24.
Config was last written by a newer OpenClaw (2026.6.8); current version is 2026.3.24.
Config was last written by a newer OpenClaw (2026.6.8); current version is 2026.3.24.
Config was last written by a newer OpenClaw (2026.6.8); current version is 2026.3.24.
Config was last written by a newer OpenClaw (2026.6.8); current version is 2026.3.24.
Config was last written by a newer OpenClaw (2026.6.8); current version is 2026.3.24.
Config was last written by a newer OpenClaw (2026.6.8); current version is 2026.3.24.
Config was last written by a newer OpenClaw (2026.6.8); current version is 2026.3.24.
Config was last written by a newer OpenClaw (2026.6.8); current version is 2026.3.24.
Config was last written by a newer OpenClaw (2026.6.8); current version is 2026.3.24.
Config was last written by a newer OpenClaw (2026.6.8); current version is 2026.3.24.
Config was last written by a newer OpenClaw (2026.6.8); current version is 2026.3.24.
Config was last written by a newer OpenClaw (2026.6.8); current version is 2026.3.24.
Config was last written by a newer OpenClaw (2026.6.8); current version is 2026.3.24.
Config was last written by a newer OpenClaw (2026.6.8); current version is 2026.3.24.
Config was last written by a newer OpenClaw (2026.6.8); current version is 2026.3.24.
Config was last written by a newer OpenClaw (2026.6.8); current version is 2026.3.24.
Config was last written by a newer OpenClaw (2026.6.8); current version is 2026.3.24.
Config was last written by a newer OpenClaw (2026.6.8); current version is 2026.3.24.
Config was last written by a newer OpenClaw (2026.6.8); current version is 2026.3.24.
Config was last written by a newer OpenClaw (2026.6.8); current version is 2026.3.24.
Config was last written by a newer OpenClaw (2026.6.8); current version is 2026.3.24.
Config was last written by a newer OpenClaw (2026.6.8); current version is 2026.3.24.
Config was last written by a newer OpenClaw (2026.6.8); current version is 2026.3.24.
Config was last written by a newer OpenClaw (2026.6.8); current version is 2026.3.24.
Config was last written by a newer OpenClaw (2026.6.8); current version is 2026.3.24.
Config was last written by a newer OpenClaw (2026.6.8); current version is 2026.3.24.
Config was last written by a newer OpenClaw (2026.6.8); current version is 2026.3.24.
Config was last written by a newer OpenClaw (2026.6.8); current version is 2026.3.24.
Config was last written by a newer OpenClaw (2026.6.8); current version is 2026.3.24.
Config was last written by a newer OpenClaw (2026.6.8); current version is 2026.3.24.
Config was last written by a newer OpenClaw (2026.6.8); current version is 2026.3.24.
Config was last written by a newer OpenClaw (2026.6.8); current version is 2026.3.24.
Config was last written by a newer OpenClaw (2026.6.8); current version is 2026.3.24.
Config was last written by a newer OpenClaw (2026.6.8); current version is 2026.3.24.
Config was last written by a newer OpenClaw (2026.6.8); current version is 2026.3.24.
Config was last written by a newer OpenClaw (2026.6.8); current version is 2026.3.24.
Config was last written by a newer OpenClaw (2026.6.8); current version is 2026.3.24.
Config was last written by a newer OpenClaw (2026.6.8); current version is 2026.3.24.
Config was last written by a newer OpenClaw (2026.6.8); current version is 2026.3.24.
Config was last written by a newer OpenClaw (2026.6.8); current version is 2026.3.24.
Config was last written by a newer OpenClaw (2026.6.8); current version is 2026.3.24.
Config was last written by a newer OpenClaw (2026.6.8); current version is 2026.3.24.
Config was last written by a newer OpenClaw (2026.6.8); current version is 2026.3.24.
Config was last written by a newer OpenClaw (2026.6.8); current version is 2026.3.24.
Config was last written by a newer OpenClaw (2026.6.8); current version is 2026.3.24.
Config was last written by a newer OpenClaw (2026.6.8); current version is 2026.3.24.
Config was last written by a newer OpenClaw (2026.6.8); current version is 2026.3.24.
Config was last written by a newer OpenClaw (2026.6.8); current version is 2026.3.24.
Config was last written by a newer OpenClaw (2026.6.8); current version is 2026.3.24.
Config was last written by a newer OpenClaw (2026.6.8); current version is 2026.3.24.
Config was last written by a newer OpenClaw (2026.6.8); current version is 2026.3.24.
Config was last written by a newer OpenClaw (2026.6.8); current version is 2026.3.24.
Config was last written by a newer OpenClaw (2026.6.8); current version is 2026.3.24.
Config was last written by a newer OpenClaw (2026.6.8); current version is 2026.3.24.
Config was last written by a newer OpenClaw (2026.6.8); current version is 2026.3.24.
Config was last written by a newer OpenClaw (2026.6.8); current version is 2026.3.24.
Config was last written by a newer OpenClaw (2026.6.8); current version is 2026.3.24.
Config was last written by a newer OpenClaw (2026.6.8); current version is 2026.3.24.
Config was last written by a newer OpenClaw (2026.6.8); current version is 2026.3.24.
Config was last written by a newer OpenClaw (2026.6.8); current version is 2026.3.24.
Config was last written by a newer OpenClaw (2026.6.8); current version is 2026.3.24.
Config was last written by a newer OpenClaw (2026.6.8); current version is 2026.3.24.
Config was last written by a newer OpenClaw (2026.6.8); current version is 2026.3.24.
Config was last written by a newer OpenClaw (2026.6.8); current version is 2026.3.24.
Config was last written by a newer OpenClaw (2026.6.8); current version is 2026.3.24.
Config was last written by a newer OpenClaw (2026.6.8); current version is 2026.3.24.
Config was last written by a newer OpenClaw (2026.6.8); current version is 2026.3.24.
Config was last written by a newer OpenClaw (2026.6.8); current version is 2026.3.24.
Config was last written by a newer OpenClaw (2026.6.8); current version is 2026.3.24.
Config was last written by a newer OpenClaw (2026.6.8); current version is 2026.3.24.
Config was last written by a newer OpenClaw (2026.6.8); current version is 2026.3.24.
Config was last written by a newer OpenClaw (2026.6.8); current version is 2026.3.24.
Config was last written by a newer OpenClaw (2026.6.8); current version is 2026.3.24.
Config was last written by a newer OpenClaw (2026.6.8); current version is 2026.3.24.
Config was last written by a newer OpenClaw (2026.6.8); current version is 2026.3.24.
Config was last written by a newer OpenClaw (2026.6.8); current version is 2026.3.24.
Config was last written by a newer OpenClaw (2026.6.8); current version is 2026.3.24.
Config was last written by a newer OpenClaw (2026.6.8); current version is 2026.3.24.
Config was last written by a newer OpenClaw (2026.6.8); current version is 2026.3.24.
Config was last written by a newer OpenClaw (2026.6.8); current version is 2026.3.24.
Config was last written by a newer OpenClaw (2026.6.8); current version is 2026.3.24.
Config was last written by a newer OpenClaw (2026.6.8); current version is 2026.3.24.
Config was last written by a newer OpenClaw (2026.6.8); current version is 2026.3.24.
Config was last written by a newer OpenClaw (2026.6.8); current version is 2026.3.24.
Config was last written by a newer OpenClaw (2026.6.8); current version is 2026.3.24.
Config was last written by a newer OpenClaw (2026.6.8); current version is 2026.3.24.
Config was last written by a newer OpenClaw (2026.6.8); current version is 2026.3.24.
Config was last written by a newer OpenClaw (2026.6.8); current version is 2026.3.24.
Config was last written by a newer OpenClaw (2026.6.8); current version is 2026.3.24.
Config was last written by a newer OpenClaw (2026.6.8); current version is 2026.3.24.
Config was last written by a newer OpenClaw (2026.6.8); current version is 2026.3.24.
Config was last written by a newer OpenClaw (2026.6.8); current version is 2026.3.24.
Config was last written by a newer OpenClaw (2026.6.8); current version is 2026.3.24.
Config was last written by a newer OpenClaw (2026.6.8); current version is 2026.3.24.
Config was last written by a newer OpenClaw (2026.6.8); current version is 2026.3.24.
Config was last written by a newer OpenClaw (2026.6.8); current version is 2026.3.24.
Config was last written by a newer OpenClaw (2026.6.8); current version is 2026.3.24.
Config was last written by a newer OpenClaw (2026.6.8); current version is 2026.3.24.
Config was last written by a newer OpenClaw (2026.6.8); current version is 2026.3.24.
Config was last written by a newer OpenClaw (2026.6.8); current version is 2026.3.24.
Config was last written by a newer OpenClaw (2026.6.8); current version is 2026.3.24.
Config was last written by a newer OpenClaw (2026.6.8); current version is 2026.3.24.
Config was last written by a newer OpenClaw (2026.6.8); current version is 2026.3.24.
Config was last written by a newer OpenClaw (2026.6.8); current version is 2026.3.24.
Config was last written by a newer OpenClaw (2026.6.8); current version is 2026.3.24.
Config was last written by a newer OpenClaw (2026.6.8); current version is 2026.3.24.
Config was last written by a newer OpenClaw (2026.6.8); current version is 2026.3.24.
Config was last written by a newer OpenClaw (2026.6.8); current version is 2026.3.24.
Config was last written by a newer OpenClaw (2026.6.8); current version is 2026.3.24.
Config was last written by a newer OpenClaw (2026.6.8); current version is 2026.3.24.
Config was last written by a newer OpenClaw (2026.6.8); current version is 2026.3.24.
Config was last written by a newer OpenClaw (2026.6.8); current version is 2026.3.24.
Config was last written by a newer OpenClaw (2026.6.8); current version is 2026.3.24.
Config was last written by a newer OpenClaw (2026.6.8); current version is 2026.3.24.
Config was last written by a newer OpenClaw (2026.6.8); current version is 2026.3.24.
Config was last written by a newer OpenClaw (2026.6.8); current version is 2026.3.24.
Config was last written by a newer OpenClaw (2026.6.8); current version is 2026.3.24.
Config was last written by a newer OpenClaw (2026.6.8); current version is 2026.3.24.
Config was last written by a newer OpenClaw (2026.6.8); current version is 2026.3.24.
Config was last written by a newer OpenClaw (2026.6.8); current version is 2026.3.24.
Config was last written by a newer OpenClaw (2026.6.8); current version is 2026.3.24.
Config was last written by a newer OpenClaw (2026.6.8); current version is 2026.3.24.
Config was last written by a newer OpenClaw (2026.6.8); current version is 2026.3.24.
Config was last written by a newer OpenClaw (2026.6.8); current version is 2026.3.24.
Config was last written by a newer OpenClaw (2026.6.8); current version is 2026.3.24.
Config was last written by a newer OpenClaw (2026.6.8); current version is 2026.3.24.
Config was last written by a newer OpenClaw (2026.6.8); current version is 2026.3.24.
Config was last written by a newer OpenClaw (2026.6.8); current version is 2026.3.24.
Config was last written by a newer OpenClaw (2026.6.8); current version is 2026.3.24.
Config was last written by a newer OpenClaw (2026.6.8); current version is 2026.3.24.
Config was last written by a newer OpenClaw (2026.6.8); current version is 2026.3.24.
Config was last written by a newer OpenClaw (2026.6.8); current version is 2026.3.24.
Config was last written by a newer OpenClaw (2026.6.8); current version is 2026.3.24.
Config was last written by a newer OpenClaw (2026.6.8); current version is 2026.3.24.
Config was last written by a newer OpenClaw (2026.6.8); current version is 2026.3.24.
Config was last written by a newer OpenClaw (2026.6.8); current version is 2026.3.24.
Config was last written by a newer OpenClaw (2026.6.8); current version is 2026.3.24.
Config was last written by a newer OpenClaw (2026.6.8); current version is 2026.3.24.
Config was last written by a newer OpenClaw (2026.6.8); current version is 2026.3.24.
Config was last written by a newer OpenClaw (2026.6.8); current version is 2026.3.24.
Config was last written by a newer OpenClaw (2026.6.8); current version is 2026.3.24.
Config was last written by a newer OpenClaw (2026.6.8); current version is 2026.3.24.
Config was last written by a newer OpenClaw (2026.6.8); current version is 2026.3.24.
Config was last written by a newer OpenClaw (2026.6.8); current version is 2026.3.24.
Config was last written by a newer OpenClaw (2026.6.8); current version is 2026.3.24.
Config was last written by a newer OpenClaw (2026.6.8); current version is 2026.3.24.
Config was last written by a newer OpenClaw (2026.6.8); current version is 2026.3.24.
Config was last written by a newer OpenClaw (2026.6.8); current version is 2026.3.24.
Config was last written by a newer OpenClaw (2026.6.8); current version is 2026.3.24.
Config was last written by a newer OpenClaw (2026.6.8); current version is 2026.3.24.
Config was last written by a newer OpenClaw (2026.6.8); current version is 2026.3.24.
Config was last written by a newer OpenClaw (2026.6.8); current version is 2026.3.24.
Config was last written by a newer OpenClaw (2026.6.8); current version is 2026.3.24.
Config was last written by a newer OpenClaw (2026.6.8); current version is 2026.3.24.
Config was last written by a newer OpenClaw (2026.6.8); current version is 2026.3.24.
Config was last written by a newer OpenClaw (2026.6.8); current version is 2026.3.24.
Config was last written by a newer OpenClaw (2026.6.8); current version is 2026.3.24.
Config was last written by a newer OpenClaw (2026.6.8); current version is 2026.3.24.
Config was last written by a newer OpenClaw (2026.6.8); current version is 2026.3.24.
Config was last written by a newer OpenClaw (2026.6.8); current version is 2026.3.24.
Config was last written by a newer OpenClaw (2026.6.8); current version is 2026.3.24.
Config was last written by a newer OpenClaw (2026.6.8); current version is 2026.3.24.
Config was last written by a newer OpenClaw (2026.6.8); current version is 2026.3.24.
Config was last written by a newer OpenClaw (2026.6.8); current version is 2026.3.24.
Config was last written by a newer OpenClaw (2026.6.8); current version is 2026.3.24.
Config was last written by a newer OpenClaw (2026.6.8); current version is 2026.3.24.
Config was last written by a newer OpenClaw (2026.6.8); current version is 2026.3.24.
Config was last written by a newer OpenClaw (2026.6.8); current version is 2026.3.24.
Config was last written by a newer OpenClaw (2026.6.8); current version is 2026.3.24.
Config was last written by a newer OpenClaw (2026.6.8); current version is 2026.3.24.
Config was last written by a newer OpenClaw (2026.6.8); current version is 2026.3.24.
Config was last written by a newer OpenClaw (2026.6.8); current version is 2026.3.24.
Config was last written by a newer OpenClaw (2026.6.8); current version is 2026.3.24.
Config was last written by a newer OpenClaw (2026.6.8); current version is 2026.3.24.
Config was last written by a newer OpenClaw (2026.6.8); current version is 2026.3.24.
Config was last written by a newer OpenClaw (2026.6.8); current version is 2026.3.24.
Config was last written by a newer OpenClaw (2026.6.8); current version is 2026.3.24.
Config was last written by a newer OpenClaw (2026.6.8); current version is 2026.3.24.
Config was last written by a newer OpenClaw (2026.6.8); current version is 2026.3.24.
Config was last written by a newer OpenClaw (2026.6.8); current version is 2026.3.24.
Config was last written by a newer OpenClaw (2026.6.8); current version is 2026.3.24.
Config was last written by a newer OpenClaw (2026.6.8); current version is 2026.3.24.
Config was last written by a newer OpenClaw (2026.6.8); current version is 2026.3.24.
Config was last written by a newer OpenClaw (2026.6.8); current version is 2026.3.24.
Config was last written by a newer OpenClaw (2026.6.8); current version is 2026.3.24.
Config was last written by a newer OpenClaw (2026.6.8); current version is 2026.3.24.
Config was last written by a newer OpenClaw (2026.6.8); current version is 2026.3.24.
Config was last written by a newer OpenClaw (2026.6.8); current version is 2026.3.24.
Config was last written by a newer OpenClaw (2026.6.8); current version is 2026.3.24.
Config was last written by a newer OpenClaw (2026.6.8); current version is 2026.3.24.
Config was last written by a newer OpenClaw (2026.6.8); current version is 2026.3.24.
Config was last written by a newer OpenClaw (2026.6.8); current version is 2026.3.24.
Config was last written by a newer OpenClaw (2026.6.8); current version is 2026.3.24.
Config was last written by a newer OpenClaw (2026.6.8); current version is 2026.3.24.
Config was last written by a newer OpenClaw (2026.6.8); current version is 2026.3.24.
Config was last written by a newer OpenClaw (2026.6.8); current version is 2026.3.24.
Config was last written by a newer OpenClaw (2026.6.8); current version is 2026.3.24.
Config was last written by a newer OpenClaw (2026.6.8); current version is 2026.3.24.
Config was last written by a newer OpenClaw (2026.6.8); current version is 2026.3.24.
Config was last written by a newer OpenClaw (2026.6.8); current version is 2026.3.24.
Config was last written by a newer OpenClaw (2026.6.8); current version is 2026.3.24.
Config was last written by a newer OpenClaw (2026.6.8); current version is 2026.3.24.
Config was last written by a newer OpenClaw (2026.6.8); current version is 2026.3.24.
Config was last written by a newer OpenClaw (2026.6.8); current version is 2026.3.24.
Config was last written by a newer OpenClaw (2026.6.8); current version is 2026.3.24.
Config was last written by a newer OpenClaw (2026.6.8); current version is 2026.3.24.
Config was last written by a newer OpenClaw (2026.6.8); current version is 2026.3.24.
Config was last written by a newer OpenClaw (2026.6.8); current version is 2026.3.24.
Config was last written by a newer OpenClaw (2026.6.8); current version is 2026.3.24.
Config was last written by a newer OpenClaw (2026.6.8); current version is 2026.3.24.
Config was last written by a newer OpenClaw (2026.6.8); current version is 2026.3.24.
Config was last written by a newer OpenClaw (2026.6.8); current version is 2026.3.24.
Config was last written by a newer OpenClaw (2026.6.8); current version is 2026.3.24.
Config was last written by a newer OpenClaw (2026.6.8); current version is 2026.3.24.
Config was last written by a newer OpenClaw (2026.6.8); current version is 2026.3.24.
Config was last written by a newer OpenClaw (2026.6.8); current version is 2026.3.24.
Config was last written by a newer OpenClaw (2026.6.8); current version is 2026.3.24.
Config was last written by a newer OpenClaw (2026.6.8); current version is 2026.3.24.
Config was last written by a newer OpenClaw (2026.6.8); current version is 2026.3.24.
Config was last written by a newer OpenClaw (2026.6.8); current version is 2026.3.24.
Config was last written by a newer OpenClaw (2026.6.8); current version is 2026.3.24.
Config was last written by a newer OpenClaw (2026.6.8); current version is 2026.3.24.
Config was last written by a newer OpenClaw (2026.6.8); current version is 2026.3.24.
Config was last written by a newer OpenClaw (2026.6.8); current version is 2026.3.24.
Config was last written by a newer OpenClaw (2026.6.8); current version is 2026.3.24.
Config was last written by a newer OpenClaw (2026.6.8); current version is 2026.3.24.
Config was last written by a newer OpenClaw (2026.6.8); current version is 2026.3.24.
Config was last written by a newer OpenClaw (2026.6.8); current version is 2026.3.24.
Config was last written by a newer OpenClaw (2026.6.8); current version is 2026.3.24.
Config was last written by a newer OpenClaw (2026.6.8); current version is 2026.3.24.
Config was last written by a newer OpenClaw (2026.6.8); current version is 2026.3.24.
Config was last written by a newer OpenClaw (2026.6.8); current version is 2026.3.24.
Config was last written by a newer OpenClaw (2026.6.8); current version is 2026.3.24.
Config was last written by a newer OpenClaw (2026.6.8); current version is 2026.3.24.
Config was last written by a newer OpenClaw (2026.6.8); current version is 2026.3.24.
Config was last written by a newer OpenClaw (2026.6.8); current version is 2026.3.24.
Config was last written by a newer OpenClaw (2026.6.8); current version is 2026.3.24.
Config was last written by a newer OpenClaw (2026.6.8); current version is 2026.3.24.
Config was last written by a newer OpenClaw (2026.6.8); current version is 2026.3.24.
Config was last written by a newer OpenClaw (2026.6.8); current version is 2026.3.24.
Config was last written by a newer OpenClaw (2026.6.8); current version is 2026.3.24.
Config was last written by a newer OpenClaw (2026.6.8); current version is 2026.3.24.
Config was last written by a newer OpenClaw (2026.6.8); current version is 2026.3.24.
Config was last written by a newer OpenClaw (2026.6.8); current version is 2026.3.24.
Config was last written by a newer OpenClaw (2026.6.8); current version is 2026.3.24.
Config was last written by a newer OpenClaw (2026.6.8); current version is 2026.3.24.
Config was last written by a newer OpenClaw (2026.6.8); current version is 2026.3.24.
Config was last written by a newer OpenClaw (2026.6.8); current version is 2026.3.24.
Config was last written by a newer OpenClaw (2026.6.8); current version is 2026.3.24.
Config was last written by a newer OpenClaw (2026.6.8); current version is 2026.3.24.
Config was last written by a newer OpenClaw (2026.6.8); current version is 2026.3.24.
Config was last written by a newer OpenClaw (2026.6.8); current version is 2026.3.24.
Config was last written by a newer OpenClaw (2026.6.8); current version is 2026.3.24.
Config was last written by a newer OpenClaw (2026.6.8); current version is 2026.3.24.
Config was last written by a newer OpenClaw (2026.6.8); current version is 2026.3.24.
Config was last written by a newer OpenClaw (2026.6.8); current version is 2026.3.24.
Config was last written by a newer OpenClaw (2026.6.8); current version is 2026.3.24.
Config was last written by a newer OpenClaw (2026.6.8); current version is 2026.3.24.
Config was last written by a newer OpenClaw (2026.6.8); current version is 2026.3.24.
Config was last written by a newer OpenClaw (2026.6.8); current version is 2026.3.24.
Config was last written by a newer OpenClaw (2026.6.8); current version is 2026.3.24.
Config was last written by a newer OpenClaw (2026.6.8); current version is 2026.3.24.
Config was last written by a newer OpenClaw (2026.6.8); current version is 2026.3.24.
Config was last written by a newer OpenClaw (2026.6.8); current version is 2026.3.24.
Config was last written by a newer OpenClaw (2026.6.8); current version is 2026.3.24.
Config was last written by a newer OpenClaw (2026.6.8); current version is 2026.3.24.
Config was last written by a newer OpenClaw (2026.6.8); current version is 2026.3.24.
Config was last written by a newer OpenClaw (2026.6.8); current version is 2026.3.24.
Config was last written by a newer OpenClaw (2026.6.8); current version is 2026.3.24.
Config was last written by a newer OpenClaw (2026.6.8); current version is 2026.3.24.
Config was last written by a newer OpenClaw (2026.6.8); current version is 2026.3.24.
Config was last written by a newer OpenClaw (2026.6.8); current version is 2026.3.24.
Config was last written by a newer OpenClaw (2026.6.8); current version is 2026.3.24.
Config was last written by a newer OpenClaw (2026.6.8); current version is 2026.3.24.
Config was last written by a newer OpenClaw (2026.6.8); current version is 2026.3.24.
Config was last written by a newer OpenClaw (2026.6.8); current version is 2026.3.24.
Config was last written by a newer OpenClaw (2026.6.8); current version is 2026.3.24.
Config was last written by a newer OpenClaw (2026.6.8); current version is 2026.3.24.
Config was last written by a newer OpenClaw (2026.6.8); current version is 2026.3.24.
Config was last written by a newer OpenClaw (2026.6.8); current version is 2026.3.24.
Config was last written by a newer OpenClaw (2026.6.8); current version is 2026.3.24.
Config was last written by a newer OpenClaw (2026.6.8); current version is 2026.3.24.
Config was last written by a newer OpenClaw (2026.6.8); current version is 2026.3.24.
Config was last written by a newer OpenClaw (2026.6.8); current version is 2026.3.24.
Config was last written by a newer OpenClaw (2026.6.8); current version is 2026.3.24.
Config was last written by a newer OpenClaw (2026.6.8); current version is 2026.3.24.
Config was last written by a newer OpenClaw (2026.6.8); current version is 2026.3.24.
Config was last written by a newer OpenClaw (2026.6.8); current version is 2026.3.24.
Config was last written by a newer OpenClaw (2026.6.8); current version is 2026.3.24.
Config was last written by a newer OpenClaw (2026.6.8); current version is 2026.3.24.
Config was last written by a newer OpenClaw (2026.6.8); current version is 2026.3.24.
Config was last written by a newer OpenClaw (2026.6.8); current version is 2026.3.24.
Config was last written by a newer OpenClaw (2026.6.8); current version is 2026.3.24.
Config was last written by a newer OpenClaw (2026.6.8); current version is 2026.3.24.
Config was last written by a newer OpenClaw (2026.6.8); current version is 2026.3.24.
Config was last written by a newer OpenClaw (2026.6.8); current version is 2026.3.24.
Config was last written by a newer OpenClaw (2026.6.8); current version is 2026.3.24.
Config was last written by a newer OpenClaw (2026.6.8); current version is 2026.3.24.
Config was last written by a newer OpenClaw (2026.6.8); current version is 2026.3.24.
Config was last written by a newer OpenClaw (2026.6.8); current version is 2026.3.24.
Config was last written by a newer OpenClaw (2026.6.8); current version is 2026.3.24.
Config was last written by a newer OpenClaw (2026.6.8); current version is 2026.3.24.
Config was last written by a newer OpenClaw (2026.6.8); current version is 2026.3.24.
Config was last written by a newer OpenClaw (2026.6.8); current version is 2026.3.24.
Config was last written by a newer OpenClaw (2026.6.8); current version is 2026.3.24.
Config was last written by a newer OpenClaw (2026.6.8); current version is 2026.3.24.
Config was last written by a newer OpenClaw (2026.6.8); current version is 2026.3.24.
Config was last written by a newer OpenClaw (2026.6.8); current version is 2026.3.24.
Config was last written by a newer OpenClaw (2026.6.8); current version is 2026.3.24.
Config was last written by a newer OpenClaw (2026.6.8); current version is 2026.3.24.
Config was last written by a newer OpenClaw (2026.6.8); current version is 2026.3.24.
Config was last written by a newer OpenClaw (2026.6.8); current version is 2026.3.24.
Config was last written by a newer OpenClaw (2026.6.8); current version is 2026.3.24.
Config was last written by a newer OpenClaw (2026.6.8); current version is 2026.3.24.
Config was last written by a newer OpenClaw (2026.6.8); current version is 2026.3.24.
Config was last written by a newer OpenClaw (2026.6.8); current version is 2026.3.24.
Config was last written by a newer OpenClaw (2026.6.8); current version is 2026.3.24.
Config was last written by a newer OpenClaw (2026.6.8); current version is 2026.3.24.
Config was last written by a newer OpenClaw (2026.6.8); current version is 2026.3.24.
Config was last written by a newer OpenClaw (2026.6.8); current version is 2026.3.24.
Config was last written by a newer OpenClaw (2026.6.8); current version is 2026.3.24.
Config was last written by a newer OpenClaw (2026.6.8); current version is 2026.3.24.
Config was last written by a newer OpenClaw (2026.6.8); current version is 2026.3.24.
Config was last written by a newer OpenClaw (2026.6.8); current version is 2026.3.24.
Config was last written by a newer OpenClaw (2026.6.8); current version is 2026.3.24.
Config was last written by a newer OpenClaw (2026.6.8); current version is 2026.3.24.
Config was last written by a newer OpenClaw (2026.6.8); current version is 2026.3.24.
Config was last written by a newer OpenClaw (2026.6.8); current version is 2026.3.24.
Config was last written by a newer OpenClaw (2026.6.8); current version is 2026.3.24.
Config was last written by a newer OpenClaw (2026.6.8); current version is 2026.3.24.
Config was last written by a newer OpenClaw (2026.6.8); current version is 2026.3.24.
Config was last written by a newer OpenClaw (2026.6.8); current version is 2026.3.24.
Config was last written by a newer OpenClaw (2026.6.8); current version is 2026.3.24.
Config was last written by a newer OpenClaw (2026.6.8); current version is 2026.3.24.
Config was last written by a newer OpenClaw (2026.6.8); current version is 2026.3.24.
Config was last written by a newer OpenClaw (2026.6.8); current version is 2026.3.24.
Config was last written by a newer OpenClaw (2026.6.8); current version is 2026.3.24.
Config was last written by a newer OpenClaw (2026.6.8); current version is 2026.3.24.
Config was last written by a newer OpenClaw (2026.6.8); current version is 2026.3.24.
Config was last written by a newer OpenClaw (2026.6.8); current version is 2026.3.24.
Config was last written by a newer OpenClaw (2026.6.8); current version is 2026.3.24.
Config was last written by a newer OpenClaw (2026.6.8); current version is 2026.3.24.
Config was last written by a newer OpenClaw (2026.6.8); current version is 2026.3.24.
Config was last written by a newer OpenClaw (2026.6.8); current version is 2026.3.24.
Config was last written by a newer OpenClaw (2026.6.8); current version is 2026.3.24.
Config was last written by a newer OpenClaw (2026.6.8); current version is 2026.3.24.
Config was last written by a newer OpenClaw (2026.6.8); current version is 2026.3.24.
Config was last written by a newer OpenClaw (2026.6.8); current version is 2026.3.24.
Config was last written by a newer OpenClaw (2026.6.8); current version is 2026.3.24.
Config was last written by a newer OpenClaw (2026.6.8); current version is 2026.3.24.
Config was last written by a newer OpenClaw (2026.6.8); current version is 2026.3.24.
Config was last written by a newer OpenClaw (2026.6.8); current version is 2026.3.24.
Config was last written by a newer OpenClaw (2026.6.8); current version is 2026.3.24.
Config was last written by a newer OpenClaw (2026.6.8); current version is 2026.3.24.
Config was last written by a newer OpenClaw (2026.6.8); current version is 2026.3.24.
Config was last written by a newer OpenClaw (2026.6.8); current version is 2026.3.24.
Config was last written by a newer OpenClaw (2026.6.8); current version is 2026.3.24.
Config was last written by a newer OpenClaw (2026.6.8); current version is 2026.3.24.
Config was last written by a newer OpenClaw (2026.6.8); current version is 2026.3.24.
Config was last written by a newer OpenClaw (2026.6.8); current version is 2026.3.24.
Config was last written by a newer OpenClaw (2026.6.8); current version is 2026.3.24.
Config was last written by a newer OpenClaw (2026.6.8); current version is 2026.3.24.
Config was last written by a newer OpenClaw (2026.6.8); current version is 2026.3.24.
Config was last written by a newer OpenClaw (2026.6.8); current version is 2026.3.24.
Config was last written by a newer OpenClaw (2026.6.8); current version is 2026.3.24.
Config was last written by a newer OpenClaw (2026.6.8); current version is 2026.3.24.
Config was last written by a newer OpenClaw (2026.6.8); current version is 2026.3.24.
Config was last written by a newer OpenClaw (2026.6.8); current version is 2026.3.24.
Config was last written by a newer OpenClaw (2026.6.8); current version is 2026.3.24.
Config was last written by a newer OpenClaw (2026.6.8); current version is 2026.3.24.
Config was last written by a newer OpenClaw (2026.6.8); current version is 2026.3.24.
Config was last written by a newer OpenClaw (2026.6.8); current version is 2026.3.24.
Config was last written by a newer OpenClaw (2026.6.8); current version is 2026.3.24.
Config was last written by a newer OpenClaw (2026.6.8); current version is 2026.3.24.
Config was last written by a newer OpenClaw (2026.6.8); current version is 2026.3.24.
Config was last written by a newer OpenClaw (2026.6.8); current version is 2026.3.24.
Config was last written by a newer OpenClaw (2026.6.8); current version is 2026.3.24.
Config was last written by a newer OpenClaw (2026.6.8); current version is 2026.3.24.
Config was last written by a newer OpenClaw (2026.6.8); current version is 2026.3.24.
Config was last written by a newer OpenClaw (2026.6.8); current version is 2026.3.24.
Config was last written by a newer OpenClaw (2026.6.8); current version is 2026.3.24.
Config was last written by a newer OpenClaw (2026.6.8); current version is 2026.3.24.
Config was last written by a newer OpenClaw (2026.6.8); current version is 2026.3.24.
Config was last written by a newer OpenClaw (2026.6.8); current version is 2026.3.24.
Config was last written by a newer OpenClaw (2026.6.8); current version is 2026.3.24.
Config was last written by a newer OpenClaw (2026.6.8); current version is 2026.3.24.
Config was last written by a newer OpenClaw (2026.6.8); current version is 2026.3.24.
Config was last written by a newer OpenClaw (2026.6.8); current version is 2026.3.24.
Config was last written by a newer OpenClaw (2026.6.8); current version is 2026.3.24.
Config was last written by a newer OpenClaw (2026.6.8); current version is 2026.3.24.
Config was last written by a newer OpenClaw (2026.6.8); current version is 2026.3.24.
Config was last written by a newer OpenClaw (2026.6.8); current version is 2026.3.24.
Config was last written by a newer OpenClaw (2026.6.8); current version is 2026.3.24.
Config was last written by a newer OpenClaw (2026.6.8); current version is 2026.3.24.
Config was last written by a newer OpenClaw (2026.6.8); current version is 2026.3.24.
Config was last written by a newer OpenClaw (2026.6.8); current version is 2026.3.24.
Config was last written by a newer OpenClaw (2026.6.8); current version is 2026.3.24.
Config was last written by a newer OpenClaw (2026.6.8); current version is 2026.3.24.
Config was last written by a newer OpenClaw (2026.6.8); current version is 2026.3.24.
Config was last written by a newer OpenClaw (2026.6.8); current version is 2026.3.24.
Config was last written by a newer OpenClaw (2026.6.8); current version is 2026.3.24.
Config was last written by a newer OpenClaw (2026.6.8); current version is 2026.3.24.
Config was last written by a newer OpenClaw (2026.6.8); current version is 2026.3.24.
Config was last written by a newer OpenClaw (2026.6.8); current version is 2026.3.24.
Config was last written by a newer OpenClaw (2026.6.8); current version is 2026.3.24.
Config was last written by a newer OpenClaw (2026.6.8); current version is 2026.3.24.
Config was last written by a newer OpenClaw (2026.6.8); current version is 2026.3.24.
Config was last written by a newer OpenClaw (2026.6.8); current version is 2026.3.24.
Config was last written by a newer OpenClaw (2026.6.8); current version is 2026.3.24.
Config was last written by a newer OpenClaw (2026.6.8); current version is 2026.3.24.
Config was last written by a newer OpenClaw (2026.6.8); current version is 2026.3.24.
Config was last written by a newer OpenClaw (2026.6.8); current version is 2026.3.24.
Config was last written by a newer OpenClaw (2026.6.8); current version is 2026.3.24.
Config was last written by a newer OpenClaw (2026.6.8); current version is 2026.3.24.
Config was last written by a newer OpenClaw (2026.6.8); current version is 2026.3.24.
Config was last written by a newer OpenClaw (2026.6.8); current version is 2026.3.24.
Config was last written by a newer OpenClaw (2026.6.8); current version is 2026.3.24.
Config was last written by a newer OpenClaw (2026.6.8); current version is 2026.3.24.
Config was last written by a newer OpenClaw (2026.6.8); current version is 2026.3.24.
Config was last written by a newer OpenClaw (2026.6.8); current version is 2026.3.24.
Config was last written by a newer OpenClaw (2026.6.8); current version is 2026.3.24.
Config was last written by a newer OpenClaw (2026.6.8); current version is 2026.3.24.
Config was last written by a newer OpenClaw (2026.6.8); current version is 2026.3.24.
Config was last written by a newer OpenClaw (2026.6.8); current version is 2026.3.24.
Config was last written by a newer OpenClaw (2026.6.8); current version is 2026.3.24.
Config was last written by a newer OpenClaw (2026.6.8); current version is 2026.3.24.
Config was last written by a newer OpenClaw (2026.6.8); current version is 2026.3.24.
Config was last written by a newer OpenClaw (2026.6.8); current version is 2026.3.24.
Config was last written by a newer OpenClaw (2026.6.8); current version is 2026.3.24.
Config was last written by a newer OpenClaw (2026.6.8); current version is 2026.3.24.
Config was last written by a newer OpenClaw (2026.6.8); current version is 2026.3.24.
Config was last written by a newer OpenClaw (2026.6.8); current version is 2026.3.24.
Config was last written by a newer OpenClaw (2026.6.8); current version is 2026.3.24.
Config was last written by a newer OpenClaw (2026.6.8); current version is 2026.3.24.
Config was last written by a newer OpenClaw (2026.6.8); current version is 2026.3.24.
Config was last written by a newer OpenClaw (2026.6.8); current version is 2026.3.24.
Config was last written by a newer OpenClaw (2026.6.8); current version is 2026.3.24.
Config was last written by a newer OpenClaw (2026.6.8); current version is 2026.3.24.
Config was last written by a newer OpenClaw (2026.6.8); current version is 2026.3.24.
Config was last written by a newer OpenClaw (2026.6.8); current version is 2026.3.24.
Config was last written by a newer OpenClaw (2026.6.8); current version is 2026.3.24.
Config was last written by a newer OpenClaw (2026.6.8); current version is 2026.3.24.
Config was last written by a newer OpenClaw (2026.6.8); current version is 2026.3.24.
Config was last written by a newer OpenClaw (2026.6.8); current version is 2026.3.24.
Config was last written by a newer OpenClaw (2026.6.8); current version is 2026.3.24.
Config was last written by a newer OpenClaw (2026.6.8); current version is 2026.3.24.
Config was last written by a newer OpenClaw (2026.6.8); current version is 2026.3.24.
Config was last written by a newer OpenClaw (2026.6.8); current version is 2026.3.24.
Config was last written by a newer OpenClaw (2026.6.8); current version is 2026.3.24.
Config was last written by a newer OpenClaw (2026.6.8); current version is 2026.3.24.
Config was last written by a newer OpenClaw (2026.6.8); current version is 2026.3.24.
Config was last written by a newer OpenClaw (2026.6.8); current version is 2026.3.24.
Config was last written by a newer OpenClaw (2026.6.8); current version is 2026.3.24.
Config was last written by a newer OpenClaw (2026.6.8); current version is 2026.3.24.
Config was last written by a newer OpenClaw (2026.6.8); current version is 2026.3.24.
Config was last written by a newer OpenClaw (2026.6.8); current version is 2026.3.24.
Config was last written by a newer OpenClaw (2026.6.8); current version is 2026.3.24.
Config was last written by a newer OpenClaw (2026.6.8); current version is 2026.3.24.
Config was last written by a newer OpenClaw (2026.6.8); current version is 2026.3.24.
Config was last written by a newer OpenClaw (2026.6.8); current version is 2026.3.24.
Config was last written by a newer OpenClaw (2026.6.8); current version is 2026.3.24.
Config was last written by a newer OpenClaw (2026.6.8); current version is 2026.3.24.
Config was last written by a newer OpenClaw (2026.6.8); current version is 2026.3.24.
Config was last written by a newer OpenClaw (2026.6.8); current version is 2026.3.24.
Config was last written by a newer OpenClaw (2026.6.8); current version is 2026.3.24.
Config was last written by a newer OpenClaw (2026.6.8); current version is 2026.3.24.
Config was last written by a newer OpenClaw (2026.6.8); current version is 2026.3.24.
Config was last written by a newer OpenClaw (2026.6.8); current version is 2026.3.24.
Config was last written by a newer OpenClaw (2026.6.8); current version is 2026.3.24.
Config was last written by a newer OpenClaw (2026.6.8); current version is 2026.3.24.
Config was last written by a newer OpenClaw (2026.6.8); current version is 2026.3.24.
Config was last written by a newer OpenClaw (2026.6.8); current version is 2026.3.24.
Config was last written by a newer OpenClaw (2026.6.8); current version is 2026.3.24.
Config was last written by a newer OpenClaw (2026.6.8); current version is 2026.3.24.
Config was last written by a newer OpenClaw (2026.6.8); current version is 2026.3.24.
Config was last written by a newer OpenClaw (2026.6.8); current version is 2026.3.24.
Config was last written by a newer OpenClaw (2026.6.8); current version is 2026.3.24.
Config was last written by a newer OpenClaw (2026.6.8); current version is 2026.3.24.
Config was last written by a newer OpenClaw (2026.6.8); current version is 2026.3.24.
Config was last written by a newer OpenClaw (2026.6.8); current version is 2026.3.24.
Config was last written by a newer OpenClaw (2026.6.8); current version is 2026.3.24.
Config was last written by a newer OpenClaw (2026.6.8); current version is 2026.3.24.
Config was last written by a newer OpenClaw (2026.6.8); current version is 2026.3.24.
Config was last written by a newer OpenClaw (2026.6.8); current version is 2026.3.24.
Config was last written by a newer OpenClaw (2026.6.8); current version is 2026.3.24.
Config was last written by a newer OpenClaw (2026.6.8); current version is 2026.3.24.
Config was last written by a newer OpenClaw (2026.6.8); current version is 2026.3.24.
Config was last written by a newer OpenClaw (2026.6.8); current version is 2026.3.24.
Config was last written by a newer OpenClaw (2026.6.8); current version is 2026.3.24.
Config was last written by a newer OpenClaw (2026.6.8); current version is 2026.3.24.
Config was last written by a newer OpenClaw (2026.6.8); current version is 2026.3.24.
Config was last written by a newer OpenClaw (2026.6.8); current version is 2026.3.24.
Config was last written by a newer OpenClaw (2026.6.8); current version is 2026.3.24.
Config was last written by a newer OpenClaw (2026.6.8); current version is 2026.3.24.
Config was last written by a newer OpenClaw (2026.6.8); current version is 2026.3.24.
Config was last written by a newer OpenClaw (2026.6.8); current version is 2026.3.24.
Config was last written by a newer OpenClaw (2026.6.8); current version is 2026.3.24.
Config was last written by a newer OpenClaw (2026.6.8); current version is 2026.3.24.
Config was last written by a newer OpenClaw (2026.6.8); current version is 2026.3.24.
Config was last written by a newer OpenClaw (2026.6.8); current version is 2026.3.24.
Config was last written by a newer OpenClaw (2026.6.8); current version is 2026.3.24.
Config was last written by a newer OpenClaw (2026.6.8); current version is 2026.3.24.
Config was last written by a newer OpenClaw (2026.6.8); current version is 2026.3.24.
Config was last written by a newer OpenClaw (2026.6.8); current version is 2026.3.24.
Config was last written by a newer OpenClaw (2026.6.8); current version is 2026.3.24.
Config was last written by a newer OpenClaw (2026.6.8); current version is 2026.3.24.
Config was last written by a newer OpenClaw (2026.6.8); current version is 2026.3.24.
Config was last written by a newer OpenClaw (2026.6.8); current version is 2026.3.24.
Config was last written by a newer OpenClaw (2026.6.8); current version is 2026.3.24.
Config was last written by a newer OpenClaw (2026.6.8); current version is 2026.3.24.
Config was last written by a newer OpenClaw (2026.6.8); current version is 2026.3.24.
Config was last written by a newer OpenClaw (2026.6.8); current version is 2026.3.24.
Config was last written by a newer OpenClaw (2026.6.8); current version is 2026.3.24.
Config was last written by a newer OpenClaw (2026.6.8); current version is 2026.3.24.
Config was last written by a newer OpenClaw (2026.6.8); current version is 2026.3.24.
Config was last written by a newer OpenClaw (2026.6.8); current version is 2026.3.24.
Config was last written by a newer OpenClaw (2026.6.8); current version is 2026.3.24.
Config was last written by a newer OpenClaw (2026.6.8); current version is 2026.3.24.
Config was last written by a newer OpenClaw (2026.6.8); current version is 2026.3.24.
Config was last written by a newer OpenClaw (2026.6.8); current version is 2026.3.24.
Config was last written by a newer OpenClaw (2026.6.8); current version is 2026.3.24.
Config was last written by a newer OpenClaw (2026.6.8); current version is 2026.3.24.
Config was last written by a newer OpenClaw (2026.6.8); current version is 2026.3.24.
Config was last written by a newer OpenClaw (2026.6.8); current version is 2026.3.24.
Config was last written by a newer OpenClaw (2026.6.8); current version is 2026.3.24.
Config was last written by a newer OpenClaw (2026.6.8); current version is 2026.3.24.
Config was last written by a newer OpenClaw (2026.6.8); current version is 2026.3.24.
Config was last written by a newer OpenClaw (2026.6.8); current version is 2026.3.24.
Config was last written by a newer OpenClaw (2026.6.8); current version is 2026.3.24.
Config was last written by a newer OpenClaw (2026.6.8); current version is 2026.3.24.
Config was last written by a newer OpenClaw (2026.6.8); current version is 2026.3.24.
Config was last written by a newer OpenClaw (2026.6.8); current version is 2026.3.24.
Config was last written by a newer OpenClaw (2026.6.8); current version is 2026.3.24.
Config was last written by a newer OpenClaw (2026.6.8); current version is 2026.3.24.
Config was last written by a newer OpenClaw (2026.6.8); current version is 2026.3.24.
Config was last written by a newer OpenClaw (2026.6.8); current version is 2026.3.24.
Config was last written by a newer OpenClaw (2026.6.8); current version is 2026.3.24.
Config was last written by a newer OpenClaw (2026.6.8); current version is 2026.3.24.
Config was last written by a newer OpenClaw (2026.6.8); current version is 2026.3.24.
Config was last written by a newer OpenClaw (2026.6.8); current version is 2026.3.24.
Config was last written by a newer OpenClaw (2026.6.8); current version is 2026.3.24.
Config was last written by a newer OpenClaw (2026.6.8); current version is 2026.3.24.
Config was last written by a newer OpenClaw (2026.6.8); current version is 2026.3.24.
Config was last written by a newer OpenClaw (2026.6.8); current version is 2026.3.24.
Config was last written by a newer OpenClaw (2026.6.8); current version is 2026.3.24.
Config was last written by a newer OpenClaw (2026.6.8); current version is 2026.3.24.
Config was last written by a newer OpenClaw (2026.6.8); current version is 2026.3.24.
Config was last written by a newer OpenClaw (2026.6.8); current version is 2026.3.24.
Config was last written by a newer OpenClaw (2026.6.8); current version is 2026.3.24.
Config was last written by a newer OpenClaw (2026.6.8); current version is 2026.3.24.
Config was last written by a newer OpenClaw (2026.6.8); current version is 2026.3.24.
Config was last written by a newer OpenClaw (2026.6.8); current version is 2026.3.24.
Config was last written by a newer OpenClaw (2026.6.8); current version is 2026.3.24.
Config was last written by a newer OpenClaw (2026.6.8); current version is 2026.3.24.
Config was last written by a newer OpenClaw (2026.6.8); current version is 2026.3.24.
Config was last written by a newer OpenClaw (2026.6.8); current version is 2026.3.24.
Config was last written by a newer OpenClaw (2026.6.8); current version is 2026.3.24.
Config was last written by a newer OpenClaw (2026.6.8); current version is 2026.3.24.
Config was last written by a newer OpenClaw (2026.6.8); current version is 2026.3.24.
Config was last written by a newer OpenClaw (2026.6.8); current version is 2026.3.24.
Config was last written by a newer OpenClaw (2026.6.8); current version is 2026.3.24.
Config was last written by a newer OpenClaw (2026.6.8); current version is 2026.3.24.
Config was last written by a newer OpenClaw (2026.6.8); current version is 2026.3.24.
Config was last written by a newer OpenClaw (2026.6.8); current version is 2026.3.24.
Config was last written by a newer OpenClaw (2026.6.8); current version is 2026.3.24.
Config was last written by a newer OpenClaw (2026.6.8); current version is 2026.3.24.
Config was last written by a newer OpenClaw (2026.6.8); current version is 2026.3.24.
Config was last written by a newer OpenClaw (2026.6.8); current version is 2026.3.24.
Config was last written by a newer OpenClaw (2026.6.8); current version is 2026.3.24.
Config was last written by a newer OpenClaw (2026.6.8); current version is 2026.3.24.
Config was last written by a newer OpenClaw (2026.6.8); current version is 2026.3.24.
Config was last written by a newer OpenClaw (2026.6.8); current version is 2026.3.24.
Config was last written by a newer OpenClaw (2026.6.8); current version is 2026.3.24.
Config was last written by a newer OpenClaw (2026.6.8); current version is 2026.3.24.
Config was last written by a newer OpenClaw (2026.6.8); current version is 2026.3.24.
Config was last written by a newer OpenClaw (2026.6.8); current version is 2026.3.24.
Config was last written by a newer OpenClaw (2026.6.8); current version is 2026.3.24.
Config was last written by a newer OpenClaw (2026.6.8); current version is 2026.3.24.
Config was last written by a newer OpenClaw (2026.6.8); current version is 2026.3.24.
Config was last written by a newer OpenClaw (2026.6.8); current version is 2026.3.24.
Config was last written by a newer OpenClaw (2026.6.8); current version is 2026.3.24.
Config was last written by a newer OpenClaw (2026.6.8); current version is 2026.3.24.
Config was last written by a newer OpenClaw (2026.6.8); current version is 2026.3.24.
Config was last written by a newer OpenClaw (2026.6.8); current version is 2026.3.24.
Config was last written by a newer OpenClaw (2026.6.8); current version is 2026.3.24.
Config was last written by a newer OpenClaw (2026.6.8); current version is 2026.3.24.
Config was last written by a newer OpenClaw (2026.6.8); current version is 2026.3.24.
Config was last written by a newer OpenClaw (2026.6.8); current version is 2026.3.24.
Config was last written by a newer OpenClaw (2026.6.8); current version is 2026.3.24.
Config was last written by a newer OpenClaw (2026.6.8); current version is 2026.3.24.
Config was last written by a newer OpenClaw (2026.6.8); current version is 2026.3.24.
Config was last written by a newer OpenClaw (2026.6.8); current version is 2026.3.24.
Config was last written by a newer OpenClaw (2026.6.8); current version is 2026.3.24.
Config was last written by a newer OpenClaw (2026.6.8); current version is 2026.3.24.
Config was last written by a newer OpenClaw (2026.6.8); current version is 2026.3.24.
Config was last written by a newer OpenClaw (2026.6.8); current version is 2026.3.24.
Config was last written by a newer OpenClaw (2026.6.8); current version is 2026.3.24.
Config was last written by a newer OpenClaw (2026.6.8); current version is 2026.3.24.
Config was last written by a newer OpenClaw (2026.6.8); current version is 2026.3.24.
Config was last written by a newer OpenClaw (2026.6.8); current version is 2026.3.24.
Config was last written by a newer OpenClaw (2026.6.8); current version is 2026.3.24.
Config was last written by a newer OpenClaw (2026.6.8); current version is 2026.3.24.
Config was last written by a newer OpenClaw (2026.6.8); current version is 2026.3.24.
Config was last written by a newer OpenClaw (2026.6.8); current version is 2026.3.24.
Config was last written by a newer OpenClaw (2026.6.8); current version is 2026.3.24.
Config was last written by a newer OpenClaw (2026.6.8); current version is 2026.3.24.
Config was last written by a newer OpenClaw (2026.6.8); current version is 2026.3.24.
Config was last written by a newer OpenClaw (2026.6.8); current version is 2026.3.24.
Config was last written by a newer OpenClaw (2026.6.8); current version is 2026.3.24.
Config was last written by a newer OpenClaw (2026.6.8); current version is 2026.3.24.
Config was last written by a newer OpenClaw (2026.6.8); current version is 2026.3.24.
Config was last written by a newer OpenClaw (2026.6.8); current version is 2026.3.24.
Config was last written by a newer OpenClaw (2026.6.8); current version is 2026.3.24.
Config was last written by a newer OpenClaw (2026.6.8); current version is 2026.3.24.
Config was last written by a newer OpenClaw (2026.6.8); current version is 2026.3.24.
Config was last written by a newer OpenClaw (2026.6.8); current version is 2026.3.24.
Config was last written by a newer OpenClaw (2026.6.8); current version is 2026.3.24.
Config was last written by a newer OpenClaw (2026.6.8); current version is 2026.3.24.
Config was last written by a newer OpenClaw (2026.6.8); current version is 2026.3.24.
Config was last written by a newer OpenClaw (2026.6.8); current version is 2026.3.24.
Config was last written by a newer OpenClaw (2026.6.8); current version is 2026.3.24.
Config was last written by a newer OpenClaw (2026.6.8); current version is 2026.3.24.
Config was last written by a newer OpenClaw (2026.6.8); current version is 2026.3.24.
Config was last written by a newer OpenClaw (2026.6.8); current version is 2026.3.24.
Config was last written by a newer OpenClaw (2026.6.8); current version is 2026.3.24.
Config was last written by a newer OpenClaw (2026.6.8); current version is 2026.3.24.
Config was last written by a newer OpenClaw (2026.6.8); current version is 2026.3.24.
Config was last written by a newer OpenClaw (2026.6.8); current version is 2026.3.24.
Config was last written by a newer OpenClaw (2026.6.8); current version is 2026.3.24.
Config was last written by a newer OpenClaw (2026.6.8); current version is 2026.3.24.
Config was last written by a newer OpenClaw (2026.6.8); current version is 2026.3.24.
Config was last written by a newer OpenClaw (2026.6.8); current version is 2026.3.24.
Config was last written by a newer OpenClaw (2026.6.8); current version is 2026.3.24.
Config was last written by a newer OpenClaw (2026.6.8); current version is 2026.3.24.
Config was last written by a newer OpenClaw (2026.6.8); current version is 2026.3.24.
Config was last written by a newer OpenClaw (2026.6.8); current version is 2026.3.24.
Config was last written by a newer OpenClaw (2026.6.8); current version is 2026.3.24.
Config was last written by a newer OpenClaw (2026.6.8); current version is 2026.3.24.
Config was last written by a newer OpenClaw (2026.6.8); current version is 2026.3.24.
Config was last written by a newer OpenClaw (2026.6.8); current version is 2026.3.24.
Config was last written by a newer OpenClaw (2026.6.8); current version is 2026.3.24.
Config was last written by a newer OpenClaw (2026.6.8); current version is 2026.3.24.
Config was last written by a newer OpenClaw (2026.6.8); current version is 2026.3.24.
Config was last written by a newer OpenClaw (2026.6.8); current version is 2026.3.24.
Config was last written by a newer OpenClaw (2026.6.8); current version is 2026.3.24.
Config was last written by a newer OpenClaw (2026.6.8); current version is 2026.3.24.
Config was last written by a newer OpenClaw (2026.6.8); current version is 2026.3.24.
Config was last written by a newer OpenClaw (2026.6.8); current version is 2026.3.24.
Config was last written by a newer OpenClaw (2026.6.8); current version is 2026.3.24.
Config was last written by a newer OpenClaw (2026.6.8); current version is 2026.3.24.
Config was last written by a newer OpenClaw (2026.6.8); current version is 2026.3.24.
Config was last written by a newer OpenClaw (2026.6.8); current version is 2026.3.24.
Config was last written by a newer OpenClaw (2026.6.8); current version is 2026.3.24.
Config was last written by a newer OpenClaw (2026.6.8); current version is 2026.3.24.
Config was last written by a newer OpenClaw (2026.6.8); current version is 2026.3.24.
Config was last written by a newer OpenClaw (2026.6.8); current version is 2026.3.24.
Config was last written by a newer OpenClaw (2026.6.8); current version is 2026.3.24.
Config was last written by a newer OpenClaw (2026.6.8); current version is 2026.3.24.
Config was last written by a newer OpenClaw (2026.6.8); current version is 2026.3.24.
Config was last written by a newer OpenClaw (2026.6.8); current version is 2026.3.24.
Config was last written by a newer OpenClaw (2026.6.8); current version is 2026.3.24.
Config was last written by a newer OpenClaw (2026.6.8); current version is 2026.3.24.
Config was last written by a newer OpenClaw (2026.6.8); current version is 2026.3.24.
Config was last written by a newer OpenClaw (2026.6.8); current version is 2026.3.24.
Config was last written by a newer OpenClaw (2026.6.8); current version is 2026.3.24.
Config was last written by a newer OpenClaw (2026.6.8); current version is 2026.3.24.
Config was last written by a newer OpenClaw (2026.6.8); current version is 2026.3.24.
Config was last written by a newer OpenClaw (2026.6.8); current version is 2026.3.24.
Config was last written by a newer OpenClaw (2026.6.8); current version is 2026.3.24.
Config was last written by a newer OpenClaw (2026.6.8); current version is 2026.3.24.
Config was last written by a newer OpenClaw (2026.6.8); current version is 2026.3.24.
Config was last written by a newer OpenClaw (2026.6.8); current version is 2026.3.24.
Config was last written by a newer OpenClaw (2026.6.8); current version is 2026.3.24.
Config was last written by a newer OpenClaw (2026.6.8); current version is 2026.3.24.
Config was last written by a newer OpenClaw (2026.6.8); current version is 2026.3.24.
Config was last written by a newer OpenClaw (2026.6.8); current version is 2026.3.24.
Config was last written by a newer OpenClaw (2026.6.8); current version is 2026.3.24.
Config was last written by a newer OpenClaw (2026.6.8); current version is 2026.3.24.
Config was last written by a newer OpenClaw (2026.6.8); current version is 2026.3.24.
Config was last written by a newer OpenClaw (2026.6.8); current version is 2026.3.24.
Config was last written by a newer OpenClaw (2026.6.8); current version is 2026.3.24.
Config was last written by a newer OpenClaw (2026.6.8); current version is 2026.3.24.
Config was last written by a newer OpenClaw (2026.6.8); current version is 2026.3.24.
Config was last written by a newer OpenClaw (2026.6.8); current version is 2026.3.24.
Config was last written by a newer OpenClaw (2026.6.8); current version is 2026.3.24.
Config was last written by a newer OpenClaw (2026.6.8); current version is 2026.3.24.
Config was last written by a newer OpenClaw (2026.6.8); current version is 2026.3.24.
Config was last written by a newer OpenClaw (2026.6.8); current version is 2026.3.24.
Config was last written by a newer OpenClaw (2026.6.8); current version is 2026.3.24.
Config was last written by a newer OpenClaw (2026.6.8); current version is 2026.3.24.
Config was last written by a newer OpenClaw (2026.6.8); current version is 2026.3.24.
Config was last written by a newer OpenClaw (2026.6.8); current version is 2026.3.24.
Config was last written by a newer OpenClaw (2026.6.8); current version is 2026.3.24.
Config was last written by a newer OpenClaw (2026.6.8); current version is 2026.3.24.
Config was last written by a newer OpenClaw (2026.6.8); current version is 2026.3.24.
Config was last written by a newer OpenClaw (2026.6.8); current version is 2026.3.24.
Config was last written by a newer OpenClaw (2026.6.8); current version is 2026.3.24.
Config was last written by a newer OpenClaw (2026.6.8); current version is 2026.3.24.
Config was last written by a newer OpenClaw (2026.6.8); current version is 2026.3.24.
Config was last written by a newer OpenClaw (2026.6.8); current version is 2026.3.24.
Config was last written by a newer OpenClaw (2026.6.8); current version is 2026.3.24.
Config was last written by a newer OpenClaw (2026.6.8); current version is 2026.3.24.
Config was last written by a newer OpenClaw (2026.6.8); current version is 2026.3.24.
Config was last written by a newer OpenClaw (2026.6.8); current version is 2026.3.24.
Config was last written by a newer OpenClaw (2026.6.8); current version is 2026.3.24.
Config was last written by a newer OpenClaw (2026.6.8); current version is 2026.3.24.
Config was last written by a newer OpenClaw (2026.6.8); current version is 2026.3.24.
Config was last written by a newer OpenClaw (2026.6.8); current version is 2026.3.24.
Config was last written by a newer OpenClaw (2026.6.8); current version is 2026.3.24.
Config was last written by a newer OpenClaw (2026.6.8); current version is 2026.3.24.
Config was last written by a newer OpenClaw (2026.6.8); current version is 2026.3.24.
Config was last written by a newer OpenClaw (2026.6.8); current version is 2026.3.24.
Config was last written by a newer OpenClaw (2026.6.8); current version is 2026.3.24.
Config was last written by a newer OpenClaw (2026.6.8); current version is 2026.3.24.
Config was last written by a newer OpenClaw (2026.6.8); current version is 2026.3.24.
Config was last written by a newer OpenClaw (2026.6.8); current version is 2026.3.24.
Config was last written by a newer OpenClaw (2026.6.8); current version is 2026.3.24.
Config was last written by a newer OpenClaw (2026.6.8); current version is 2026.3.24.
Config was last written by a newer OpenClaw (2026.6.8); current version is 2026.3.24.
Config was last written by a newer OpenClaw (2026.6.8); current version is 2026.3.24.
Config was last written by a newer OpenClaw (2026.6.8); current version is 2026.3.24.
Config was last written by a newer OpenClaw (2026.6.8); current version is 2026.3.24.
Config was last written by a newer OpenClaw (2026.6.8); current version is 2026.3.24.
Config was last written by a newer OpenClaw (2026.6.8); current version is 2026.3.24.
Config was last written by a newer OpenClaw (2026.6.8); current version is 2026.3.24.
Config was last written by a newer OpenClaw (2026.6.8); current version is 2026.3.24.
Config was last written by a newer OpenClaw (2026.6.8); current version is 2026.3.24.
Config was last written by a newer OpenClaw (2026.6.8); current version is 2026.3.24.
Config was last written by a newer OpenClaw (2026.6.8); current version is 2026.3.24.
Config was last written by a newer OpenClaw (2026.6.8); current version is 2026.3.24.
Config was last written by a newer OpenClaw (2026.6.8); current version is 2026.3.24.
Config was last written by a newer OpenClaw (2026.6.8); current version is 2026.3.24.
Config was last written by a newer OpenClaw (2026.6.8); current version is 2026.3.24.
Config was last written by a newer OpenClaw (2026.6.8); current version is 2026.3.24.
Config was last written by a newer OpenClaw (2026.6.8); current version is 2026.3.24.
Config was last written by a newer OpenClaw (2026.6.8); current version is 2026.3.24.
Config was last written by a newer OpenClaw (2026.6.8); current version is 2026.3.24.
Config was last written by a newer OpenClaw (2026.6.8); current version is 2026.3.24.
Config was last written by a newer OpenClaw (2026.6.8); current version is 2026.3.24.
Config was last written by a newer OpenClaw (2026.6.8); current version is 2026.3.24.
Config was last written by a newer OpenClaw (2026.6.8); current version is 2026.3.24.
Config was last written by a newer OpenClaw (2026.6.8); current version is 2026.3.24.
Config was last written by a newer OpenClaw (2026.6.8); current version is 2026.3.24.
Config was last written by a newer OpenClaw (2026.6.8); current version is 2026.3.24.
Config was last written by a newer OpenClaw (2026.6.8); current version is 2026.3.24.
Config was last written by a newer OpenClaw (2026.6.8); current version is 2026.3.24.
Config was last written by a newer OpenClaw (2026.6.8); current version is 2026.3.24.
Config was last written by a newer OpenClaw (2026.6.8); current version is 2026.3.24.
Config was last written by a newer OpenClaw (2026.6.8); current version is 2026.3.24.
Config was last written by a newer OpenClaw (2026.6.8); current version is 2026.3.24.
Config was last written by a newer OpenClaw (2026.6.8); current version is 2026.3.24.
Config was last written by a newer OpenClaw (2026.6.8); current version is 2026.3.24.
Config was last written by a newer OpenClaw (2026.6.8); current version is 2026.3.24.
Config was last written by a newer OpenClaw (2026.6.8); current version is 2026.3.24.
Config was last written by a newer OpenClaw (2026.6.8); current version is 2026.3.24.
Config was last written by a newer OpenClaw (2026.6.8); current version is 2026.3.24.
Config was last written by a newer OpenClaw (2026.6.8); current version is 2026.3.24.
Config was last written by a newer OpenClaw (2026.6.8); current version is 2026.3.24.
Config was last written by a newer OpenClaw (2026.6.8); current version is 2026.3.24.
Config was last written by a newer OpenClaw (2026.6.8); current version is 2026.3.24.
Config was last written by a newer OpenClaw (2026.6.8); current version is 2026.3.24.
Config was last written by a newer OpenClaw (2026.6.8); current version is 2026.3.24.
Config was last written by a newer OpenClaw (2026.6.8); current version is 2026.3.24.
Config was last written by a newer OpenClaw (2026.6.8); current version is 2026.3.24.
Config was last written by a newer OpenClaw (2026.6.8); current version is 2026.3.24.
Config was last written by a newer OpenClaw (2026.6.8); current version is 2026.3.24.
Config was last written by a newer OpenClaw (2026.6.8); current version is 2026.3.24.
Config was last written by a newer OpenClaw (2026.6.8); current version is 2026.3.24.
Config was last written by a newer OpenClaw (2026.6.8); current version is 2026.3.24.
Config was last written by a newer OpenClaw (2026.6.8); current version is 2026.3.24.
Config was last written by a newer OpenClaw (2026.6.8); current version is 2026.3.24.
Config was last written by a newer OpenClaw (2026.6.8); current version is 2026.3.24.
Config was last written by a newer OpenClaw (2026.6.8); current version is 2026.3.24.
Config was last written by a newer OpenClaw (2026.6.8); current version is 2026.3.24.
Config was last written by a newer OpenClaw (2026.6.8); current version is 2026.3.24.
Config was last written by a newer OpenClaw (2026.6.8); current version is 2026.3.24.
Config was last written by a newer OpenClaw (2026.6.8); current version is 2026.3.24.
Config was last written by a newer OpenClaw (2026.6.8); current version is 2026.3.24.
Config was last written by a newer OpenClaw (2026.6.8); current version is 2026.3.24.
Config was last written by a newer OpenClaw (2026.6.8); current version is 2026.3.24.
Config was last written by a newer OpenClaw (2026.6.8); current version is 2026.3.24.
Config was last written by a newer OpenClaw (2026.6.8); current version is 2026.3.24.
Config was last written by a newer OpenClaw (2026.6.8); current version is 2026.3.24.
Config was last written by a newer OpenClaw (2026.6.8); current version is 2026.3.24.
Config was last written by a newer OpenClaw (2026.6.8); current version is 2026.3.24.
Config was last written by a newer OpenClaw (2026.6.8); current version is 2026.3.24.
Config was last written by a newer OpenClaw (2026.6.8); current version is 2026.3.24.
Config was last written by a newer OpenClaw (2026.6.8); current version is 2026.3.24.
Config was last written by a newer OpenClaw (2026.6.8); current version is 2026.3.24.
Config was last written by a newer OpenClaw (2026.6.8); current version is 2026.3.24.
Config was last written by a newer OpenClaw (2026.6.8); current version is 2026.3.24.
Config was last written by a newer OpenClaw (2026.6.8); current version is 2026.3.24.
Config was last written by a newer OpenClaw (2026.6.8); current version is 2026.3.24.
Config was last written by a newer OpenClaw (2026.6.8); current version is 2026.3.24.
Config was last written by a newer OpenClaw (2026.6.8); current version is 2026.3.24.
Config was last written by a newer OpenClaw (2026.6.8); current version is 2026.3.24.
Config was last written by a newer OpenClaw (2026.6.8); current version is 2026.3.24.
Config was last written by a newer OpenClaw (2026.6.8); current version is 2026.3.24.
Config was last written by a newer OpenClaw (2026.6.8); current version is 2026.3.24.
Config was last written by a newer OpenClaw (2026.6.8); current version is 2026.3.24.
Config was last written by a newer OpenClaw (2026.6.8); current version is 2026.3.24.
Config was last written by a newer OpenClaw (2026.6.8); current version is 2026.3.24.
Config was last written by a newer OpenClaw (2026.6.8); current version is 2026.3.24.
Config was last written by a newer OpenClaw (2026.6.8); current version is 2026.3.24.
Config was last written by a newer OpenClaw (2026.6.8); current version is 2026.3.24.
Config was last written by a newer OpenClaw (2026.6.8); current version is 2026.3.24.
Config was last written by a newer OpenClaw (2026.6.8); current version is 2026.3.24.
Config was last written by a newer OpenClaw (2026.6.8); current version is 2026.3.24.
Config was last written by a newer OpenClaw (2026.6.8); current version is 2026.3.24.
Config was last written by a newer OpenClaw (2026.6.8); current version is 2026.3.24.
Config was last written by a newer OpenClaw (2026.6.8); current version is 2026.3.24.
Config was last written by a newer OpenClaw (2026.6.8); current version is 2026.3.24.
Config was last written by a newer OpenClaw (2026.6.8); current version is 2026.3.24.
Config was last written by a newer OpenClaw (2026.6.8); current version is 2026.3.24.
Config was last written by a newer OpenClaw (2026.6.8); current version is 2026.3.24.
Config was last written by a newer OpenClaw (2026.6.8); current version is 2026.3.24.
Config was last written by a newer OpenClaw (2026.6.8); current version is 2026.3.24.
Config was last written by a newer OpenClaw (2026.6.8); current version is 2026.3.24.
Config was last written by a newer OpenClaw (2026.6.8); current version is 2026.3.24.
Config was last written by a newer OpenClaw (2026.6.8); current version is 2026.3.24.
Config was last written by a newer OpenClaw (2026.6.8); current version is 2026.3.24.
Config was last written by a newer OpenClaw (2026.6.8); current version is 2026.3.24.
Config was last written by a newer OpenClaw (2026.6.8); current version is 2026.3.24.
Config was last written by a newer OpenClaw (2026.6.8); current version is 2026.3.24.
Config was last written by a newer OpenClaw (2026.6.8); current version is 2026.3.24.
Config was last written by a newer OpenClaw (2026.6.8); current version is 2026.3.24.
Config was last written by a newer OpenClaw (2026.6.8); current version is 2026.3.24.
Config was last written by a newer OpenClaw (2026.6.8); current version is 2026.3.24.
Config was last written by a newer OpenClaw (2026.6.8); current version is 2026.3.24.
Config was last written by a newer OpenClaw (2026.6.8); current version is 2026.3.24.
Config was last written by a newer OpenClaw (2026.6.8); current version is 2026.3.24.
Config was last written by a newer OpenClaw (2026.6.8); current version is 2026.3.24.
Config was last written by a newer OpenClaw (2026.6.8); current version is 2026.3.24.
Config was last written by a newer OpenClaw (2026.6.8); current version is 2026.3.24.
Config was last written by a newer OpenClaw (2026.6.8); current version is 2026.3.24.
Config was last written by a newer OpenClaw (2026.6.8); current version is 2026.3.24.
Config was last written by a newer OpenClaw (2026.6.8); current version is 2026.3.24.
Config was last written by a newer OpenClaw (2026.6.8); current version is 2026.3.24.
Config was last written by a newer OpenClaw (2026.6.8); current version is 2026.3.24.
Config was last written by a newer OpenClaw (2026.6.8); current version is 2026.3.24.
Config was last written by a newer OpenClaw (2026.6.8); current version is 2026.3.24.
Config was last written by a newer OpenClaw (2026.6.8); current version is 2026.3.24.
Config was last written by a newer OpenClaw (2026.6.8); current version is 2026.3.24.
Config was last written by a newer OpenClaw (2026.6.8); current version is 2026.3.24.
Config was last written by a newer OpenClaw (2026.6.8); current version is 2026.3.24.
Config was last written by a newer OpenClaw (2026.6.8); current version is 2026.3.24.
Config was last written by a newer OpenClaw (2026.6.8); current version is 2026.3.24.
Config was last written by a newer OpenClaw (2026.6.8); current version is 2026.3.24.
Config was last written by a newer OpenClaw (2026.6.8); current version is 2026.3.24.
Config was last written by a newer OpenClaw (2026.6.8); current version is 2026.3.24.
Config was last written by a newer OpenClaw (2026.6.8); current version is 2026.3.24.
Config was last written by a newer OpenClaw (2026.6.8); current version is 2026.3.24.
Config was last written by a newer OpenClaw (2026.6.8); current version is 2026.3.24.
Config was last written by a newer OpenClaw (2026.6.8); current version is 2026.3.24.
Config was last written by a newer OpenClaw (2026.6.8); current version is 2026.3.24.
Config was last written by a newer OpenClaw (2026.6.8); current version is 2026.3.24.
Config was last written by a newer OpenClaw (2026.6.8); current version is 2026.3.24.
Config was last written by a newer OpenClaw (2026.6.8); current version is 2026.3.24.
Config was last written by a newer OpenClaw (2026.6.8); current version is 2026.3.24.
Config was last written by a newer OpenClaw (2026.6.8); current version is 2026.3.24.
Config was last written by a newer OpenClaw (2026.6.8); current version is 2026.3.24.
Config was last written by a newer OpenClaw (2026.6.8); current version is 2026.3.24.
Config was last written by a newer OpenClaw (2026.6.8); current version is 2026.3.24.
Config was last written by a newer OpenClaw (2026.6.8); current version is 2026.3.24.
Config was last written by a newer OpenClaw (2026.6.8); current version is 2026.3.24.
Config was last written by a newer OpenClaw (2026.6.8); current version is 2026.3.24.
Config was last written by a newer OpenClaw (2026.6.8); current version is 2026.3.24.
Config was last written by a newer OpenClaw (2026.6.8); current version is 2026.3.24.
Config was last written by a newer OpenClaw (2026.6.8); current version is 2026.3.24.
Config was last written by a newer OpenClaw (2026.6.8); current version is 2026.3.24.
Config was last written by a newer OpenClaw (2026.6.8); current version is 2026.3.24.
Config was last written by a newer OpenClaw (2026.6.8); current version is 2026.3.24.
Config was last written by a newer OpenClaw (2026.6.8); current version is 2026.3.24.
Config was last written by a newer OpenClaw (2026.6.8); current version is 2026.3.24.
Config was last written by a newer OpenClaw (2026.6.8); current version is 2026.3.24.
Config was last written by a newer OpenClaw (2026.6.8); current version is 2026.3.24.
Config was last written by a newer OpenClaw (2026.6.8); current version is 2026.3.24.
Config was last written by a newer OpenClaw (2026.6.8); current version is 2026.3.24.
Config was last written by a newer OpenClaw (2026.6.8); current version is 2026.3.24.
Config was last written by a newer OpenClaw (2026.6.8); current version is 2026.3.24.
Config was last written by a newer OpenClaw (2026.6.8); current version is 2026.3.24.
Config was last written by a newer OpenClaw (2026.6.8); current version is 2026.3.24.
Config was last written by a newer OpenClaw (2026.6.8); current version is 2026.3.24.
Config was last written by a newer OpenClaw (2026.6.8); current version is 2026.3.24.
Config was last written by a newer OpenClaw (2026.6.8); current version is 2026.3.24.
Config was last written by a newer OpenClaw (2026.6.8); current version is 2026.3.24.
Config was last written by a newer OpenClaw (2026.6.8); current version is 2026.3.24.
Config was last written by a newer OpenClaw (2026.6.8); current version is 2026.3.24.
Config was last written by a newer OpenClaw (2026.6.8); current version is 2026.3.24.
Config was last written by a newer OpenClaw (2026.6.8); current version is 2026.3.24.
Config was last written by a newer OpenClaw (2026.6.8); current version is 2026.3.24.
Config was last written by a newer OpenClaw (2026.6.8); current version is 2026.3.24.
Config was last written by a newer OpenClaw (2026.6.8); current version is 2026.3.24.
Config was last written by a newer OpenClaw (2026.6.8); current version is 2026.3.24.
Config was last written by a newer OpenClaw (2026.6.8); current version is 2026.3.24.
Config was last written by a newer OpenClaw (2026.6.8); current version is 2026.3.24.
Config was last written by a newer OpenClaw (2026.6.8); current version is 2026.3.24.
Config was last written by a newer OpenClaw (2026.6.8); current version is 2026.3.24.
Config was last written by a newer OpenClaw (2026.6.8); current version is 2026.3.24.
Config was last written by a newer OpenClaw (2026.6.8); current version is 2026.3.24.
Config was last written by a newer OpenClaw (2026.6.8); current version is 2026.3.24.
Config was last written by a newer OpenClaw (2026.6.8); current version is 2026.3.24.
Config was last written by a newer OpenClaw (2026.6.8); current version is 2026.3.24.
Config was last written by a newer OpenClaw (2026.6.8); current version is 2026.3.24.
Config was last written by a newer OpenClaw (2026.6.8); current version is 2026.3.24.
Config was last written by a newer OpenClaw (2026.6.8); current version is 2026.3.24.
Config was last written by a newer OpenClaw (2026.6.8); current version is 2026.3.24.
Config was last written by a newer OpenClaw (2026.6.8); current version is 2026.3.24.
Config was last written by a newer OpenClaw (2026.6.8); current version is 2026.3.24.
Config was last written by a newer OpenClaw (2026.6.8); current version is 2026.3.24.
Config was last written by a newer OpenClaw (2026.6.8); current version is 2026.3.24.
Config was last written by a newer OpenClaw (2026.6.8); current version is 2026.3.24.
Config was last written by a newer OpenClaw (2026.6.8); current version is 2026.3.24.
Config was last written by a newer OpenClaw (2026.6.8); current version is 2026.3.24.
Config was last written by a newer OpenClaw (2026.6.8); current version is 2026.3.24.
Config was last written by a newer OpenClaw (2026.6.8); current version is 2026.3.24.
Config was last written by a newer OpenClaw (2026.6.8); current version is 2026.3.24.
Config was last written by a newer OpenClaw (2026.6.8); current version is 2026.3.24.
Config was last written by a newer OpenClaw (2026.6.8); current version is 2026.3.24.
Config was last written by a newer OpenClaw (2026.6.8); current version is 2026.3.24.
Config was last written by a newer OpenClaw (2026.6.8); current version is 2026.3.24.
Config was last written by a newer OpenClaw (2026.6.8); current version is 2026.3.24.
Config was last written by a newer OpenClaw (2026.6.8); current version is 2026.3.24.
Config was last written by a newer OpenClaw (2026.6.8); current version is 2026.3.24.
Config was last written by a newer OpenClaw (2026.6.8); current version is 2026.3.24.
Config was last written by a newer OpenClaw (2026.6.8); current version is 2026.3.24.
Config was last written by a newer OpenClaw (2026.6.8); current version is 2026.3.24.
Config was last written by a newer OpenClaw (2026.6.8); current version is 2026.3.24.
Config was last written by a newer OpenClaw (2026.6.8); current version is 2026.3.24.
Config was last written by a newer OpenClaw (2026.6.8); current version is 2026.3.24.
Config was last written by a newer OpenClaw (2026.6.8); current version is 2026.3.24.
Config was last written by a newer OpenClaw (2026.6.8); current version is 2026.3.24.
Config was last written by a newer OpenClaw (2026.6.8); current version is 2026.3.24.
Config was last written by a newer OpenClaw (2026.6.8); current version is 2026.3.24.
Config was last written by a newer OpenClaw (2026.6.8); current version is 2026.3.24.
Config was last written by a newer OpenClaw (2026.6.8); current version is 2026.3.24.
Config was last written by a newer OpenClaw (2026.6.8); current version is 2026.3.24.
Config was last written by a newer OpenClaw (2026.6.8); current version is 2026.3.24.
Config was last written by a newer OpenClaw (2026.6.8); current version is 2026.3.24.
Config was last written by a newer OpenClaw (2026.6.8); current version is 2026.3.24.
Config was last written by a newer OpenClaw (2026.6.8); current version is 2026.3.24.
Config was last written by a newer OpenClaw (2026.6.8); current version is 2026.3.24.
Config was last written by a newer OpenClaw (2026.6.8); current version is 2026.3.24.
Config was last written by a newer OpenClaw (2026.6.8); current version is 2026.3.24.
Config was last written by a newer OpenClaw (2026.6.8); current version is 2026.3.24.
Config was last written by a newer OpenClaw (2026.6.8); current version is 2026.3.24.
Config was last written by a newer OpenClaw (2026.6.8); current version is 2026.3.24.
Config was last written by a newer OpenClaw (2026.6.8); current version is 2026.3.24.
Config was last written by a newer OpenClaw (2026.6.8); current version is 2026.3.24.
Config was last written by a newer OpenClaw (2026.6.8); current version is 2026.3.24.
Config was last written by a newer OpenClaw (2026.6.8); current version is 2026.3.24.
Config was last written by a newer OpenClaw (2026.6.8); current version is 2026.3.24.
Config was last written by a newer OpenClaw (2026.6.8); current version is 2026.3.24.
Config was last written by a newer OpenClaw (2026.6.8); current version is 2026.3.24.
Config was last written by a newer OpenClaw (2026.6.8); current version is 2026.3.24.
Config was last written by a newer OpenClaw (2026.6.8); current version is 2026.3.24.
Config was last written by a newer OpenClaw (2026.6.8); current version is 2026.3.24.
Config was last written by a newer OpenClaw (2026.6.8); current version is 2026.3.24.
Config was last written by a newer OpenClaw (2026.6.8); current version is 2026.3.24.
Config was last written by a newer OpenClaw (2026.6.8); current version is 2026.3.24.
Config was last written by a newer OpenClaw (2026.6.8); current version is 2026.3.24.
Config was last written by a newer OpenClaw (2026.6.8); current version is 2026.3.24.
Config was last written by a newer OpenClaw (2026.6.8); current version is 2026.3.24.
Config was last written by a newer OpenClaw (2026.6.8); current version is 2026.3.24.
Config was last written by a newer OpenClaw (2026.6.8); current version is 2026.3.24.
Config was last written by a newer OpenClaw (2026.6.8); current version is 2026.3.24.
Config was last written by a newer OpenClaw (2026.6.8); current version is 2026.3.24.
Config was last written by a newer OpenClaw (2026.6.8); current version is 2026.3.24.
Config was last written by a newer OpenClaw (2026.6.8); current version is 2026.3.24.
Config was last written by a newer OpenClaw (2026.6.8); current version is 2026.3.24.
Config was last written by a newer OpenClaw (2026.6.8); current version is 2026.3.24.
Config was last written by a newer OpenClaw (2026.6.8); current version is 2026.3.24.
Config was last written by a newer OpenClaw (2026.6.8); current version is 2026.3.24.
Config was last written by a newer OpenClaw (2026.6.8); current version is 2026.3.24.
Config was last written by a newer OpenClaw (2026.6.8); current version is 2026.3.24.
Config was last written by a newer OpenClaw (2026.6.8); current version is 2026.3.24.
Config was last written by a newer OpenClaw (2026.6.8); current version is 2026.3.24.
Config was last written by a newer OpenClaw (2026.6.8); current version is 2026.3.24.
Config was last written by a newer OpenClaw (2026.6.8); current version is 2026.3.24.
Config was last written by a newer OpenClaw (2026.6.8); current version is 2026.3.24.
Config was last written by a newer OpenClaw (2026.6.8); current version is 2026.3.24.
Config was last written by a newer OpenClaw (2026.6.8); current version is 2026.3.24.
Config was last written by a newer OpenClaw (2026.6.8); current version is 2026.3.24.
Config was last written by a newer OpenClaw (2026.6.8); current version is 2026.3.24.
Config was last written by a newer OpenClaw (2026.6.8); current version is 2026.3.24.
Config was last written by a newer OpenClaw (2026.6.8); current version is 2026.3.24.
Config was last written by a newer OpenClaw (2026.6.8); current version is 2026.3.24.
Config was last written by a newer OpenClaw (2026.6.8); current version is 2026.3.24.
Config was last written by a newer OpenClaw (2026.6.8); current version is 2026.3.24.
Config was last written by a newer OpenClaw (2026.6.8); current version is 2026.3.24.
Config was last written by a newer OpenClaw (2026.6.8); current version is 2026.3.24.
Config was last written by a newer OpenClaw (2026.6.8); current version is 2026.3.24.
Config was last written by a newer OpenClaw (2026.6.8); current version is 2026.3.24.
Config was last written by a newer OpenClaw (2026.6.8); current version is 2026.3.24.
Config was last written by a newer OpenClaw (2026.6.8); current version is 2026.3.24.
Config was last written by a newer OpenClaw (2026.6.8); current version is 2026.3.24.
Config was last written by a newer OpenClaw (2026.6.8); current version is 2026.3.24.
Config was last written by a newer OpenClaw (2026.6.8); current version is 2026.3.24.
Config was last written by a newer OpenClaw (2026.6.8); current version is 2026.3.24.
Config was last written by a newer OpenClaw (2026.6.8); current version is 2026.3.24.
Config was last written by a newer OpenClaw (2026.6.8); current version is 2026.3.24.
Config was last written by a newer OpenClaw (2026.6.8); current version is 2026.3.24.
Config was last written by a newer OpenClaw (2026.6.8); current version is 2026.3.24.
Config was last written by a newer OpenClaw (2026.6.8); current version is 2026.3.24.
Config was last written by a newer OpenClaw (2026.6.8); current version is 2026.3.24.
Config was last written by a newer OpenClaw (2026.6.8); current version is 2026.3.24.
Config was last written by a newer OpenClaw (2026.6.8); current version is 2026.3.24.
Config was last written by a newer OpenClaw (2026.6.8); current version is 2026.3.24.
Config was last written by a newer OpenClaw (2026.6.8); current version is 2026.3.24.
Config was last written by a newer OpenClaw (2026.6.8); current version is 2026.3.24.
Config was last written by a newer OpenClaw (2026.6.8); current version is 2026.3.24.
Config was last written by a newer OpenClaw (2026.6.8); current version is 2026.3.24.
Config was last written by a newer OpenClaw (2026.6.8); current version is 2026.3.24.
Config was last written by a newer OpenClaw (2026.6.8); current version is 2026.3.24.
Config was last written by a newer OpenClaw (2026.6.8); current version is 2026.3.24.
Config was last written by a newer OpenClaw (2026.6.8); current version is 2026.3.24.
Config was last written by a newer OpenClaw (2026.6.8); current version is 2026.3.24.
Config was last written by a newer OpenClaw (2026.6.8); current version is 2026.3.24.
Config was last written by a newer OpenClaw (2026.6.8); current version is 2026.3.24.
Config was last written by a newer OpenClaw (2026.6.8); current version is 2026.3.24.
Config was last written by a newer OpenClaw (2026.6.8); current version is 2026.3.24.
Config was last written by a newer OpenClaw (2026.6.8); current version is 2026.3.24.
Config was last written by a newer OpenClaw (2026.6.8); current version is 2026.3.24.
Config was last written by a newer OpenClaw (2026.6.8); current version is 2026.3.24.
Config was last written by a newer OpenClaw (2026.6.8); current version is 2026.3.24.
Config was last written by a newer OpenClaw (2026.6.8); current version is 2026.3.24.
Config was last written by a newer OpenClaw (2026.6.8); current version is 2026.3.24.
Config was last written by a newer OpenClaw (2026.6.8); current version is 2026.3.24.
Config was last written by a newer OpenClaw (2026.6.8); current version is 2026.3.24.
Config was last written by a newer OpenClaw (2026.6.8); current version is 2026.3.24.
Config was last written by a newer OpenClaw (2026.6.8); current version is 2026.3.24.
Config was last written by a newer OpenClaw (2026.6.8); current version is 2026.3.24.
Config was last written by a newer OpenClaw (2026.6.8); current version is 2026.3.24.
Config was last written by a newer OpenClaw (2026.6.8); current version is 2026.3.24.
Config was last written by a newer OpenClaw (2026.6.8); current version is 2026.3.24.
Config was last written by a newer OpenClaw (2026.6.8); current version is 2026.3.24.
Config was last written by a newer OpenClaw (2026.6.8); current version is 2026.3.24.
Config was last written by a newer OpenClaw (2026.6.8); current version is 2026.3.24.
Config was last written by a newer OpenClaw (2026.6.8); current version is 2026.3.24.
Config was last written by a newer OpenClaw (2026.6.8); current version is 2026.3.24.
Config was last written by a newer OpenClaw (2026.6.8); current version is 2026.3.24.
Config was last written by a newer OpenClaw (2026.6.8); current version is 2026.3.24.
Config was last written by a newer OpenClaw (2026.6.8); current version is 2026.3.24.
Config was last written by a newer OpenClaw (2026.6.8); current version is 2026.3.24.
Config was last written by a newer OpenClaw (2026.6.8); current version is 2026.3.24.
Config was last written by a newer OpenClaw (2026.6.8); current version is 2026.3.24.
Config was last written by a newer OpenClaw (2026.6.8); current version is 2026.3.24.
Config was last written by a newer OpenClaw (2026.6.8); current version is 2026.3.24.
Config was last written by a newer OpenClaw (2026.6.8); current version is 2026.3.24.
Config was last written by a newer OpenClaw (2026.6.8); current version is 2026.3.24.
Config was last written by a newer OpenClaw (2026.6.8); current version is 2026.3.24.
Config was last written by a newer OpenClaw (2026.6.8); current version is 2026.3.24.
Config was last written by a newer OpenClaw (2026.6.8); current version is 2026.3.24.
Config was last written by a newer OpenClaw (2026.6.8); current version is 2026.3.24.
Config was last written by a newer OpenClaw (2026.6.8); current version is 2026.3.24.
Config was last written by a newer OpenClaw (2026.6.8); current version is 2026.3.24.
Config was last written by a newer OpenClaw (2026.6.8); current version is 2026.3.24.
Config was last written by a newer OpenClaw (2026.6.8); current version is 2026.3.24.
Config was last written by a newer OpenClaw (2026.6.8); current version is 2026.3.24.
Config was last written by a newer OpenClaw (2026.6.8); current version is 2026.3.24.
Config was last written by a newer OpenClaw (2026.6.8); current version is 2026.3.24.
Config was last written by a newer OpenClaw (2026.6.8); current version is 2026.3.24.
Config was last written by a newer OpenClaw (2026.6.8); current version is 2026.3.24.
Config was last written by a newer OpenClaw (2026.6.8); current version is 2026.3.24.
Config was last written by a newer OpenClaw (2026.6.8); current version is 2026.3.24.
Config was last written by a newer OpenClaw (2026.6.8); current version is 2026.3.24.
Config was last written by a newer OpenClaw (2026.6.8); current version is 2026.3.24.
Config was last written by a newer OpenClaw (2026.6.8); current version is 2026.3.24.
Config was last written by a newer OpenClaw (2026.6.8); current version is 2026.3.24.
Config was last written by a newer OpenClaw (2026.6.8); current version is 2026.3.24.
Config was last written by a newer OpenClaw (2026.6.8); current version is 2026.3.24.
Config was last written by a newer OpenClaw (2026.6.8); current version is 2026.3.24.
Config was last written by a newer OpenClaw (2026.6.8); current version is 2026.3.24.
Config was last written by a newer OpenClaw (2026.6.8); current version is 2026.3.24.
Config was last written by a newer OpenClaw (2026.6.8); current version is 2026.3.24.
Config was last written by a newer OpenClaw (2026.6.8); current version is 2026.3.24.
Config was last written by a newer OpenClaw (2026.6.8); current version is 2026.3.24.
Config was last written by a newer OpenClaw (2026.6.8); current version is 2026.3.24.
Config was last written by a newer OpenClaw (2026.6.8); current version is 2026.3.24.
Config was last written by a newer OpenClaw (2026.6.8); current version is 2026.3.24.
Config was last written by a newer OpenClaw (2026.6.8); current version is 2026.3.24.
Config was last written by a newer OpenClaw (2026.6.8); current version is 2026.3.24.
Config was last written by a newer OpenClaw (2026.6.8); current version is 2026.3.24.
Config was last written by a newer OpenClaw (2026.6.8); current version is 2026.3.24.
Config was last written by a newer OpenClaw (2026.6.8); current version is 2026.3.24.
Config was last written by a newer OpenClaw (2026.6.8); current version is 2026.3.24.
Config was last written by a newer OpenClaw (2026.6.8); current version is 2026.3.24.
Config was last written by a newer OpenClaw (2026.6.8); current version is 2026.3.24.
Config was last written by a newer OpenClaw (2026.6.8); current version is 2026.3.24.
Config was last written by a newer OpenClaw (2026.6.8); current version is 2026.3.24.
Config was last written by a newer OpenClaw (2026.6.8); current version is 2026.3.24.
Config was last written by a newer OpenClaw (2026.6.8); current version is 2026.3.24.
Config was last written by a newer OpenClaw (2026.6.8); current version is 2026.3.24.
Config was last written by a newer OpenClaw (2026.6.8); current version is 2026.3.24.
Config was last written by a newer OpenClaw (2026.6.8); current version is 2026.3.24.
Config was last written by a newer OpenClaw (2026.6.8); current version is 2026.3.24.
Config was last written by a newer OpenClaw (2026.6.8); current version is 2026.3.24.
Config was last written by a newer OpenClaw (2026.6.8); current version is 2026.3.24.
Config was last written by a newer OpenClaw (2026.6.8); current version is 2026.3.24.
Config was last written by a newer OpenClaw (2026.6.8); current version is 2026.3.24.
Config was last written by a newer OpenClaw (2026.6.8); current version is 2026.3.24.
Config was last written by a newer OpenClaw (2026.6.8); current version is 2026.3.24.
Config was last written by a newer OpenClaw (2026.6.8); current version is 2026.3.24.
Config was last written by a newer OpenClaw (2026.6.8); current version is 2026.3.24.
Config was last written by a newer OpenClaw (2026.6.8); current version is 2026.3.24.
Config was last written by a newer OpenClaw (2026.6.8); current version is 2026.3.24.
Config was last written by a newer OpenClaw (2026.6.8); current version is 2026.3.24.
Config was last written by a newer OpenClaw (2026.6.8); current version is 2026.3.24.
Config was last written by a newer OpenClaw (2026.6.8); current version is 2026.3.24.
Config was last written by a newer OpenClaw (2026.6.8); current version is 2026.3.24.
Config was last written by a newer OpenClaw (2026.6.8); current version is 2026.3.24.
Config was last written by a newer OpenClaw (2026.6.8); current version is 2026.3.24.
Config was last written by a newer OpenClaw (2026.6.8); current version is 2026.3.24.
Config was last written by a newer OpenClaw (2026.6.8); current version is 2026.3.24.
Config was last written by a newer OpenClaw (2026.6.8); current version is 2026.3.24.
Config was last written by a newer OpenClaw (2026.6.8); current version is 2026.3.24.
Config was last written by a newer OpenClaw (2026.6.8); current version is 2026.3.24.
Config was last written by a newer OpenClaw (2026.6.8); current version is 2026.3.24.
Config was last written by a newer OpenClaw (2026.6.8); current version is 2026.3.24.
Config was last written by a newer OpenClaw (2026.6.8); current version is 2026.3.24.
Config was last written by a newer OpenClaw (2026.6.8); current version is 2026.3.24.
Config was last written by a newer OpenClaw (2026.6.8); current version is 2026.3.24.
Config was last written by a newer OpenClaw (2026.6.8); current version is 2026.3.24.
Config was last written by a newer OpenClaw (2026.6.8); current version is 2026.3.24.
Config was last written by a newer OpenClaw (2026.6.8); current version is 2026.3.24.
Config was last written by a newer OpenClaw (2026.6.8); current version is 2026.3.24.
Config was last written by a newer OpenClaw (2026.6.8); current version is 2026.3.24.
Config was last written by a newer OpenClaw (2026.6.8); current version is 2026.3.24.
Config was last written by a newer OpenClaw (2026.6.8); current version is 2026.3.24.
Config was last written by a newer OpenClaw (2026.6.8); current version is 2026.3.24.
Config was last written by a newer OpenClaw (2026.6.8); current version is 2026.3.24.
Config was last written by a newer OpenClaw (2026.6.8); current version is 2026.3.24.
Config was last written by a newer OpenClaw (2026.6.8); current version is 2026.3.24.
Config was last written by a newer OpenClaw (2026.6.8); current version is 2026.3.24.
Config was last written by a newer OpenClaw (2026.6.8); current version is 2026.3.24.
[tools] tools.profile (coding) allowlist contains unknown entries (apply_patch). These entries are shipped core tools but unavailable in the current runtime/provider/model/config.
[tools] tools.profile (coding) allowlist contains unknown entries (apply_patch). These entries are shipped core tools but unavailable in the current runtime/provider/model/config.
[auto_v3]   [agent running 30s] session: 13 messages
[auto_v3]   [agent running 30s] session: 13 messages
[auto_v3]   [agent running 60s] session: 21 messages
[auto_v3]   [agent running 60s] session: 21 messages
[auto_v3]   [agent running 90s] session: 31 messages
[auto_v3]   [agent running 90s] session: 31 messages
[auto_v3]   [agent running 120s] session: 43 messages
[auto_v3]   [agent running 120s] session: 43 messages
I'll analyze this error carefully. Looking at the traceback, the root cause is clear from the warnings before the failure:

```
UserWarning: Not enough free disk space to download the file. The expected file size is: 34369.17 MB. The target location ... only has 14187.71 MB free disk space.
...
RuntimeError: Task error: File reconstruction error: IO Error: No space left on device (os error 28)
```

Let me fill out the mandatory protocol and verify with evidence.
I'll analyze this error carefully. Looking at the traceback, the root cause is clear from the warnings before the failure:

```
UserWarning: Not enough free disk space to download the file. The expected file size is: 34369.17 MB. The target location ... only has 14187.71 MB free disk space.
...
RuntimeError: Task error: File reconstruction error: IO Error: No space left on device (os error 28)
```

Let me fill out the mandatory protocol and verify with evidence.
I have enough evidence. Let me complete the protocol block and stop.

**The hard reality:**

1. **Disk space**: Available is **17GB**; full model needs **~345GB** (already partially downloaded 163GB, still missing ~135GB more of shards). That's a 3-4× shortfall even if we deleted everything else on the overlay.
2. **Other writable filesystems?**: 
   - `/dev/nvme1n1p2` (879GB) — mounted **read-only** with per-file bind mounts for nvidia binaries only
   - `/dev/md127` (28TB) — mounted at `/etc/hostname`, `/etc/hosts`, `/etc/resolv.conf` only (small bind mounts)
   - No large writable mount is available for HF cache
3. **The model itself**: 310.78B-parameter MoE (256 routed experts, 8 active), 48 layers, already saved in **fp8** (`save_format: fp8`, `total_size: 315031102208` elements), with expert-parallel sharding (8×ep × 2 shards) and multimodal heads (text + audio + vision). Custom `mimo_v2` model_type.
4. **GPU**: H200 with 150GB VRAM — the 310B-param fp8 model alone is 315GB and dequantization to bf16 for quantization = 630GB.

```
COMPONENT: environment
ERROR_CLASS: disk_space_exhausted
ROOT_CAUSE_HYPOTHESIS: HuggingFace snapshot_download of XiaomiMiMo/MiMo-V2.5 (310.78B-param fp8 MoE, expert-parallel sharded into 8×ep × 2 = 16 model shards + 1 MTP shard, total ~345GB on disk) cannot complete because the container's overlay rootfs has only 17GB free vs ~135GB still needed; the larger filesystems present (/dev/nvme1n1p2 879GB ro, /dev/md127 28TB) are mounted read-only to fixed per-file bind points and cannot host a writable HF cache.
EVIDENCE_CMD: df -h / ; du -sh /root/.cache/huggingface/hub/models--XiaomiMiMo--MiMo-V2.5/blobs/ ; ls -la /root/.cache/huggingface/hub/models--XiaomiMiMo--MiMo-V2.5/snapshots/63651580.../ ; cat /root/.cache/huggingface/hub/models--XiaomiMiMo--MiMo-V2.5/snapshots/63651580.../model.safetensors.index.json | python3 -c "import json,sys; d=json.load(sys.stdin); print('metadata:',d['metadata']); print('shards:',len(set(d['weight_map'].values())))"
EVIDENCE_RESULT:
  Filesystem      Size  Used Avail Use% Mounted on
  overlay         200G  184G   17G  92% /
  163G    /root/.cache/huggingface/hub/models--XiaomiMiMo--MiMo-V2.5/blobs/
  4×33GB shard0 files (ep0..ep3) + 6×3.3GB shard1 (ep0..ep6) + 14GB (ep0_shard1) + 1.2GB mtp = 163GB partial
  Missing: ep4..ep7 shard0 (~4×33GB = 132GB) + ep7 shard1 (~3.3GB) + reconstruction headroom
  model.safetensors.index.json: metadata = {'save_format': 'fp8', 'total_size': 315031102208, 'tp_size': 4}
  -> 16 unique model shards + 1 mtp = 17 total. Full model = ~345GB
  mount | grep -E "nvme|md127": nvme1n1p2 mounted RO to nvidia/cuda file bind points only; md127 mounted to /etc/hostname, /etc/hosts, /etc/resolv.conf only — no large writable mount
VERDICT: UNFIXABLE
UNFIXABLE_REASON: model-disk-mismatch — XiaomiMiMo/MiMo-V2.5 (310.78B fp8 MoE, ~345GB across 16 expert-parallel safetensors shards) does not fit in the container's writable filesystem (200GB overlay with 17GB free); the 879GB NVMe and 28TB md127 are mounted read-only to specific files and cannot host a HF cache. Compounding issues: (a) the model is already saved in fp8 (pre-quantized) — auto-round's W4A16 quantizes bf16/fp16 weights and there is no bf16 source of these weights anywhere in the repo, (b) 310B fp8 ≈ 315GB and dequantization-to-bf16 ≈ 630GB is far beyond the 150GB H200 and would also need an offload path the pipeline does not provide, (c) the custom mimo_v2 multimodal (text+audio+vision) MoE with 256 experts is not in auto-round's tested model_type set, so even with disk/MEM the next failure would likely be an arch/route error.
FIX_TIER: (not applicable — UNFIXABLE)
FIX_PLAN: Halt the phase. The pipeline should mark this job UNSUPPORTED for this environment and skip the quantize+evaluate re-run. No code change, no install, no retry. If the operator wants this model quantized, they need to (1) provide a host with ≥500GB writable free disk, (2) ideally ≥1TB GPU memory or 8×H200-class for tensor-parallel + ep-parallel load, (3) either dequantize the fp8 shards to bf16/fp16 first or submit a model that is already in a quantizable dtype, and (4) ensure the pipeline supports the mimo_v2 multimodal-MoE architecture (currently does not).
SMOKE_TEST: (none — UNFIXABLE, no fix to smoke-test; the proof of impossibility is the disk/df output above)
```

**Stopping per protocol — UNFIXABLE.** This is attempt 1 and the root cause is environmental (disk too small for a 345GB expert-sharded fp8 MoE model, with no large writable mount available, the model already pre-quantized in fp8 with no bf16 source, and a custom mimo_v2 multimodal arch beyond auto-round's tested scope). The pipeline should halt this phase rather than burn another retry on a fundamentally unrunnable target.
I have enough evidence. Let me complete the protocol block and stop.

**The hard reality:**

1. **Disk space**: Available is **17GB**; full model needs **~345GB** (already partially downloaded 163GB, still missing ~135GB more of shards). That's a 3-4× shortfall even if we deleted everything else on the overlay.
2. **Other writable filesystems?**: 
   - `/dev/nvme1n1p2` (879GB) — mounted **read-only** with per-file bind mounts for nvidia binaries only
   - `/dev/md127` (28TB) — mounted at `/etc/hostname`, `/etc/hosts`, `/etc/resolv.conf` only (small bind mounts)
   - No large writable mount is available for HF cache
3. **The model itself**: 310.78B-parameter MoE (256 routed experts, 8 active), 48 layers, already saved in **fp8** (`save_format: fp8`, `total_size: 315031102208` elements), with expert-parallel sharding (8×ep × 2 shards) and multimodal heads (text + audio + vision). Custom `mimo_v2` model_type.
4. **GPU**: H200 with 150GB VRAM — the 310B-param fp8 model alone is 315GB and dequantization to bf16 for quantization = 630GB.

```
COMPONENT: environment
ERROR_CLASS: disk_space_exhausted
ROOT_CAUSE_HYPOTHESIS: HuggingFace snapshot_download of XiaomiMiMo/MiMo-V2.5 (310.78B-param fp8 MoE, expert-parallel sharded into 8×ep × 2 = 16 model shards + 1 MTP shard, total ~345GB on disk) cannot complete because the container's overlay rootfs has only 17GB free vs ~135GB still needed; the larger filesystems present (/dev/nvme1n1p2 879GB ro, /dev/md127 28TB) are mounted read-only to fixed per-file bind points and cannot host a writable HF cache.
EVIDENCE_CMD: df -h / ; du -sh /root/.cache/huggingface/hub/models--XiaomiMiMo--MiMo-V2.5/blobs/ ; ls -la /root/.cache/huggingface/hub/models--XiaomiMiMo--MiMo-V2.5/snapshots/63651580.../ ; cat /root/.cache/huggingface/hub/models--XiaomiMiMo--MiMo-V2.5/snapshots/63651580.../model.safetensors.index.json | python3 -c "import json,sys; d=json.load(sys.stdin); print('metadata:',d['metadata']); print('shards:',len(set(d['weight_map'].values())))"
EVIDENCE_RESULT:
  Filesystem      Size  Used Avail Use% Mounted on
  overlay         200G  184G   17G  92% /
  163G    /root/.cache/huggingface/hub/models--XiaomiMiMo--MiMo-V2.5/blobs/
  4×33GB shard0 files (ep0..ep3) + 6×3.3GB shard1 (ep0..ep6) + 14GB (ep0_shard1) + 1.2GB mtp = 163GB partial
  Missing: ep4..ep7 shard0 (~4×33GB = 132GB) + ep7 shard1 (~3.3GB) + reconstruction headroom
  model.safetensors.index.json: metadata = {'save_format': 'fp8', 'total_size': 315031102208, 'tp_size': 4}
  -> 16 unique model shards + 1 mtp = 17 total. Full model = ~345GB
  mount | grep -E "nvme|md127": nvme1n1p2 mounted RO to nvidia/cuda file bind points only; md127 mounted to /etc/hostname, /etc/hosts, /etc/resolv.conf only — no large writable mount
VERDICT: UNFIXABLE
UNFIXABLE_REASON: model-disk-mismatch — XiaomiMiMo/MiMo-V2.5 (310.78B fp8 MoE, ~345GB across 16 expert-parallel safetensors shards) does not fit in the container's writable filesystem (200GB overlay with 17GB free); the 879GB NVMe and 28TB md127 are mounted read-only to specific files and cannot host a HF cache. Compounding issues: (a) the model is already saved in fp8 (pre-quantized) — auto-round's W4A16 quantizes bf16/fp16 weights and there is no bf16 source of these weights anywhere in the repo, (b) 310B fp8 ≈ 315GB and dequantization-to-bf16 ≈ 630GB is far beyond the 150GB H200 and would also need an offload path the pipeline does not provide, (c) the custom mimo_v2 multimodal (text+audio+vision) MoE with 256 experts is not in auto-round's tested model_type set, so even with disk/MEM the next failure would likely be an arch/route error.
FIX_TIER: (not applicable — UNFIXABLE)
FIX_PLAN: Halt the phase. The pipeline should mark this job UNSUPPORTED for this environment and skip the quantize+evaluate re-run. No code change, no install, no retry. If the operator wants this model quantized, they need to (1) provide a host with ≥500GB writable free disk, (2) ideally ≥1TB GPU memory or 8×H200-class for tensor-parallel + ep-parallel load, (3) either dequantize the fp8 shards to bf16/fp16 first or submit a model that is already in a quantizable dtype, and (4) ensure the pipeline supports the mimo_v2 multimodal-MoE architecture (currently does not).
SMOKE_TEST: (none — UNFIXABLE, no fix to smoke-test; the proof of impossibility is the disk/df output above)
```

**Stopping per protocol — UNFIXABLE.** This is attempt 1 and the root cause is environmental (disk too small for a 345GB expert-sharded fp8 MoE model, with no large writable mount available, the model already pre-quantized in fp8 with no bf16 source, and a custom mimo_v2 multimodal arch beyond auto-round's tested scope). The pipeline should halt this phase rather than burn another retry on a fundamentally unrunnable target.
[auto_v3]   Agent session complete: 40 messages, 0
0 tool calls
[auto_v3]   Agent session complete: 40 messages, 0
0 tool calls
[auto_v3] Agent verdict: UNFIXABLE (model-disk-mismatch — XiaomiMiMo/MiMo-V2.5 (310.78B fp8 MoE, ~345GB across 16 expert-parallel safetensors shards) does not fit in the container's writable filesystem (200GB overlay with 17GB free); the 879GB NVMe and 28TB md127 are mounted read-only to specific files and cannot host a HF cache. Compounding issues: (a) the model is already saved in fp8 (pre-quantized) — auto-round's W4A16 quantizes bf16/fp16 weights and there is no bf16 source of these weights anywhere in the repo, (b) 310B fp8 ≈ 315GB and dequantization-to-bf16 ≈ 630GB is far beyond the 150GB H200 and would also need an offload path the pipeline does not provide, (c) the custom mimo_v2 multimodal (text+audio+vision) MoE with 256 experts is not in auto-round's tested model_type set, so even with disk/MEM the next failure would likely be an arch/route error.). Aborting fix loop.
[auto_v3] Agent verdict: UNFIXABLE (model-disk-mismatch — XiaomiMiMo/MiMo-V2.5 (310.78B fp8 MoE, ~345GB across 16 expert-parallel safetensors shards) does not fit in the container's writable filesystem (200GB overlay with 17GB free); the 879GB NVMe and 28TB md127 are mounted read-only to specific files and cannot host a HF cache. Compounding issues: (a) the model is already saved in fp8 (pre-quantized) — auto-round's W4A16 quantizes bf16/fp16 weights and there is no bf16 source of these weights anywhere in the repo, (b) 310B fp8 ≈ 315GB and dequantization-to-bf16 ≈ 630GB is far beyond the 150GB H200 and would also need an offload path the pipeline does not provide, (c) the custom mimo_v2 multimodal (text+audio+vision) MoE with 256 experts is not in auto-round's tested model_type set, so even with disk/MEM the next failure would likely be an arch/route error.). Aborting fix loop.
[lesson] Saved: [unfixable] RuntimeError: Task error: File reconstruction error: IO Error: No space left on 
[lesson]   Solution: UNFIXABLE: model-disk-mismatch — XiaomiMiMo/MiMo-V2.5 (310.78B fp8 MoE, ~345GB across 16 expert-parallel safetensors shards) does not fit in the container's writable filesystem (200GB overlay with 17GB free); the 879GB NVMe and 28TB md127 are mounted read-only to specific files and cannot host a HF cache. Compounding issues: (a) the model is already saved in fp8 (pre-quantized) — auto-round's W4A16 quantizes bf16/fp16 weights and there is no bf16 source of these weights anywhere in the repo, (b) 310B fp8 ≈ 315GB and dequantization-to-bf16 ≈ 630GB is far beyond the 150GB H200 and would also need an offload path the pipeline does not provide, (c) the custom mimo_v2 multimodal (text+audio+vision) MoE with 256 experts is not in auto-round's tested model_type set, so even with disk/MEM the next failure would likely be an arch/route error.[lesson] Saved: [unfixable] RuntimeError: Task error: File reconstruction error: IO Error: No space left on 
[lesson]   Solution: UNFIXABLE: model-disk-mismatch — XiaomiMiMo/MiMo-V2.5 (310.78B fp8 MoE, ~345GB across 16 expert-parallel safetensors shards) does not fit in the container's writable filesystem (200GB overlay with 17GB free); the 879GB NVMe and 28TB md127 are mounted read-only to specific files and cannot host a HF cache. Compounding issues: (a) the model is already saved in fp8 (pre-quantized) — auto-round's W4A16 quantizes bf16/fp16 weights and there is no bf16 source of these weights anywhere in the repo, (b) 310B fp8 ≈ 315GB and dequantization-to-bf16 ≈ 630GB is far beyond the 150GB H200 and would also need an offload path the pipeline does not provide, (c) the custom mimo_v2 multimodal (text+audio+vision) MoE with 256 experts is not in auto-round's tested model_type set, so even with disk/MEM the next failure would likely be an arch/route error.

[auto_v3] Pipeline failed at: quantize (576s)
[auto_v3] Pipeline failed at: quantize (576s)
[auto_v3] Collected 1 openclaw session(s)
[auto_v3] Collected 1 openclaw session(s)
[format_sessions] Wrote /root/_work/1/s/auto_quant/output/runs/MiMo-V2.5-AutoRound-W4A16-RTN/session_fix_quantize_358_1785757665.md
[format_sessions] Wrote /root/_work/1/s/auto_quant/output/runs/MiMo-V2.5-AutoRound-W4A16-RTN/session_fix_quantize_358_1785757665.md
[auto_v3] Generating run report...
[auto_v3] Generating run report...
[report] Written to: /root/_work/1/s/auto_quant/output/runs/MiMo-V2.5-AutoRound-W4A16-RTN/run_report.md
[report] Written to: /root/_work/1/s/auto_quant/output/runs/MiMo-V2.5-AutoRound-W4A16-RTN/run_report.md

═══════ Upload Results ═══════


═══════ Upload Results ═══════

[auto_v3] Uploading results to lb_eval GitHub...
[auto_v3] Uploading results to lb_eval GitHub...
[github-upload] Removing stale non-git directory: /root/_work/1/s/auto_quant/lb_eval
[github-upload] Removing stale non-git directory: /root/_work/1/s/auto_quant/lb_eval
[github-upload] Cloning repo into: /root/_work/1/s/auto_quant/lb_eval
[github-upload] Cloning repo into: /root/_work/1/s/auto_quant/lb_eval
[github-upload] repo dir: /root/_work/1/s/auto_quant/lb_eval
[github-upload] model id: XiaomiMiMo/MiMo-V2.5
[github-upload] artifact name: MiMo-V2.5-AutoRound-W4A16-RTN
[github-upload] result org: XiaomiMiMo
[github-upload] branch: main
[github-upload] repo dir: /root/_work/1/s/auto_quant/lb_eval
[github-upload] model id: XiaomiMiMo/MiMo-V2.5
[github-upload] artifact name: MiMo-V2.5-AutoRound-W4A16-RTN
[github-upload] result org: XiaomiMiMo
[github-upload] branch: main
[github-upload] git user: lkk12014402 <kaokao.lv@intel.com>
[github-upload] git user: lkk12014402 <kaokao.lv@intel.com>
[github-upload] Derived pipeline status: Partial
[github-upload] Derived pipeline status: Partial
