{
  "alias": "  - high_school_physics",
  "acc,none": 0.1986754966887417,
  "acc_stderr,none": 0.032578473844367795
}