{
  "alias": "  - moral_disputes",
  "acc,none": 0.24566473988439305,
  "acc_stderr,none": 0.023176298203992085
}