{
  "alias": "  - human_aging",
  "acc,none": 0.30493273542600896,
  "acc_stderr,none": 0.03089861088247754
}