{
  "alias": "  - public_relations",
  "acc,none": 0.21818181818181817,
  "acc_stderr,none": 0.03955932861795833
}