{
  "alias": "  - professional_law",
  "acc,none": 0.24511082138200782,
  "acc_stderr,none": 0.010986307870045522
}