[auto_v3] HF cache: HuggingFace default (~/.cache/huggingface)

═══════ Pipeline: XYZAILab/XYZ-Aquila-mini | W4A16/TUNING/auto_round ═══════


═══════ Pipeline: XYZAILab/XYZ-Aquila-mini | W4A16/TUNING/auto_round ═══════


═══════ Phase: setup_env ═══════


═══════ Phase: setup_env ═══════

=== Phase 1: Environment Setup ===
  AUTO_ROUND_REF=latest
  TRANSFORMERS_REF=auto
  EXPORT_FORMAT=auto_round
  EVAL_BACKEND=hf
=== Phase 1: Environment Setup ===
  AUTO_ROUND_REF=latest
  TRANSFORMERS_REF=auto
  EXPORT_FORMAT=auto_round
  EVAL_BACKEND=hf
[setup_env] Installing: auto-round
[setup_env] Installing: auto-round
 + triton==3.7.1
 + typer==0.27.1
 + urllib3==2.7.0
 + xxhash==3.8.1
 + yarl==1.24.5
 + triton==3.7.1
 + typer==0.27.1
 + urllib3==2.7.0
 + xxhash==3.8.1
 + yarl==1.24.5
 + threadpoolctl==3.6.0
 + typepy==1.3.5
 + word2number==1.1
 + threadpoolctl==3.6.0
 + typepy==1.3.5
 + word2number==1.1
 + hf-transfer==0.1.9
 + loguru==0.7.3
 + sentencepiece==0.2.2
 + hf-transfer==0.1.9
 + loguru==0.7.3
 + sentencepiece==0.2.2
[setup_env] Checking torch/CUDA driver compatibility...
[setup_env] Checking torch/CUDA driver compatibility...
[setup_env] torch=2.13.0+cu130, CUDA available — OK
[setup_env] torch=2.13.0+cu130, CUDA available — OK
[setup_env] Running pre-flight dependency check for XYZAILab/XYZ-Aquila-mini...
[setup_env] Running pre-flight dependency check for XYZAILab/XYZ-Aquila-mini...
23:59:19 [preflight] Pre-flight check for: XYZAILab/XYZ-Aquila-mini
23:59:19 [preflight] Pre-flight check for: XYZAILab/XYZ-Aquila-mini
23:59:19 [preflight] HTTP Request: GET https://huggingface.co/api/agent-harnesses "HTTP/1.1 200 OK"
23:59:19 [preflight] HTTP Request: GET https://huggingface.co/api/agent-harnesses "HTTP/1.1 200 OK"
23:59:19 [preflight] HTTP Request: HEAD https://huggingface.co/XYZAILab/XYZ-Aquila-mini/resolve/main/config.json "HTTP/1.1 307 Temporary Redirect"
23:59:19 [preflight] HTTP Request: HEAD https://huggingface.co/XYZAILab/XYZ-Aquila-mini/resolve/main/config.json "HTTP/1.1 307 Temporary Redirect"
23:59:19 [preflight] HTTP Request: HEAD https://huggingface.co/api/resolve-cache/models/XYZAILab/XYZ-Aquila-mini/c70d151a710715886f013423d2a9ffbcba754858/config.json "HTTP/1.1 200 OK"
23:59:19 [preflight] HTTP Request: HEAD https://huggingface.co/api/resolve-cache/models/XYZAILab/XYZ-Aquila-mini/c70d151a710715886f013423d2a9ffbcba754858/config.json "HTTP/1.1 200 OK"
23:59:19 [preflight] HTTP Request: GET https://huggingface.co/api/resolve-cache/models/XYZAILab/XYZ-Aquila-mini/c70d151a710715886f013423d2a9ffbcba754858/config.json "HTTP/1.1 200 OK"
23:59:19 [preflight] HTTP Request: GET https://huggingface.co/api/resolve-cache/models/XYZAILab/XYZ-Aquila-mini/c70d151a710715886f013423d2a9ffbcba754858/config.json "HTTP/1.1 200 OK"
23:59:19 [preflight]   model_type: qwen3_5_moe
23:59:19 [preflight]   auto_map: no
23:59:19 [preflight]   transformers_version: 5.12.1
23:59:19 [preflight]   model_type: qwen3_5_moe
23:59:19 [preflight]   auto_map: no
23:59:19 [preflight]   transformers_version: 5.12.1
23:59:20 [preflight] HTTP Request: HEAD https://huggingface.co/XYZAILab/XYZ-Aquila-mini/resolve/main/requirements.txt "HTTP/1.1 404 Not Found"
23:59:20 [preflight] HTTP Request: HEAD https://huggingface.co/XYZAILab/XYZ-Aquila-mini/resolve/main/requirements.txt "HTTP/1.1 404 Not Found"
23:59:20 [preflight]   ✓ All dependencies satisfied
23:59:20 [preflight]   ✓ All dependencies satisfied

[setup_env] Verification:

[setup_env] Verification:
  torch=2.13.0+cu130, cuda=True
  torch=2.13.0+cu130, cuda=True
  auto_round=0.14.2
  transformers=5.14.1
  auto_round=0.14.2
  transformers=5.14.1
  lm_eval=0.4.12
  lm_eval=0.4.12

=== Phase 1: DONE ===

=== Phase 1: DONE ===
[auto_v3] setup_env succeeded
[auto_v3] setup_env succeeded
[auto_v3] CUDA available at start — GPU will be enforced across fix attempts
[auto_v3] CUDA available at start — GPU will be enforced across fix attempts

═══════ Phase: quantize ═══════


═══════ Phase: quantize ═══════

=== Phase 2: Quantization ===
  model=XYZAILab/XYZ-Aquila-mini
  scheme=W4A16
  iters=200
=== Phase 2: Quantization ===
  model=XYZAILab/XYZ-Aquila-mini
  scheme=W4A16
  iters=200
  export_format=auto_round
  model_free=false
  ignore_layers=<default>
  layer_config=<none>
  output_dir=/root/_work/1/s/auto_quant/output/runs/XYZ-Aquila-mini-AutoRound-W4A16-Tuning/quantized_model
  export_format=auto_round
  model_free=false
  ignore_layers=<default>
  layer_config=<none>
  output_dir=/root/_work/1/s/auto_quant/output/runs/XYZ-Aquila-mini-AutoRound-W4A16-Tuning/quantized_model
23:59:34 [INFO] Quantization compute device: cuda:0 (device_map=0)
23:59:34 [INFO] Quantization compute device: cuda:0 (device_map=0)
23:59:34 [INFO] GPU0 free VRAM: 94.4GB / 95.0GB (min required: 2.0GB)
23:59:34 [INFO] Model: XYZAILab/XYZ-Aquila-mini
23:59:34 [INFO] Scheme: W4A16 → AutoRound scheme='W4A16'
23:59:34 [INFO] Iters: 200 (TUNING)
23:59:34 [INFO] Export format: auto_round
23:59:34 [INFO] Output: /root/_work/1/s/auto_quant/output/runs/XYZ-Aquila-mini-AutoRound-W4A16-Tuning/quantized_model
23:59:34 [INFO] Device map: auto → effective: 0
23:59:34 [INFO] Loading tokenizer...
23:59:34 [INFO] GPU0 free VRAM: 94.4GB / 95.0GB (min required: 2.0GB)
23:59:34 [INFO] Model: XYZAILab/XYZ-Aquila-mini
23:59:34 [INFO] Scheme: W4A16 → AutoRound scheme='W4A16'
23:59:34 [INFO] Iters: 200 (TUNING)
23:59:34 [INFO] Export format: auto_round
23:59:34 [INFO] Output: /root/_work/1/s/auto_quant/output/runs/XYZ-Aquila-mini-AutoRound-W4A16-Tuning/quantized_model
23:59:34 [INFO] Device map: auto → effective: 0
23:59:34 [INFO] Loading tokenizer...
23:59:34 [INFO] HTTP Request: HEAD https://huggingface.co/XYZAILab/XYZ-Aquila-mini/resolve/main/config.json "HTTP/1.1 307 Temporary Redirect"
23:59:34 [INFO] HTTP Request: HEAD https://huggingface.co/XYZAILab/XYZ-Aquila-mini/resolve/main/config.json "HTTP/1.1 307 Temporary Redirect"
23:59:34 [INFO] HTTP Request: HEAD https://huggingface.co/api/resolve-cache/models/XYZAILab/XYZ-Aquila-mini/c70d151a710715886f013423d2a9ffbcba754858/config.json "HTTP/1.1 200 OK"
23:59:34 [INFO] HTTP Request: HEAD https://huggingface.co/api/resolve-cache/models/XYZAILab/XYZ-Aquila-mini/c70d151a710715886f013423d2a9ffbcba754858/config.json "HTTP/1.1 200 OK"
23:59:34 [INFO] HTTP Request: HEAD https://huggingface.co/XYZAILab/XYZ-Aquila-mini/resolve/main/tokenizer_config.json "HTTP/1.1 307 Temporary Redirect"
23:59:34 [INFO] HTTP Request: HEAD https://huggingface.co/XYZAILab/XYZ-Aquila-mini/resolve/main/tokenizer_config.json "HTTP/1.1 307 Temporary Redirect"
23:59:34 [INFO] HTTP Request: HEAD https://huggingface.co/api/resolve-cache/models/XYZAILab/XYZ-Aquila-mini/c70d151a710715886f013423d2a9ffbcba754858/tokenizer_config.json "HTTP/1.1 200 OK"
23:59:34 [INFO] HTTP Request: HEAD https://huggingface.co/api/resolve-cache/models/XYZAILab/XYZ-Aquila-mini/c70d151a710715886f013423d2a9ffbcba754858/tokenizer_config.json "HTTP/1.1 200 OK"
23:59:34 [INFO] HTTP Request: GET https://huggingface.co/api/resolve-cache/models/XYZAILab/XYZ-Aquila-mini/c70d151a710715886f013423d2a9ffbcba754858/tokenizer_config.json "HTTP/1.1 200 OK"
23:59:34 [INFO] HTTP Request: GET https://huggingface.co/api/resolve-cache/models/XYZAILab/XYZ-Aquila-mini/c70d151a710715886f013423d2a9ffbcba754858/tokenizer_config.json "HTTP/1.1 200 OK"
23:59:34 [INFO] HTTP Request: HEAD https://huggingface.co/XYZAILab/XYZ-Aquila-mini/resolve/main/tokenizer_config.json "HTTP/1.1 307 Temporary Redirect"
23:59:34 [INFO] HTTP Request: HEAD https://huggingface.co/XYZAILab/XYZ-Aquila-mini/resolve/main/tokenizer_config.json "HTTP/1.1 307 Temporary Redirect"
23:59:34 [INFO] HTTP Request: HEAD https://huggingface.co/api/resolve-cache/models/XYZAILab/XYZ-Aquila-mini/c70d151a710715886f013423d2a9ffbcba754858/tokenizer_config.json "HTTP/1.1 200 OK"
23:59:34 [INFO] HTTP Request: HEAD https://huggingface.co/api/resolve-cache/models/XYZAILab/XYZ-Aquila-mini/c70d151a710715886f013423d2a9ffbcba754858/tokenizer_config.json "HTTP/1.1 200 OK"
23:59:34 [INFO] HTTP Request: GET https://huggingface.co/api/models/XYZAILab/XYZ-Aquila-mini/tree/main/additional_chat_templates?recursive=false&expand=false "HTTP/1.1 404 Not Found"
23:59:34 [INFO] HTTP Request: GET https://huggingface.co/api/models/XYZAILab/XYZ-Aquila-mini/tree/main/additional_chat_templates?recursive=false&expand=false "HTTP/1.1 404 Not Found"
23:59:34 [INFO] HTTP Request: GET https://huggingface.co/api/models/XYZAILab/XYZ-Aquila-mini/tree/main?recursive=true&expand=false "HTTP/1.1 200 OK"
23:59:34 [INFO] HTTP Request: GET https://huggingface.co/api/models/XYZAILab/XYZ-Aquila-mini/tree/main?recursive=true&expand=false "HTTP/1.1 200 OK"
23:59:34 [INFO] HTTP Request: HEAD https://huggingface.co/XYZAILab/XYZ-Aquila-mini/resolve/main/vocab.json "HTTP/1.1 404 Not Found"
23:59:34 [INFO] HTTP Request: HEAD https://huggingface.co/XYZAILab/XYZ-Aquila-mini/resolve/main/vocab.json "HTTP/1.1 404 Not Found"
23:59:34 [INFO] HTTP Request: HEAD https://huggingface.co/XYZAILab/XYZ-Aquila-mini/resolve/main/merges.txt "HTTP/1.1 404 Not Found"
23:59:34 [INFO] HTTP Request: HEAD https://huggingface.co/XYZAILab/XYZ-Aquila-mini/resolve/main/merges.txt "HTTP/1.1 404 Not Found"
23:59:34 [INFO] HTTP Request: HEAD https://huggingface.co/XYZAILab/XYZ-Aquila-mini/resolve/main/tokenizer.json "HTTP/1.1 302 Found"
23:59:34 [INFO] HTTP Request: HEAD https://huggingface.co/XYZAILab/XYZ-Aquila-mini/resolve/main/tokenizer.json "HTTP/1.1 302 Found"
23:59:35 [INFO] HTTP Request: HEAD https://huggingface.co/XYZAILab/XYZ-Aquila-mini/resolve/main/added_tokens.json "HTTP/1.1 404 Not Found"
23:59:35 [INFO] HTTP Request: HEAD https://huggingface.co/XYZAILab/XYZ-Aquila-mini/resolve/main/added_tokens.json "HTTP/1.1 404 Not Found"
23:59:35 [INFO] HTTP Request: HEAD https://huggingface.co/XYZAILab/XYZ-Aquila-mini/resolve/main/special_tokens_map.json "HTTP/1.1 404 Not Found"
23:59:35 [INFO] HTTP Request: HEAD https://huggingface.co/XYZAILab/XYZ-Aquila-mini/resolve/main/special_tokens_map.json "HTTP/1.1 404 Not Found"
23:59:35 [INFO] HTTP Request: HEAD https://huggingface.co/XYZAILab/XYZ-Aquila-mini/resolve/main/chat_template.jinja "HTTP/1.1 307 Temporary Redirect"
23:59:35 [INFO] HTTP Request: HEAD https://huggingface.co/XYZAILab/XYZ-Aquila-mini/resolve/main/chat_template.jinja "HTTP/1.1 307 Temporary Redirect"
23:59:35 [INFO] HTTP Request: HEAD https://huggingface.co/api/resolve-cache/models/XYZAILab/XYZ-Aquila-mini/c70d151a710715886f013423d2a9ffbcba754858/chat_template.jinja "HTTP/1.1 200 OK"
23:59:35 [INFO] HTTP Request: HEAD https://huggingface.co/api/resolve-cache/models/XYZAILab/XYZ-Aquila-mini/c70d151a710715886f013423d2a9ffbcba754858/chat_template.jinja "HTTP/1.1 200 OK"
23:59:35 [INFO] HTTP Request: GET https://huggingface.co/api/resolve-cache/models/XYZAILab/XYZ-Aquila-mini/c70d151a710715886f013423d2a9ffbcba754858/chat_template.jinja "HTTP/1.1 200 OK"
23:59:35 [INFO] HTTP Request: GET https://huggingface.co/api/resolve-cache/models/XYZAILab/XYZ-Aquila-mini/c70d151a710715886f013423d2a9ffbcba754858/chat_template.jinja "HTTP/1.1 200 OK"
23:59:36 [INFO] HTTP Request: GET https://huggingface.co/api/models/XYZAILab/XYZ-Aquila-mini "HTTP/1.1 200 OK"
23:59:36 [INFO] HTTP Request: GET https://huggingface.co/api/models/XYZAILab/XYZ-Aquila-mini "HTTP/1.1 200 OK"
23:59:36 [INFO] Loading model...
23:59:36 [INFO] Loading model...
23:59:36 [INFO] HTTP Request: HEAD https://huggingface.co/XYZAILab/XYZ-Aquila-mini/resolve/main/config.json "HTTP/1.1 307 Temporary Redirect"
23:59:36 [INFO] HTTP Request: HEAD https://huggingface.co/XYZAILab/XYZ-Aquila-mini/resolve/main/config.json "HTTP/1.1 307 Temporary Redirect"
23:59:36 [INFO] HTTP Request: HEAD https://huggingface.co/api/resolve-cache/models/XYZAILab/XYZ-Aquila-mini/c70d151a710715886f013423d2a9ffbcba754858/config.json "HTTP/1.1 200 OK"
23:59:36 [INFO] HTTP Request: HEAD https://huggingface.co/api/resolve-cache/models/XYZAILab/XYZ-Aquila-mini/c70d151a710715886f013423d2a9ffbcba754858/config.json "HTTP/1.1 200 OK"
23:59:36 [INFO] HTTP Request: HEAD https://huggingface.co/XYZAILab/XYZ-Aquila-mini/resolve/main/model.safetensors "HTTP/1.1 404 Not Found"
23:59:36 [INFO] HTTP Request: HEAD https://huggingface.co/XYZAILab/XYZ-Aquila-mini/resolve/main/model.safetensors "HTTP/1.1 404 Not Found"
23:59:36 [INFO] HTTP Request: HEAD https://huggingface.co/XYZAILab/XYZ-Aquila-mini/resolve/main/model.safetensors.index.json "HTTP/1.1 307 Temporary Redirect"
23:59:36 [INFO] HTTP Request: HEAD https://huggingface.co/XYZAILab/XYZ-Aquila-mini/resolve/main/model.safetensors.index.json "HTTP/1.1 307 Temporary Redirect"
23:59:36 [INFO] HTTP Request: HEAD https://huggingface.co/api/resolve-cache/models/XYZAILab/XYZ-Aquila-mini/c70d151a710715886f013423d2a9ffbcba754858/model.safetensors.index.json "HTTP/1.1 200 OK"
23:59:36 [INFO] HTTP Request: HEAD https://huggingface.co/api/resolve-cache/models/XYZAILab/XYZ-Aquila-mini/c70d151a710715886f013423d2a9ffbcba754858/model.safetensors.index.json "HTTP/1.1 200 OK"
23:59:36 [INFO] HTTP Request: GET https://huggingface.co/api/resolve-cache/models/XYZAILab/XYZ-Aquila-mini/c70d151a710715886f013423d2a9ffbcba754858/model.safetensors.index.json "HTTP/1.1 200 OK"
23:59:36 [INFO] HTTP Request: GET https://huggingface.co/api/resolve-cache/models/XYZAILab/XYZ-Aquila-mini/c70d151a710715886f013423d2a9ffbcba754858/model.safetensors.index.json "HTTP/1.1 200 OK"
23:59:36 [INFO] HTTP Request: GET https://huggingface.co/api/models/XYZAILab/XYZ-Aquila-mini/revision/main "HTTP/1.1 200 OK"
23:59:36 [INFO] HTTP Request: GET https://huggingface.co/api/models/XYZAILab/XYZ-Aquila-mini/revision/main "HTTP/1.1 200 OK"
23:59:36 [INFO] HTTP Request: GET https://huggingface.co/api/models/XYZAILab/XYZ-Aquila-mini/tree/c70d151a710715886f013423d2a9ffbcba754858?recursive=true&expand=false "HTTP/1.1 200 OK"
23:59:36 [INFO] HTTP Request: GET https://huggingface.co/api/models/XYZAILab/XYZ-Aquila-mini/tree/c70d151a710715886f013423d2a9ffbcba754858?recursive=true&expand=false "HTTP/1.1 200 OK"
[transformers] The fast path is not available because one of the required library is not installed. Falling back to torch implementation. To install follow https://github.com/fla-org/flash-linear-attention#installation and https://github.com/Dao-AILab/causal-conv1d
[transformers] The fast path is not available because one of the required library is not installed. Falling back to torch implementation. To install follow https://github.com/fla-org/flash-linear-attention#installation and https://github.com/Dao-AILab/causal-conv1d
00:00:55 [INFO] HTTP Request: HEAD https://huggingface.co/XYZAILab/XYZ-Aquila-mini/resolve/main/generation_config.json "HTTP/1.1 404 Not Found"
00:00:55 [INFO] HTTP Request: HEAD https://huggingface.co/XYZAILab/XYZ-Aquila-mini/resolve/main/generation_config.json "HTTP/1.1 404 Not Found"
00:00:55 [INFO] HTTP Request: HEAD https://huggingface.co/XYZAILab/XYZ-Aquila-mini/resolve/main/config.json "HTTP/1.1 307 Temporary Redirect"
00:00:55 [INFO] HTTP Request: HEAD https://huggingface.co/XYZAILab/XYZ-Aquila-mini/resolve/main/config.json "HTTP/1.1 307 Temporary Redirect"
00:00:55 [INFO] HTTP Request: HEAD https://huggingface.co/api/resolve-cache/models/XYZAILab/XYZ-Aquila-mini/c70d151a710715886f013423d2a9ffbcba754858/config.json "HTTP/1.1 200 OK"
00:00:55 [INFO] HTTP Request: HEAD https://huggingface.co/api/resolve-cache/models/XYZAILab/XYZ-Aquila-mini/c70d151a710715886f013423d2a9ffbcba754858/config.json "HTTP/1.1 200 OK"
00:00:55 [INFO] HTTP Request: HEAD https://huggingface.co/XYZAILab/XYZ-Aquila-mini/resolve/main/custom_generate/generate.py "HTTP/1.1 404 Not Found"
00:00:55 [INFO] HTTP Request: HEAD https://huggingface.co/XYZAILab/XYZ-Aquila-mini/resolve/main/custom_generate/generate.py "HTTP/1.1 404 Not Found"
00:00:55 [INFO] Architecture: Qwen3_5MoeForCausalLM (model_type=qwen3_5_moe_text, moe=True)
00:00:55 [INFO] Ignore layers (default): lm_head
00:00:55 [INFO] Configuring AutoRound...
00:00:55 [INFO] Architecture: Qwen3_5MoeForCausalLM (model_type=qwen3_5_moe_text, moe=True)
00:00:55 [INFO] Ignore layers (default): lm_head
00:00:55 [INFO] Configuring AutoRound...
[38;20m2026-08-04 00:00:55 INFO entry.py L745: Using MLLM mode for multimodal model.[0m
[38;20m2026-08-04 00:00:55 INFO entry.py L745: Using MLLM mode for multimodal model.[0m
00:00:55 [INFO] HTTP Request: HEAD https://huggingface.co/XYZAILab/XYZ-Aquila-mini/resolve/main/config.json "HTTP/1.1 307 Temporary Redirect"
00:00:55 [INFO] HTTP Request: HEAD https://huggingface.co/XYZAILab/XYZ-Aquila-mini/resolve/main/config.json "HTTP/1.1 307 Temporary Redirect"
00:00:55 [INFO] HTTP Request: HEAD https://huggingface.co/api/resolve-cache/models/XYZAILab/XYZ-Aquila-mini/c70d151a710715886f013423d2a9ffbcba754858/config.json "HTTP/1.1 200 OK"
00:00:55 [INFO] HTTP Request: HEAD https://huggingface.co/api/resolve-cache/models/XYZAILab/XYZ-Aquila-mini/c70d151a710715886f013423d2a9ffbcba754858/config.json "HTTP/1.1 200 OK"
00:00:55 [INFO] HTTP Request: HEAD https://huggingface.co/XYZAILab/XYZ-Aquila-mini/resolve/main/model_index.json "HTTP/1.1 404 Not Found"
00:00:55 [INFO] HTTP Request: HEAD https://huggingface.co/XYZAILab/XYZ-Aquila-mini/resolve/main/model_index.json "HTTP/1.1 404 Not Found"
404 Client Error. (Request ID: Root=1-6a712bb7-3f18b3773e9fd06653ecbc23;df8f42e7-4935-4504-9119-41f666003c44)

Entry Not Found for url: https://huggingface.co/XYZAILab/XYZ-Aquila-mini/resolve/main/model_index.json.
404 Client Error. (Request ID: Root=1-6a712bb7-3f18b3773e9fd06653ecbc23;df8f42e7-4935-4504-9119-41f666003c44)

Entry Not Found for url: https://huggingface.co/XYZAILab/XYZ-Aquila-mini/resolve/main/model_index.json.
00:00:55 [INFO] HTTP Request: HEAD https://huggingface.co/XYZAILab/XYZ-Aquila-mini/resolve/main/config.json "HTTP/1.1 307 Temporary Redirect"
00:00:55 [INFO] HTTP Request: HEAD https://huggingface.co/XYZAILab/XYZ-Aquila-mini/resolve/main/config.json "HTTP/1.1 307 Temporary Redirect"
00:00:55 [INFO] HTTP Request: HEAD https://huggingface.co/api/resolve-cache/models/XYZAILab/XYZ-Aquila-mini/c70d151a710715886f013423d2a9ffbcba754858/config.json "HTTP/1.1 200 OK"
00:00:55 [INFO] HTTP Request: HEAD https://huggingface.co/api/resolve-cache/models/XYZAILab/XYZ-Aquila-mini/c70d151a710715886f013423d2a9ffbcba754858/config.json "HTTP/1.1 200 OK"
00:00:55 [INFO] HTTP Request: GET https://huggingface.co/api/models/XYZAILab/XYZ-Aquila-mini/tree/main?recursive=true&expand=false "HTTP/1.1 200 OK"
00:00:55 [INFO] HTTP Request: GET https://huggingface.co/api/models/XYZAILab/XYZ-Aquila-mini/tree/main?recursive=true&expand=false "HTTP/1.1 200 OK"
00:00:55 [INFO] HTTP Request: HEAD https://huggingface.co/XYZAILab/XYZ-Aquila-mini/resolve/main/config.json "HTTP/1.1 307 Temporary Redirect"
00:00:55 [INFO] HTTP Request: HEAD https://huggingface.co/XYZAILab/XYZ-Aquila-mini/resolve/main/config.json "HTTP/1.1 307 Temporary Redirect"
00:00:55 [INFO] HTTP Request: HEAD https://huggingface.co/api/resolve-cache/models/XYZAILab/XYZ-Aquila-mini/c70d151a710715886f013423d2a9ffbcba754858/config.json "HTTP/1.1 200 OK"
00:00:55 [INFO] HTTP Request: HEAD https://huggingface.co/api/resolve-cache/models/XYZAILab/XYZ-Aquila-mini/c70d151a710715886f013423d2a9ffbcba754858/config.json "HTTP/1.1 200 OK"
00:00:55 [INFO] HTTP Request: HEAD https://huggingface.co/XYZAILab/XYZ-Aquila-mini/resolve/main/config.json "HTTP/1.1 307 Temporary Redirect"
00:00:55 [INFO] HTTP Request: HEAD https://huggingface.co/XYZAILab/XYZ-Aquila-mini/resolve/main/config.json "HTTP/1.1 307 Temporary Redirect"
00:00:55 [INFO] HTTP Request: HEAD https://huggingface.co/api/resolve-cache/models/XYZAILab/XYZ-Aquila-mini/c70d151a710715886f013423d2a9ffbcba754858/config.json "HTTP/1.1 200 OK"
00:00:55 [INFO] HTTP Request: HEAD https://huggingface.co/api/resolve-cache/models/XYZAILab/XYZ-Aquila-mini/c70d151a710715886f013423d2a9ffbcba754858/config.json "HTTP/1.1 200 OK"
00:00:55 [INFO] HTTP Request: HEAD https://huggingface.co/XYZAILab/XYZ-Aquila-mini/resolve/main/model.safetensors "HTTP/1.1 404 Not Found"
00:00:55 [INFO] HTTP Request: HEAD https://huggingface.co/XYZAILab/XYZ-Aquila-mini/resolve/main/model.safetensors "HTTP/1.1 404 Not Found"
00:00:55 [INFO] HTTP Request: HEAD https://huggingface.co/XYZAILab/XYZ-Aquila-mini/resolve/main/model.safetensors.index.json "HTTP/1.1 307 Temporary Redirect"
00:00:55 [INFO] HTTP Request: HEAD https://huggingface.co/XYZAILab/XYZ-Aquila-mini/resolve/main/model.safetensors.index.json "HTTP/1.1 307 Temporary Redirect"
00:00:55 [INFO] HTTP Request: HEAD https://huggingface.co/api/resolve-cache/models/XYZAILab/XYZ-Aquila-mini/c70d151a710715886f013423d2a9ffbcba754858/model.safetensors.index.json "HTTP/1.1 200 OK"
00:00:55 [INFO] HTTP Request: HEAD https://huggingface.co/api/resolve-cache/models/XYZAILab/XYZ-Aquila-mini/c70d151a710715886f013423d2a9ffbcba754858/model.safetensors.index.json "HTTP/1.1 200 OK"
00:00:55 [INFO] HTTP Request: GET https://huggingface.co/api/models/XYZAILab/XYZ-Aquila-mini/revision/main "HTTP/1.1 200 OK"
00:00:55 [INFO] HTTP Request: GET https://huggingface.co/api/models/XYZAILab/XYZ-Aquila-mini/revision/main "HTTP/1.1 200 OK"
00:01:49 [INFO] HTTP Request: HEAD https://huggingface.co/XYZAILab/XYZ-Aquila-mini/resolve/main/generation_config.json "HTTP/1.1 404 Not Found"
00:01:49 [INFO] HTTP Request: HEAD https://huggingface.co/XYZAILab/XYZ-Aquila-mini/resolve/main/generation_config.json "HTTP/1.1 404 Not Found"
00:01:49 [INFO] HTTP Request: HEAD https://huggingface.co/XYZAILab/XYZ-Aquila-mini/resolve/main/config.json "HTTP/1.1 307 Temporary Redirect"
00:01:49 [INFO] HTTP Request: HEAD https://huggingface.co/XYZAILab/XYZ-Aquila-mini/resolve/main/config.json "HTTP/1.1 307 Temporary Redirect"
00:01:49 [INFO] HTTP Request: HEAD https://huggingface.co/api/resolve-cache/models/XYZAILab/XYZ-Aquila-mini/c70d151a710715886f013423d2a9ffbcba754858/config.json "HTTP/1.1 200 OK"
00:01:49 [INFO] HTTP Request: HEAD https://huggingface.co/api/resolve-cache/models/XYZAILab/XYZ-Aquila-mini/c70d151a710715886f013423d2a9ffbcba754858/config.json "HTTP/1.1 200 OK"
00:01:49 [INFO] HTTP Request: HEAD https://huggingface.co/XYZAILab/XYZ-Aquila-mini/resolve/main/custom_generate/generate.py "HTTP/1.1 404 Not Found"
00:01:49 [INFO] HTTP Request: HEAD https://huggingface.co/XYZAILab/XYZ-Aquila-mini/resolve/main/custom_generate/generate.py "HTTP/1.1 404 Not Found"
00:01:49 [INFO] HTTP Request: HEAD https://huggingface.co/XYZAILab/XYZ-Aquila-mini/resolve/main/config.json "HTTP/1.1 307 Temporary Redirect"
00:01:49 [INFO] HTTP Request: HEAD https://huggingface.co/XYZAILab/XYZ-Aquila-mini/resolve/main/config.json "HTTP/1.1 307 Temporary Redirect"
00:01:49 [INFO] HTTP Request: HEAD https://huggingface.co/api/resolve-cache/models/XYZAILab/XYZ-Aquila-mini/c70d151a710715886f013423d2a9ffbcba754858/config.json "HTTP/1.1 200 OK"
00:01:49 [INFO] HTTP Request: HEAD https://huggingface.co/api/resolve-cache/models/XYZAILab/XYZ-Aquila-mini/c70d151a710715886f013423d2a9ffbcba754858/config.json "HTTP/1.1 200 OK"
00:01:49 [INFO] HTTP Request: HEAD https://huggingface.co/XYZAILab/XYZ-Aquila-mini/resolve/main/tokenizer_config.json "HTTP/1.1 307 Temporary Redirect"
00:01:49 [INFO] HTTP Request: HEAD https://huggingface.co/XYZAILab/XYZ-Aquila-mini/resolve/main/tokenizer_config.json "HTTP/1.1 307 Temporary Redirect"
00:01:49 [INFO] HTTP Request: HEAD https://huggingface.co/api/resolve-cache/models/XYZAILab/XYZ-Aquila-mini/c70d151a710715886f013423d2a9ffbcba754858/tokenizer_config.json "HTTP/1.1 200 OK"
00:01:49 [INFO] HTTP Request: HEAD https://huggingface.co/api/resolve-cache/models/XYZAILab/XYZ-Aquila-mini/c70d151a710715886f013423d2a9ffbcba754858/tokenizer_config.json "HTTP/1.1 200 OK"
00:01:49 [INFO] HTTP Request: HEAD https://huggingface.co/XYZAILab/XYZ-Aquila-mini/resolve/main/tokenizer_config.json "HTTP/1.1 307 Temporary Redirect"
00:01:49 [INFO] HTTP Request: HEAD https://huggingface.co/XYZAILab/XYZ-Aquila-mini/resolve/main/tokenizer_config.json "HTTP/1.1 307 Temporary Redirect"
00:01:49 [INFO] HTTP Request: HEAD https://huggingface.co/api/resolve-cache/models/XYZAILab/XYZ-Aquila-mini/c70d151a710715886f013423d2a9ffbcba754858/tokenizer_config.json "HTTP/1.1 200 OK"
00:01:49 [INFO] HTTP Request: HEAD https://huggingface.co/api/resolve-cache/models/XYZAILab/XYZ-Aquila-mini/c70d151a710715886f013423d2a9ffbcba754858/tokenizer_config.json "HTTP/1.1 200 OK"
00:01:49 [INFO] HTTP Request: GET https://huggingface.co/api/models/XYZAILab/XYZ-Aquila-mini/tree/main/additional_chat_templates?recursive=false&expand=false "HTTP/1.1 404 Not Found"
00:01:49 [INFO] HTTP Request: GET https://huggingface.co/api/models/XYZAILab/XYZ-Aquila-mini/tree/main/additional_chat_templates?recursive=false&expand=false "HTTP/1.1 404 Not Found"
00:01:49 [INFO] HTTP Request: GET https://huggingface.co/api/models/XYZAILab/XYZ-Aquila-mini/tree/main?recursive=true&expand=false "HTTP/1.1 200 OK"
00:01:49 [INFO] HTTP Request: GET https://huggingface.co/api/models/XYZAILab/XYZ-Aquila-mini/tree/main?recursive=true&expand=false "HTTP/1.1 200 OK"
00:01:50 [INFO] HTTP Request: GET https://huggingface.co/api/models/XYZAILab/XYZ-Aquila-mini "HTTP/1.1 200 OK"
00:01:50 [INFO] HTTP Request: GET https://huggingface.co/api/models/XYZAILab/XYZ-Aquila-mini "HTTP/1.1 200 OK"
00:01:50 [INFO] HTTP Request: HEAD https://huggingface.co/XYZAILab/XYZ-Aquila-mini/resolve/main/processor_config.json "HTTP/1.1 307 Temporary Redirect"
00:01:50 [INFO] HTTP Request: HEAD https://huggingface.co/XYZAILab/XYZ-Aquila-mini/resolve/main/processor_config.json "HTTP/1.1 307 Temporary Redirect"
00:01:50 [INFO] HTTP Request: HEAD https://huggingface.co/api/resolve-cache/models/XYZAILab/XYZ-Aquila-mini/c70d151a710715886f013423d2a9ffbcba754858/processor_config.json "HTTP/1.1 200 OK"
00:01:50 [INFO] HTTP Request: HEAD https://huggingface.co/api/resolve-cache/models/XYZAILab/XYZ-Aquila-mini/c70d151a710715886f013423d2a9ffbcba754858/processor_config.json "HTTP/1.1 200 OK"
00:01:50 [INFO] HTTP Request: GET https://huggingface.co/api/resolve-cache/models/XYZAILab/XYZ-Aquila-mini/c70d151a710715886f013423d2a9ffbcba754858/processor_config.json "HTTP/1.1 200 OK"
00:01:50 [INFO] HTTP Request: GET https://huggingface.co/api/resolve-cache/models/XYZAILab/XYZ-Aquila-mini/c70d151a710715886f013423d2a9ffbcba754858/processor_config.json "HTTP/1.1 200 OK"
00:01:50 [INFO] HTTP Request: GET https://huggingface.co/api/models/XYZAILab/XYZ-Aquila-mini/tree/main/additional_chat_templates?recursive=false&expand=false "HTTP/1.1 404 Not Found"
00:01:50 [INFO] HTTP Request: GET https://huggingface.co/api/models/XYZAILab/XYZ-Aquila-mini/tree/main/additional_chat_templates?recursive=false&expand=false "HTTP/1.1 404 Not Found"
00:01:50 [INFO] HTTP Request: HEAD https://huggingface.co/XYZAILab/XYZ-Aquila-mini/resolve/main/processor_config.json "HTTP/1.1 307 Temporary Redirect"
00:01:50 [INFO] HTTP Request: HEAD https://huggingface.co/XYZAILab/XYZ-Aquila-mini/resolve/main/processor_config.json "HTTP/1.1 307 Temporary Redirect"
00:01:50 [INFO] HTTP Request: HEAD https://huggingface.co/api/resolve-cache/models/XYZAILab/XYZ-Aquila-mini/c70d151a710715886f013423d2a9ffbcba754858/processor_config.json "HTTP/1.1 200 OK"
00:01:50 [INFO] HTTP Request: HEAD https://huggingface.co/api/resolve-cache/models/XYZAILab/XYZ-Aquila-mini/c70d151a710715886f013423d2a9ffbcba754858/processor_config.json "HTTP/1.1 200 OK"
00:01:51 [INFO] HTTP Request: HEAD https://huggingface.co/XYZAILab/XYZ-Aquila-mini/resolve/main/chat_template.json "HTTP/1.1 404 Not Found"
00:01:51 [INFO] HTTP Request: HEAD https://huggingface.co/XYZAILab/XYZ-Aquila-mini/resolve/main/chat_template.json "HTTP/1.1 404 Not Found"
00:01:51 [INFO] HTTP Request: HEAD https://huggingface.co/XYZAILab/XYZ-Aquila-mini/resolve/main/chat_template.jinja "HTTP/1.1 307 Temporary Redirect"
00:01:51 [INFO] HTTP Request: HEAD https://huggingface.co/XYZAILab/XYZ-Aquila-mini/resolve/main/chat_template.jinja "HTTP/1.1 307 Temporary Redirect"
00:01:51 [INFO] HTTP Request: HEAD https://huggingface.co/api/resolve-cache/models/XYZAILab/XYZ-Aquila-mini/c70d151a710715886f013423d2a9ffbcba754858/chat_template.jinja "HTTP/1.1 200 OK"
00:01:51 [INFO] HTTP Request: HEAD https://huggingface.co/api/resolve-cache/models/XYZAILab/XYZ-Aquila-mini/c70d151a710715886f013423d2a9ffbcba754858/chat_template.jinja "HTTP/1.1 200 OK"
00:01:51 [INFO] HTTP Request: HEAD https://huggingface.co/XYZAILab/XYZ-Aquila-mini/resolve/main/audio_tokenizer_config.json "HTTP/1.1 404 Not Found"
00:01:51 [INFO] HTTP Request: HEAD https://huggingface.co/XYZAILab/XYZ-Aquila-mini/resolve/main/audio_tokenizer_config.json "HTTP/1.1 404 Not Found"
00:01:51 [INFO] HTTP Request: GET https://huggingface.co/api/models/XYZAILab/XYZ-Aquila-mini/tree/main/additional_chat_templates?recursive=false&expand=false "HTTP/1.1 404 Not Found"
00:01:51 [INFO] HTTP Request: GET https://huggingface.co/api/models/XYZAILab/XYZ-Aquila-mini/tree/main/additional_chat_templates?recursive=false&expand=false "HTTP/1.1 404 Not Found"
00:01:51 [INFO] HTTP Request: HEAD https://huggingface.co/XYZAILab/XYZ-Aquila-mini/resolve/main/processor_config.json "HTTP/1.1 307 Temporary Redirect"
00:01:51 [INFO] HTTP Request: HEAD https://huggingface.co/XYZAILab/XYZ-Aquila-mini/resolve/main/processor_config.json "HTTP/1.1 307 Temporary Redirect"
00:01:51 [INFO] HTTP Request: HEAD https://huggingface.co/api/resolve-cache/models/XYZAILab/XYZ-Aquila-mini/c70d151a710715886f013423d2a9ffbcba754858/processor_config.json "HTTP/1.1 200 OK"
00:01:51 [INFO] HTTP Request: HEAD https://huggingface.co/api/resolve-cache/models/XYZAILab/XYZ-Aquila-mini/c70d151a710715886f013423d2a9ffbcba754858/processor_config.json "HTTP/1.1 200 OK"
00:01:51 [INFO] HTTP Request: HEAD https://huggingface.co/XYZAILab/XYZ-Aquila-mini/resolve/main/chat_template.json "HTTP/1.1 404 Not Found"
00:01:51 [INFO] HTTP Request: HEAD https://huggingface.co/XYZAILab/XYZ-Aquila-mini/resolve/main/chat_template.json "HTTP/1.1 404 Not Found"
00:01:51 [INFO] HTTP Request: HEAD https://huggingface.co/XYZAILab/XYZ-Aquila-mini/resolve/main/chat_template.jinja "HTTP/1.1 307 Temporary Redirect"
00:01:51 [INFO] HTTP Request: HEAD https://huggingface.co/XYZAILab/XYZ-Aquila-mini/resolve/main/chat_template.jinja "HTTP/1.1 307 Temporary Redirect"
00:01:51 [INFO] HTTP Request: HEAD https://huggingface.co/api/resolve-cache/models/XYZAILab/XYZ-Aquila-mini/c70d151a710715886f013423d2a9ffbcba754858/chat_template.jinja "HTTP/1.1 200 OK"
00:01:51 [INFO] HTTP Request: HEAD https://huggingface.co/api/resolve-cache/models/XYZAILab/XYZ-Aquila-mini/c70d151a710715886f013423d2a9ffbcba754858/chat_template.jinja "HTTP/1.1 200 OK"
00:01:51 [INFO] HTTP Request: HEAD https://huggingface.co/XYZAILab/XYZ-Aquila-mini/resolve/main/audio_tokenizer_config.json "HTTP/1.1 404 Not Found"
00:01:51 [INFO] HTTP Request: HEAD https://huggingface.co/XYZAILab/XYZ-Aquila-mini/resolve/main/audio_tokenizer_config.json "HTTP/1.1 404 Not Found"
00:01:51 [INFO] HTTP Request: HEAD https://huggingface.co/XYZAILab/XYZ-Aquila-mini/resolve/main/processor_config.json "HTTP/1.1 307 Temporary Redirect"
00:01:51 [INFO] HTTP Request: HEAD https://huggingface.co/XYZAILab/XYZ-Aquila-mini/resolve/main/processor_config.json "HTTP/1.1 307 Temporary Redirect"
00:01:51 [INFO] HTTP Request: HEAD https://huggingface.co/api/resolve-cache/models/XYZAILab/XYZ-Aquila-mini/c70d151a710715886f013423d2a9ffbcba754858/processor_config.json "HTTP/1.1 200 OK"
00:01:51 [INFO] HTTP Request: HEAD https://huggingface.co/api/resolve-cache/models/XYZAILab/XYZ-Aquila-mini/c70d151a710715886f013423d2a9ffbcba754858/processor_config.json "HTTP/1.1 200 OK"
00:01:51 [INFO] HTTP Request: HEAD https://huggingface.co/XYZAILab/XYZ-Aquila-mini/resolve/main/preprocessor_config.json "HTTP/1.1 307 Temporary Redirect"
00:01:51 [INFO] HTTP Request: HEAD https://huggingface.co/XYZAILab/XYZ-Aquila-mini/resolve/main/preprocessor_config.json "HTTP/1.1 307 Temporary Redirect"
00:01:51 [INFO] HTTP Request: HEAD https://huggingface.co/api/resolve-cache/models/XYZAILab/XYZ-Aquila-mini/c70d151a710715886f013423d2a9ffbcba754858/preprocessor_config.json "HTTP/1.1 200 OK"
00:01:51 [INFO] HTTP Request: HEAD https://huggingface.co/api/resolve-cache/models/XYZAILab/XYZ-Aquila-mini/c70d151a710715886f013423d2a9ffbcba754858/preprocessor_config.json "HTTP/1.1 200 OK"
00:01:51 [INFO] HTTP Request: GET https://huggingface.co/api/resolve-cache/models/XYZAILab/XYZ-Aquila-mini/c70d151a710715886f013423d2a9ffbcba754858/preprocessor_config.json "HTTP/1.1 200 OK"
00:01:51 [INFO] HTTP Request: GET https://huggingface.co/api/resolve-cache/models/XYZAILab/XYZ-Aquila-mini/c70d151a710715886f013423d2a9ffbcba754858/preprocessor_config.json "HTTP/1.1 200 OK"
00:01:51 [ERROR] Quantization failed: Could not load any image processor class for XYZAILab/XYZ-Aquila-mini. The model configuration resolves to the following image processor classes: pil: Qwen2VLImageProcessorPil, torchvision: Qwen2VLImageProcessor. None of these classes could be imported. Missing optional dependencies: torchvision, Pillow. Please install the missing dependencies or select a backend that is available in your environment.
00:01:51 [ERROR] Quantization failed: Could not load any image processor class for XYZAILab/XYZ-Aquila-mini. The model configuration resolves to the following image processor classes: pil: Qwen2VLImageProcessorPil, torchvision: Qwen2VLImageProcessor. None of these classes could be imported. Missing optional dependencies: torchvision, Pillow. Please install the missing dependencies or select a backend that is available in your environment.
Traceback (most recent call last):
Traceback (most recent call last):
  File "/root/_work/1/s/auto_quant/phases/quantize.py", line 479, in <module>
    quantize(args)
  File "/root/_work/1/s/auto_quant/phases/quantize.py", line 357, in quantize
    autoround = AutoRound(**ar_kwargs)
                ^^^^^^^^^^^^^^^^^^^^^^
  File "/root/.venv/lib/python3.12/site-packages/auto_round/autoround.py", line 261, in __new__
    return AutoRoundCompatible(
           ^^^^^^^^^^^^^^^^^^^^
  File "/root/.venv/lib/python3.12/site-packages/auto_round/compressors/entry.py", line 752, in __new__
    compressor = AutoRound(
                 ^^^^^^^^^^
  File "/root/.venv/lib/python3.12/site-packages/auto_round/compressors/entry.py", line 426, in __new__
    return _get_compressor_class(model_type, DataDrivenCompressor)(alg_configs, **local_args, **ctor_kwargs)
           ^^^^^^^^^^^^^^^^^^^^^^^^^^^^^^^^^^^^^^^^^^^^^^^^^^^^^^^^^^^^^^^^^^^^^^^^^^^^^^^^^^^^^^^^^^^^^^^^^
  File "/root/.venv/lib/python3.12/site-packages/auto_round/compressors/mllm_mixin.py", line 89, in __init__
    super().__init__(*args, **kwargs)
  File "/root/.venv/lib/python3.12/site-packages/auto_round/compressors/data_driven.py", line 96, in __init__
    super().__init__(
  File "/root/.venv/lib/python3.12/site-packages/auto_round/compressors/base.py", line 379, in __init__
    self.model_context = ModelContext(
                         ^^^^^^^^^^^^^
  File "/root/.venv/lib/python3.12/site-packages/auto_round/context/base.py", line 39, in __call__
    instance.__init__(*args, **kwargs)
  File "/root/.venv/lib/python3.12/site-packages/auto_round/context/base.py", line 27, in wrapped_init
    original_init(self, *args, **kwargs)
  File "/root/.venv/lib/python3.12/site-packages/auto_round/context/model.py", line 110, in __init__
    self._load_model()
  File "/root/.venv/lib/python3.12/site-packages/auto_round/context/model.py", line 151, in _load_model
    self.model, self.processor, self.tokenizer, self.image_processor = mllm_load_model(
                                                                       ^^^^^^^^^^^^^^^^
  File "/root/.venv/lib/python3.12/site-packages/auto_round/utils/model.py", line 758, in mllm_load_model
    processor = AutoProcessor.from_pretrained(
                ^^^^^^^^^^^^^^^^^^^^^^^^^^^^^^
  File "/root/.venv/lib/python3.12/site-packages/transformers/models/auto/processing_auto.py", line 328, in from_pretrained
    return processor_class.from_pretrained(
           ^^^^^^^^^^^^^^^^^^^^^^^^^^^^^^^^
  File "/root/.venv/lib/python3.12/site-packages/transformers/processing_utils.py", line 1722, in from_pretrained
    args = cls._get_arguments_from_pretrained(pretrained_model_name_or_path, processor_dict, **kwargs)
           ^^^^^^^^^^^^^^^^^^^^^^^^^^^^^^^^^^^^^^^^^^^^^^^^^^^^^^^^^^^^^^^^^^^^^^^^^^^^^^^^^^^^^^^^^^^
  File "/root/.venv/lib/python3.12/site-packages/transformers/processing_utils.py", line 1862, in _get_arguments_from_pretrained
    sub_processor = auto_processor_class.from_pretrained(
                    ^^^^^^^^^^^^^^^^^^^^^^^^^^^^^^^^^^^^^
  File "/root/.venv/lib/python3.12/site-packages/transformers/models/auto/image_processing_auto.py", line 691, in from_pretrained
    raise ValueError(_format_unavailable_image_processor_error(pretrained_model_name_or_path, mapping))
ValueError: Could not load any image processor class for XYZAILab/XYZ-Aquila-mini. The model configuration resolves to the following image processor classes: pil: Qwen2VLImageProcessorPil, torchvision: Qwen2VLImageProcessor. None of these classes could be imported. Missing optional dependencies: torchvision, Pillow. Please install the missing dependencies or select a backend that is available in your environment.
  File "/root/_work/1/s/auto_quant/phases/quantize.py", line 479, in <module>
    quantize(args)
  File "/root/_work/1/s/auto_quant/phases/quantize.py", line 357, in quantize
    autoround = AutoRound(**ar_kwargs)
                ^^^^^^^^^^^^^^^^^^^^^^
  File "/root/.venv/lib/python3.12/site-packages/auto_round/autoround.py", line 261, in __new__
    return AutoRoundCompatible(
           ^^^^^^^^^^^^^^^^^^^^
  File "/root/.venv/lib/python3.12/site-packages/auto_round/compressors/entry.py", line 752, in __new__
    compressor = AutoRound(
                 ^^^^^^^^^^
  File "/root/.venv/lib/python3.12/site-packages/auto_round/compressors/entry.py", line 426, in __new__
    return _get_compressor_class(model_type, DataDrivenCompressor)(alg_configs, **local_args, **ctor_kwargs)
           ^^^^^^^^^^^^^^^^^^^^^^^^^^^^^^^^^^^^^^^^^^^^^^^^^^^^^^^^^^^^^^^^^^^^^^^^^^^^^^^^^^^^^^^^^^^^^^^^^
  File "/root/.venv/lib/python3.12/site-packages/auto_round/compressors/mllm_mixin.py", line 89, in __init__
    super().__init__(*args, **kwargs)
  File "/root/.venv/lib/python3.12/site-packages/auto_round/compressors/data_driven.py", line 96, in __init__
    super().__init__(
  File "/root/.venv/lib/python3.12/site-packages/auto_round/compressors/base.py", line 379, in __init__
    self.model_context = ModelContext(
                         ^^^^^^^^^^^^^
  File "/root/.venv/lib/python3.12/site-packages/auto_round/context/base.py", line 39, in __call__
    instance.__init__(*args, **kwargs)
  File "/root/.venv/lib/python3.12/site-packages/auto_round/context/base.py", line 27, in wrapped_init
    original_init(self, *args, **kwargs)
  File "/root/.venv/lib/python3.12/site-packages/auto_round/context/model.py", line 110, in __init__
    self._load_model()
  File "/root/.venv/lib/python3.12/site-packages/auto_round/context/model.py", line 151, in _load_model
    self.model, self.processor, self.tokenizer, self.image_processor = mllm_load_model(
                                                                       ^^^^^^^^^^^^^^^^
  File "/root/.venv/lib/python3.12/site-packages/auto_round/utils/model.py", line 758, in mllm_load_model
    processor = AutoProcessor.from_pretrained(
                ^^^^^^^^^^^^^^^^^^^^^^^^^^^^^^
  File "/root/.venv/lib/python3.12/site-packages/transformers/models/auto/processing_auto.py", line 328, in from_pretrained
    return processor_class.from_pretrained(
           ^^^^^^^^^^^^^^^^^^^^^^^^^^^^^^^^
  File "/root/.venv/lib/python3.12/site-packages/transformers/processing_utils.py", line 1722, in from_pretrained
    args = cls._get_arguments_from_pretrained(pretrained_model_name_or_path, processor_dict, **kwargs)
           ^^^^^^^^^^^^^^^^^^^^^^^^^^^^^^^^^^^^^^^^^^^^^^^^^^^^^^^^^^^^^^^^^^^^^^^^^^^^^^^^^^^^^^^^^^^
  File "/root/.venv/lib/python3.12/site-packages/transformers/processing_utils.py", line 1862, in _get_arguments_from_pretrained
    sub_processor = auto_processor_class.from_pretrained(
                    ^^^^^^^^^^^^^^^^^^^^^^^^^^^^^^^^^^^^^
  File "/root/.venv/lib/python3.12/site-packages/transformers/models/auto/image_processing_auto.py", line 691, in from_pretrained
    raise ValueError(_format_unavailable_image_processor_error(pretrained_model_name_or_path, mapping))
ValueError: Could not load any image processor class for XYZAILab/XYZ-Aquila-mini. The model configuration resolves to the following image processor classes: pil: Qwen2VLImageProcessorPil, torchvision: Qwen2VLImageProcessor. None of these classes could be imported. Missing optional dependencies: torchvision, Pillow. Please install the missing dependencies or select a backend that is available in your environment.
[auto_v3] quantize failed (exit=1), entering agent fix loop
[auto_v3] quantize failed (exit=1), entering agent fix loop

═══════ Agent fix attempt 1/10 for quantize ═══════


═══════ Agent fix attempt 1/10 for quantize ═══════

[auto_v3] L1 taxonomy class: multimodal_unsupported (progress=layer -1)
[auto_v3] L1 taxonomy class: multimodal_unsupported (progress=layer -1)
[auto_v3] Loaded lessons for agent (let agent decide relevance)
[auto_v3] Loaded lessons for agent (let agent decide relevance)
[auto_v3] Calling openclaw agent (session=fix_quantize_365_1785801569, timeout=600s)...
[auto_v3]   Session file: /root/.openclaw/agents/main/sessions/fix_quantize_365_1785801569.jsonl
[auto_v3] Calling openclaw agent (session=fix_quantize_365_1785801569, timeout=600s)...
[auto_v3]   Session file: /root/.openclaw/agents/main/sessions/fix_quantize_365_1785801569.jsonl
Config was last written by a newer OpenClaw (2026.6.8); current version is 2026.3.24.
Config was last written by a newer OpenClaw (2026.6.8); current version is 2026.3.24.
Config was last written by a newer OpenClaw (2026.6.8); current version is 2026.3.24.
Config was last written by a newer OpenClaw (2026.6.8); current version is 2026.3.24.
Config was last written by a newer OpenClaw (2026.6.8); current version is 2026.3.24.
Config was last written by a newer OpenClaw (2026.6.8); current version is 2026.3.24.
Config was last written by a newer OpenClaw (2026.6.8); current version is 2026.3.24.
Config was last written by a newer OpenClaw (2026.6.8); current version is 2026.3.24.
Config was last written by a newer OpenClaw (2026.6.8); current version is 2026.3.24.
Config was last written by a newer OpenClaw (2026.6.8); current version is 2026.3.24.
Config was last written by a newer OpenClaw (2026.6.8); current version is 2026.3.24.
Config was last written by a newer OpenClaw (2026.6.8); current version is 2026.3.24.
Config was last written by a newer OpenClaw (2026.6.8); current version is 2026.3.24.
Config was last written by a newer OpenClaw (2026.6.8); current version is 2026.3.24.
Config was last written by a newer OpenClaw (2026.6.8); current version is 2026.3.24.
Config was last written by a newer OpenClaw (2026.6.8); current version is 2026.3.24.
Config was last written by a newer OpenClaw (2026.6.8); current version is 2026.3.24.
Config was last written by a newer OpenClaw (2026.6.8); current version is 2026.3.24.
Config was last written by a newer OpenClaw (2026.6.8); current version is 2026.3.24.
Config was last written by a newer OpenClaw (2026.6.8); current version is 2026.3.24.
Config was last written by a newer OpenClaw (2026.6.8); current version is 2026.3.24.
Config was last written by a newer OpenClaw (2026.6.8); current version is 2026.3.24.
Config was last written by a newer OpenClaw (2026.6.8); current version is 2026.3.24.
Config was last written by a newer OpenClaw (2026.6.8); current version is 2026.3.24.
Config was last written by a newer OpenClaw (2026.6.8); current version is 2026.3.24.
Config was last written by a newer OpenClaw (2026.6.8); current version is 2026.3.24.
Config was last written by a newer OpenClaw (2026.6.8); current version is 2026.3.24.
Config was last written by a newer OpenClaw (2026.6.8); current version is 2026.3.24.
Config was last written by a newer OpenClaw (2026.6.8); current version is 2026.3.24.
Config was last written by a newer OpenClaw (2026.6.8); current version is 2026.3.24.
Config was last written by a newer OpenClaw (2026.6.8); current version is 2026.3.24.
Config was last written by a newer OpenClaw (2026.6.8); current version is 2026.3.24.
Config was last written by a newer OpenClaw (2026.6.8); current version is 2026.3.24.
Config was last written by a newer OpenClaw (2026.6.8); current version is 2026.3.24.
Config was last written by a newer OpenClaw (2026.6.8); current version is 2026.3.24.
Config was last written by a newer OpenClaw (2026.6.8); current version is 2026.3.24.
Config was last written by a newer OpenClaw (2026.6.8); current version is 2026.3.24.
Config was last written by a newer OpenClaw (2026.6.8); current version is 2026.3.24.
Config was last written by a newer OpenClaw (2026.6.8); current version is 2026.3.24.
Config was last written by a newer OpenClaw (2026.6.8); current version is 2026.3.24.
Config was last written by a newer OpenClaw (2026.6.8); current version is 2026.3.24.
Config was last written by a newer OpenClaw (2026.6.8); current version is 2026.3.24.
Config was last written by a newer OpenClaw (2026.6.8); current version is 2026.3.24.
Config was last written by a newer OpenClaw (2026.6.8); current version is 2026.3.24.
Config was last written by a newer OpenClaw (2026.6.8); current version is 2026.3.24.
Config was last written by a newer OpenClaw (2026.6.8); current version is 2026.3.24.
Config was last written by a newer OpenClaw (2026.6.8); current version is 2026.3.24.
Config was last written by a newer OpenClaw (2026.6.8); current version is 2026.3.24.
Config was last written by a newer OpenClaw (2026.6.8); current version is 2026.3.24.
Config was last written by a newer OpenClaw (2026.6.8); current version is 2026.3.24.
Config was last written by a newer OpenClaw (2026.6.8); current version is 2026.3.24.
Config was last written by a newer OpenClaw (2026.6.8); current version is 2026.3.24.
Config was last written by a newer OpenClaw (2026.6.8); current version is 2026.3.24.
Config was last written by a newer OpenClaw (2026.6.8); current version is 2026.3.24.
Config was last written by a newer OpenClaw (2026.6.8); current version is 2026.3.24.
Config was last written by a newer OpenClaw (2026.6.8); current version is 2026.3.24.
Config was last written by a newer OpenClaw (2026.6.8); current version is 2026.3.24.
Config was last written by a newer OpenClaw (2026.6.8); current version is 2026.3.24.
Config was last written by a newer OpenClaw (2026.6.8); current version is 2026.3.24.
Config was last written by a newer OpenClaw (2026.6.8); current version is 2026.3.24.
Config was last written by a newer OpenClaw (2026.6.8); current version is 2026.3.24.
Config was last written by a newer OpenClaw (2026.6.8); current version is 2026.3.24.
Config was last written by a newer OpenClaw (2026.6.8); current version is 2026.3.24.
Config was last written by a newer OpenClaw (2026.6.8); current version is 2026.3.24.
Config was last written by a newer OpenClaw (2026.6.8); current version is 2026.3.24.
Config was last written by a newer OpenClaw (2026.6.8); current version is 2026.3.24.
Config was last written by a newer OpenClaw (2026.6.8); current version is 2026.3.24.
Config was last written by a newer OpenClaw (2026.6.8); current version is 2026.3.24.
Config was last written by a newer OpenClaw (2026.6.8); current version is 2026.3.24.
Config was last written by a newer OpenClaw (2026.6.8); current version is 2026.3.24.
Config was last written by a newer OpenClaw (2026.6.8); current version is 2026.3.24.
Config was last written by a newer OpenClaw (2026.6.8); current version is 2026.3.24.
Config was last written by a newer OpenClaw (2026.6.8); current version is 2026.3.24.
Config was last written by a newer OpenClaw (2026.6.8); current version is 2026.3.24.
Config was last written by a newer OpenClaw (2026.6.8); current version is 2026.3.24.
Config was last written by a newer OpenClaw (2026.6.8); current version is 2026.3.24.
Config was last written by a newer OpenClaw (2026.6.8); current version is 2026.3.24.
Config was last written by a newer OpenClaw (2026.6.8); current version is 2026.3.24.
Config was last written by a newer OpenClaw (2026.6.8); current version is 2026.3.24.
Config was last written by a newer OpenClaw (2026.6.8); current version is 2026.3.24.
Config was last written by a newer OpenClaw (2026.6.8); current version is 2026.3.24.
Config was last written by a newer OpenClaw (2026.6.8); current version is 2026.3.24.
Config was last written by a newer OpenClaw (2026.6.8); current version is 2026.3.24.
Config was last written by a newer OpenClaw (2026.6.8); current version is 2026.3.24.
Config was last written by a newer OpenClaw (2026.6.8); current version is 2026.3.24.
Config was last written by a newer OpenClaw (2026.6.8); current version is 2026.3.24.
Config was last written by a newer OpenClaw (2026.6.8); current version is 2026.3.24.
Config was last written by a newer OpenClaw (2026.6.8); current version is 2026.3.24.
Config was last written by a newer OpenClaw (2026.6.8); current version is 2026.3.24.
Config was last written by a newer OpenClaw (2026.6.8); current version is 2026.3.24.
Config was last written by a newer OpenClaw (2026.6.8); current version is 2026.3.24.
Config was last written by a newer OpenClaw (2026.6.8); current version is 2026.3.24.
Config was last written by a newer OpenClaw (2026.6.8); current version is 2026.3.24.
Config was last written by a newer OpenClaw (2026.6.8); current version is 2026.3.24.
Config was last written by a newer OpenClaw (2026.6.8); current version is 2026.3.24.
Config was last written by a newer OpenClaw (2026.6.8); current version is 2026.3.24.
Config was last written by a newer OpenClaw (2026.6.8); current version is 2026.3.24.
Config was last written by a newer OpenClaw (2026.6.8); current version is 2026.3.24.
Config was last written by a newer OpenClaw (2026.6.8); current version is 2026.3.24.
Config was last written by a newer OpenClaw (2026.6.8); current version is 2026.3.24.
Config was last written by a newer OpenClaw (2026.6.8); current version is 2026.3.24.
Config was last written by a newer OpenClaw (2026.6.8); current version is 2026.3.24.
Config was last written by a newer OpenClaw (2026.6.8); current version is 2026.3.24.
Config was last written by a newer OpenClaw (2026.6.8); current version is 2026.3.24.
Config was last written by a newer OpenClaw (2026.6.8); current version is 2026.3.24.
Config was last written by a newer OpenClaw (2026.6.8); current version is 2026.3.24.
Config was last written by a newer OpenClaw (2026.6.8); current version is 2026.3.24.
Config was last written by a newer OpenClaw (2026.6.8); current version is 2026.3.24.
Config was last written by a newer OpenClaw (2026.6.8); current version is 2026.3.24.
Config was last written by a newer OpenClaw (2026.6.8); current version is 2026.3.24.
Config was last written by a newer OpenClaw (2026.6.8); current version is 2026.3.24.
Config was last written by a newer OpenClaw (2026.6.8); current version is 2026.3.24.
Config was last written by a newer OpenClaw (2026.6.8); current version is 2026.3.24.
Config was last written by a newer OpenClaw (2026.6.8); current version is 2026.3.24.
Config was last written by a newer OpenClaw (2026.6.8); current version is 2026.3.24.
Config was last written by a newer OpenClaw (2026.6.8); current version is 2026.3.24.
Config was last written by a newer OpenClaw (2026.6.8); current version is 2026.3.24.
Config was last written by a newer OpenClaw (2026.6.8); current version is 2026.3.24.
Config was last written by a newer OpenClaw (2026.6.8); current version is 2026.3.24.
Config was last written by a newer OpenClaw (2026.6.8); current version is 2026.3.24.
Config was last written by a newer OpenClaw (2026.6.8); current version is 2026.3.24.
Config was last written by a newer OpenClaw (2026.6.8); current version is 2026.3.24.
Config was last written by a newer OpenClaw (2026.6.8); current version is 2026.3.24.
Config was last written by a newer OpenClaw (2026.6.8); current version is 2026.3.24.
Config was last written by a newer OpenClaw (2026.6.8); current version is 2026.3.24.
Config was last written by a newer OpenClaw (2026.6.8); current version is 2026.3.24.
Config was last written by a newer OpenClaw (2026.6.8); current version is 2026.3.24.
Config was last written by a newer OpenClaw (2026.6.8); current version is 2026.3.24.
Config was last written by a newer OpenClaw (2026.6.8); current version is 2026.3.24.
Config was last written by a newer OpenClaw (2026.6.8); current version is 2026.3.24.
Config was last written by a newer OpenClaw (2026.6.8); current version is 2026.3.24.
Config was last written by a newer OpenClaw (2026.6.8); current version is 2026.3.24.
Config was last written by a newer OpenClaw (2026.6.8); current version is 2026.3.24.
Config was last written by a newer OpenClaw (2026.6.8); current version is 2026.3.24.
Config was last written by a newer OpenClaw (2026.6.8); current version is 2026.3.24.
Config was last written by a newer OpenClaw (2026.6.8); current version is 2026.3.24.
Config was last written by a newer OpenClaw (2026.6.8); current version is 2026.3.24.
Config was last written by a newer OpenClaw (2026.6.8); current version is 2026.3.24.
Config was last written by a newer OpenClaw (2026.6.8); current version is 2026.3.24.
Config was last written by a newer OpenClaw (2026.6.8); current version is 2026.3.24.
Config was last written by a newer OpenClaw (2026.6.8); current version is 2026.3.24.
Config was last written by a newer OpenClaw (2026.6.8); current version is 2026.3.24.
Config was last written by a newer OpenClaw (2026.6.8); current version is 2026.3.24.
Config was last written by a newer OpenClaw (2026.6.8); current version is 2026.3.24.
Config was last written by a newer OpenClaw (2026.6.8); current version is 2026.3.24.
Config was last written by a newer OpenClaw (2026.6.8); current version is 2026.3.24.
Config was last written by a newer OpenClaw (2026.6.8); current version is 2026.3.24.
Config was last written by a newer OpenClaw (2026.6.8); current version is 2026.3.24.
Config was last written by a newer OpenClaw (2026.6.8); current version is 2026.3.24.
Config was last written by a newer OpenClaw (2026.6.8); current version is 2026.3.24.
Config was last written by a newer OpenClaw (2026.6.8); current version is 2026.3.24.
Config was last written by a newer OpenClaw (2026.6.8); current version is 2026.3.24.
Config was last written by a newer OpenClaw (2026.6.8); current version is 2026.3.24.
Config was last written by a newer OpenClaw (2026.6.8); current version is 2026.3.24.
Config was last written by a newer OpenClaw (2026.6.8); current version is 2026.3.24.
Config was last written by a newer OpenClaw (2026.6.8); current version is 2026.3.24.
Config was last written by a newer OpenClaw (2026.6.8); current version is 2026.3.24.
Config was last written by a newer OpenClaw (2026.6.8); current version is 2026.3.24.
Config was last written by a newer OpenClaw (2026.6.8); current version is 2026.3.24.
Config was last written by a newer OpenClaw (2026.6.8); current version is 2026.3.24.
Config was last written by a newer OpenClaw (2026.6.8); current version is 2026.3.24.
Config was last written by a newer OpenClaw (2026.6.8); current version is 2026.3.24.
Config was last written by a newer OpenClaw (2026.6.8); current version is 2026.3.24.
Config was last written by a newer OpenClaw (2026.6.8); current version is 2026.3.24.
Config was last written by a newer OpenClaw (2026.6.8); current version is 2026.3.24.
Config was last written by a newer OpenClaw (2026.6.8); current version is 2026.3.24.
Config was last written by a newer OpenClaw (2026.6.8); current version is 2026.3.24.
Config was last written by a newer OpenClaw (2026.6.8); current version is 2026.3.24.
Config was last written by a newer OpenClaw (2026.6.8); current version is 2026.3.24.
Config was last written by a newer OpenClaw (2026.6.8); current version is 2026.3.24.
Config was last written by a newer OpenClaw (2026.6.8); current version is 2026.3.24.
Config was last written by a newer OpenClaw (2026.6.8); current version is 2026.3.24.
Config was last written by a newer OpenClaw (2026.6.8); current version is 2026.3.24.
Config was last written by a newer OpenClaw (2026.6.8); current version is 2026.3.24.
Config was last written by a newer OpenClaw (2026.6.8); current version is 2026.3.24.
Config was last written by a newer OpenClaw (2026.6.8); current version is 2026.3.24.
Config was last written by a newer OpenClaw (2026.6.8); current version is 2026.3.24.
Config was last written by a newer OpenClaw (2026.6.8); current version is 2026.3.24.
Config was last written by a newer OpenClaw (2026.6.8); current version is 2026.3.24.
Config was last written by a newer OpenClaw (2026.6.8); current version is 2026.3.24.
Config was last written by a newer OpenClaw (2026.6.8); current version is 2026.3.24.
Config was last written by a newer OpenClaw (2026.6.8); current version is 2026.3.24.
Config was last written by a newer OpenClaw (2026.6.8); current version is 2026.3.24.
Config was last written by a newer OpenClaw (2026.6.8); current version is 2026.3.24.
Config was last written by a newer OpenClaw (2026.6.8); current version is 2026.3.24.
Config was last written by a newer OpenClaw (2026.6.8); current version is 2026.3.24.
Config was last written by a newer OpenClaw (2026.6.8); current version is 2026.3.24.
Config was last written by a newer OpenClaw (2026.6.8); current version is 2026.3.24.
Config was last written by a newer OpenClaw (2026.6.8); current version is 2026.3.24.
Config was last written by a newer OpenClaw (2026.6.8); current version is 2026.3.24.
Config was last written by a newer OpenClaw (2026.6.8); current version is 2026.3.24.
Config was last written by a newer OpenClaw (2026.6.8); current version is 2026.3.24.
Config was last written by a newer OpenClaw (2026.6.8); current version is 2026.3.24.
Config was last written by a newer OpenClaw (2026.6.8); current version is 2026.3.24.
Config was last written by a newer OpenClaw (2026.6.8); current version is 2026.3.24.
Config was last written by a newer OpenClaw (2026.6.8); current version is 2026.3.24.
Config was last written by a newer OpenClaw (2026.6.8); current version is 2026.3.24.
Config was last written by a newer OpenClaw (2026.6.8); current version is 2026.3.24.
Config was last written by a newer OpenClaw (2026.6.8); current version is 2026.3.24.
Config was last written by a newer OpenClaw (2026.6.8); current version is 2026.3.24.
Config was last written by a newer OpenClaw (2026.6.8); current version is 2026.3.24.
Config was last written by a newer OpenClaw (2026.6.8); current version is 2026.3.24.
Config was last written by a newer OpenClaw (2026.6.8); current version is 2026.3.24.
Config was last written by a newer OpenClaw (2026.6.8); current version is 2026.3.24.
Config was last written by a newer OpenClaw (2026.6.8); current version is 2026.3.24.
Config was last written by a newer OpenClaw (2026.6.8); current version is 2026.3.24.
Config was last written by a newer OpenClaw (2026.6.8); current version is 2026.3.24.
Config was last written by a newer OpenClaw (2026.6.8); current version is 2026.3.24.
Config was last written by a newer OpenClaw (2026.6.8); current version is 2026.3.24.
Config was last written by a newer OpenClaw (2026.6.8); current version is 2026.3.24.
Config was last written by a newer OpenClaw (2026.6.8); current version is 2026.3.24.
Config was last written by a newer OpenClaw (2026.6.8); current version is 2026.3.24.
Config was last written by a newer OpenClaw (2026.6.8); current version is 2026.3.24.
Config was last written by a newer OpenClaw (2026.6.8); current version is 2026.3.24.
Config was last written by a newer OpenClaw (2026.6.8); current version is 2026.3.24.
Config was last written by a newer OpenClaw (2026.6.8); current version is 2026.3.24.
Config was last written by a newer OpenClaw (2026.6.8); current version is 2026.3.24.
Config was last written by a newer OpenClaw (2026.6.8); current version is 2026.3.24.
Config was last written by a newer OpenClaw (2026.6.8); current version is 2026.3.24.
Config was last written by a newer OpenClaw (2026.6.8); current version is 2026.3.24.
Config was last written by a newer OpenClaw (2026.6.8); current version is 2026.3.24.
Config was last written by a newer OpenClaw (2026.6.8); current version is 2026.3.24.
Config was last written by a newer OpenClaw (2026.6.8); current version is 2026.3.24.
Config was last written by a newer OpenClaw (2026.6.8); current version is 2026.3.24.
Config was last written by a newer OpenClaw (2026.6.8); current version is 2026.3.24.
Config was last written by a newer OpenClaw (2026.6.8); current version is 2026.3.24.
Config was last written by a newer OpenClaw (2026.6.8); current version is 2026.3.24.
Config was last written by a newer OpenClaw (2026.6.8); current version is 2026.3.24.
Config was last written by a newer OpenClaw (2026.6.8); current version is 2026.3.24.
Config was last written by a newer OpenClaw (2026.6.8); current version is 2026.3.24.
Config was last written by a newer OpenClaw (2026.6.8); current version is 2026.3.24.
Config was last written by a newer OpenClaw (2026.6.8); current version is 2026.3.24.
Config was last written by a newer OpenClaw (2026.6.8); current version is 2026.3.24.
Config was last written by a newer OpenClaw (2026.6.8); current version is 2026.3.24.
Config was last written by a newer OpenClaw (2026.6.8); current version is 2026.3.24.
Config was last written by a newer OpenClaw (2026.6.8); current version is 2026.3.24.
Config was last written by a newer OpenClaw (2026.6.8); current version is 2026.3.24.
Config was last written by a newer OpenClaw (2026.6.8); current version is 2026.3.24.
Config was last written by a newer OpenClaw (2026.6.8); current version is 2026.3.24.
Config was last written by a newer OpenClaw (2026.6.8); current version is 2026.3.24.
Config was last written by a newer OpenClaw (2026.6.8); current version is 2026.3.24.
Config was last written by a newer OpenClaw (2026.6.8); current version is 2026.3.24.
Config was last written by a newer OpenClaw (2026.6.8); current version is 2026.3.24.
Config was last written by a newer OpenClaw (2026.6.8); current version is 2026.3.24.
Config was last written by a newer OpenClaw (2026.6.8); current version is 2026.3.24.
Config was last written by a newer OpenClaw (2026.6.8); current version is 2026.3.24.
Config was last written by a newer OpenClaw (2026.6.8); current version is 2026.3.24.
Config was last written by a newer OpenClaw (2026.6.8); current version is 2026.3.24.
Config was last written by a newer OpenClaw (2026.6.8); current version is 2026.3.24.
Config was last written by a newer OpenClaw (2026.6.8); current version is 2026.3.24.
Config was last written by a newer OpenClaw (2026.6.8); current version is 2026.3.24.
Config was last written by a newer OpenClaw (2026.6.8); current version is 2026.3.24.
Config was last written by a newer OpenClaw (2026.6.8); current version is 2026.3.24.
Config was last written by a newer OpenClaw (2026.6.8); current version is 2026.3.24.
Config was last written by a newer OpenClaw (2026.6.8); current version is 2026.3.24.
Config was last written by a newer OpenClaw (2026.6.8); current version is 2026.3.24.
Config was last written by a newer OpenClaw (2026.6.8); current version is 2026.3.24.
Config was last written by a newer OpenClaw (2026.6.8); current version is 2026.3.24.
Config was last written by a newer OpenClaw (2026.6.8); current version is 2026.3.24.
Config was last written by a newer OpenClaw (2026.6.8); current version is 2026.3.24.
Config was last written by a newer OpenClaw (2026.6.8); current version is 2026.3.24.
Config was last written by a newer OpenClaw (2026.6.8); current version is 2026.3.24.
Config was last written by a newer OpenClaw (2026.6.8); current version is 2026.3.24.
Config was last written by a newer OpenClaw (2026.6.8); current version is 2026.3.24.
Config was last written by a newer OpenClaw (2026.6.8); current version is 2026.3.24.
Config was last written by a newer OpenClaw (2026.6.8); current version is 2026.3.24.
Config was last written by a newer OpenClaw (2026.6.8); current version is 2026.3.24.
Config was last written by a newer OpenClaw (2026.6.8); current version is 2026.3.24.
Config was last written by a newer OpenClaw (2026.6.8); current version is 2026.3.24.
Config was last written by a newer OpenClaw (2026.6.8); current version is 2026.3.24.
Config was last written by a newer OpenClaw (2026.6.8); current version is 2026.3.24.
Config was last written by a newer OpenClaw (2026.6.8); current version is 2026.3.24.
Config was last written by a newer OpenClaw (2026.6.8); current version is 2026.3.24.
Config was last written by a newer OpenClaw (2026.6.8); current version is 2026.3.24.
Config was last written by a newer OpenClaw (2026.6.8); current version is 2026.3.24.
Config was last written by a newer OpenClaw (2026.6.8); current version is 2026.3.24.
Config was last written by a newer OpenClaw (2026.6.8); current version is 2026.3.24.
Config was last written by a newer OpenClaw (2026.6.8); current version is 2026.3.24.
Config was last written by a newer OpenClaw (2026.6.8); current version is 2026.3.24.
Config was last written by a newer OpenClaw (2026.6.8); current version is 2026.3.24.
Config was last written by a newer OpenClaw (2026.6.8); current version is 2026.3.24.
Config was last written by a newer OpenClaw (2026.6.8); current version is 2026.3.24.
Config was last written by a newer OpenClaw (2026.6.8); current version is 2026.3.24.
Config was last written by a newer OpenClaw (2026.6.8); current version is 2026.3.24.
Config was last written by a newer OpenClaw (2026.6.8); current version is 2026.3.24.
Config was last written by a newer OpenClaw (2026.6.8); current version is 2026.3.24.
Config was last written by a newer OpenClaw (2026.6.8); current version is 2026.3.24.
Config was last written by a newer OpenClaw (2026.6.8); current version is 2026.3.24.
Config was last written by a newer OpenClaw (2026.6.8); current version is 2026.3.24.
Config was last written by a newer OpenClaw (2026.6.8); current version is 2026.3.24.
Config was last written by a newer OpenClaw (2026.6.8); current version is 2026.3.24.
Config was last written by a newer OpenClaw (2026.6.8); current version is 2026.3.24.
Config was last written by a newer OpenClaw (2026.6.8); current version is 2026.3.24.
Config was last written by a newer OpenClaw (2026.6.8); current version is 2026.3.24.
Config was last written by a newer OpenClaw (2026.6.8); current version is 2026.3.24.
Config was last written by a newer OpenClaw (2026.6.8); current version is 2026.3.24.
Config was last written by a newer OpenClaw (2026.6.8); current version is 2026.3.24.
Config was last written by a newer OpenClaw (2026.6.8); current version is 2026.3.24.
Config was last written by a newer OpenClaw (2026.6.8); current version is 2026.3.24.
Config was last written by a newer OpenClaw (2026.6.8); current version is 2026.3.24.
Config was last written by a newer OpenClaw (2026.6.8); current version is 2026.3.24.
Config was last written by a newer OpenClaw (2026.6.8); current version is 2026.3.24.
Config was last written by a newer OpenClaw (2026.6.8); current version is 2026.3.24.
Config was last written by a newer OpenClaw (2026.6.8); current version is 2026.3.24.
Config was last written by a newer OpenClaw (2026.6.8); current version is 2026.3.24.
Config was last written by a newer OpenClaw (2026.6.8); current version is 2026.3.24.
Config was last written by a newer OpenClaw (2026.6.8); current version is 2026.3.24.
Config was last written by a newer OpenClaw (2026.6.8); current version is 2026.3.24.
Config was last written by a newer OpenClaw (2026.6.8); current version is 2026.3.24.
Config was last written by a newer OpenClaw (2026.6.8); current version is 2026.3.24.
Config was last written by a newer OpenClaw (2026.6.8); current version is 2026.3.24.
Config was last written by a newer OpenClaw (2026.6.8); current version is 2026.3.24.
Config was last written by a newer OpenClaw (2026.6.8); current version is 2026.3.24.
Config was last written by a newer OpenClaw (2026.6.8); current version is 2026.3.24.
Config was last written by a newer OpenClaw (2026.6.8); current version is 2026.3.24.
Config was last written by a newer OpenClaw (2026.6.8); current version is 2026.3.24.
Config was last written by a newer OpenClaw (2026.6.8); current version is 2026.3.24.
Config was last written by a newer OpenClaw (2026.6.8); current version is 2026.3.24.
Config was last written by a newer OpenClaw (2026.6.8); current version is 2026.3.24.
Config was last written by a newer OpenClaw (2026.6.8); current version is 2026.3.24.
Config was last written by a newer OpenClaw (2026.6.8); current version is 2026.3.24.
Config was last written by a newer OpenClaw (2026.6.8); current version is 2026.3.24.
Config was last written by a newer OpenClaw (2026.6.8); current version is 2026.3.24.
Config was last written by a newer OpenClaw (2026.6.8); current version is 2026.3.24.
Config was last written by a newer OpenClaw (2026.6.8); current version is 2026.3.24.
Config was last written by a newer OpenClaw (2026.6.8); current version is 2026.3.24.
Config was last written by a newer OpenClaw (2026.6.8); current version is 2026.3.24.
Config was last written by a newer OpenClaw (2026.6.8); current version is 2026.3.24.
Config was last written by a newer OpenClaw (2026.6.8); current version is 2026.3.24.
Config was last written by a newer OpenClaw (2026.6.8); current version is 2026.3.24.
Config was last written by a newer OpenClaw (2026.6.8); current version is 2026.3.24.
Config was last written by a newer OpenClaw (2026.6.8); current version is 2026.3.24.
Config was last written by a newer OpenClaw (2026.6.8); current version is 2026.3.24.
Config was last written by a newer OpenClaw (2026.6.8); current version is 2026.3.24.
Config was last written by a newer OpenClaw (2026.6.8); current version is 2026.3.24.
Config was last written by a newer OpenClaw (2026.6.8); current version is 2026.3.24.
Config was last written by a newer OpenClaw (2026.6.8); current version is 2026.3.24.
Config was last written by a newer OpenClaw (2026.6.8); current version is 2026.3.24.
Config was last written by a newer OpenClaw (2026.6.8); current version is 2026.3.24.
Config was last written by a newer OpenClaw (2026.6.8); current version is 2026.3.24.
Config was last written by a newer OpenClaw (2026.6.8); current version is 2026.3.24.
Config was last written by a newer OpenClaw (2026.6.8); current version is 2026.3.24.
Config was last written by a newer OpenClaw (2026.6.8); current version is 2026.3.24.
Config was last written by a newer OpenClaw (2026.6.8); current version is 2026.3.24.
Config was last written by a newer OpenClaw (2026.6.8); current version is 2026.3.24.
Config was last written by a newer OpenClaw (2026.6.8); current version is 2026.3.24.
Config was last written by a newer OpenClaw (2026.6.8); current version is 2026.3.24.
Config was last written by a newer OpenClaw (2026.6.8); current version is 2026.3.24.
Config was last written by a newer OpenClaw (2026.6.8); current version is 2026.3.24.
Config was last written by a newer OpenClaw (2026.6.8); current version is 2026.3.24.
Config was last written by a newer OpenClaw (2026.6.8); current version is 2026.3.24.
Config was last written by a newer OpenClaw (2026.6.8); current version is 2026.3.24.
Config was last written by a newer OpenClaw (2026.6.8); current version is 2026.3.24.
Config was last written by a newer OpenClaw (2026.6.8); current version is 2026.3.24.
Config was last written by a newer OpenClaw (2026.6.8); current version is 2026.3.24.
Config was last written by a newer OpenClaw (2026.6.8); current version is 2026.3.24.
Config was last written by a newer OpenClaw (2026.6.8); current version is 2026.3.24.
Config was last written by a newer OpenClaw (2026.6.8); current version is 2026.3.24.
Config was last written by a newer OpenClaw (2026.6.8); current version is 2026.3.24.
Config was last written by a newer OpenClaw (2026.6.8); current version is 2026.3.24.
Config was last written by a newer OpenClaw (2026.6.8); current version is 2026.3.24.
Config was last written by a newer OpenClaw (2026.6.8); current version is 2026.3.24.
Config was last written by a newer OpenClaw (2026.6.8); current version is 2026.3.24.
Config was last written by a newer OpenClaw (2026.6.8); current version is 2026.3.24.
Config was last written by a newer OpenClaw (2026.6.8); current version is 2026.3.24.
Config was last written by a newer OpenClaw (2026.6.8); current version is 2026.3.24.
Config was last written by a newer OpenClaw (2026.6.8); current version is 2026.3.24.
Config was last written by a newer OpenClaw (2026.6.8); current version is 2026.3.24.
Config was last written by a newer OpenClaw (2026.6.8); current version is 2026.3.24.
Config was last written by a newer OpenClaw (2026.6.8); current version is 2026.3.24.
Config was last written by a newer OpenClaw (2026.6.8); current version is 2026.3.24.
Config was last written by a newer OpenClaw (2026.6.8); current version is 2026.3.24.
Config was last written by a newer OpenClaw (2026.6.8); current version is 2026.3.24.
Config was last written by a newer OpenClaw (2026.6.8); current version is 2026.3.24.
Config was last written by a newer OpenClaw (2026.6.8); current version is 2026.3.24.
Config was last written by a newer OpenClaw (2026.6.8); current version is 2026.3.24.
Config was last written by a newer OpenClaw (2026.6.8); current version is 2026.3.24.
Config was last written by a newer OpenClaw (2026.6.8); current version is 2026.3.24.
Config was last written by a newer OpenClaw (2026.6.8); current version is 2026.3.24.
Config was last written by a newer OpenClaw (2026.6.8); current version is 2026.3.24.
Config was last written by a newer OpenClaw (2026.6.8); current version is 2026.3.24.
Config was last written by a newer OpenClaw (2026.6.8); current version is 2026.3.24.
Config was last written by a newer OpenClaw (2026.6.8); current version is 2026.3.24.
Config was last written by a newer OpenClaw (2026.6.8); current version is 2026.3.24.
Config was last written by a newer OpenClaw (2026.6.8); current version is 2026.3.24.
Config was last written by a newer OpenClaw (2026.6.8); current version is 2026.3.24.
Config was last written by a newer OpenClaw (2026.6.8); current version is 2026.3.24.
Config was last written by a newer OpenClaw (2026.6.8); current version is 2026.3.24.
Config was last written by a newer OpenClaw (2026.6.8); current version is 2026.3.24.
Config was last written by a newer OpenClaw (2026.6.8); current version is 2026.3.24.
Config was last written by a newer OpenClaw (2026.6.8); current version is 2026.3.24.
Config was last written by a newer OpenClaw (2026.6.8); current version is 2026.3.24.
Config was last written by a newer OpenClaw (2026.6.8); current version is 2026.3.24.
Config was last written by a newer OpenClaw (2026.6.8); current version is 2026.3.24.
Config was last written by a newer OpenClaw (2026.6.8); current version is 2026.3.24.
Config was last written by a newer OpenClaw (2026.6.8); current version is 2026.3.24.
Config was last written by a newer OpenClaw (2026.6.8); current version is 2026.3.24.
Config was last written by a newer OpenClaw (2026.6.8); current version is 2026.3.24.
Config was last written by a newer OpenClaw (2026.6.8); current version is 2026.3.24.
Config was last written by a newer OpenClaw (2026.6.8); current version is 2026.3.24.
Config was last written by a newer OpenClaw (2026.6.8); current version is 2026.3.24.
Config was last written by a newer OpenClaw (2026.6.8); current version is 2026.3.24.
Config was last written by a newer OpenClaw (2026.6.8); current version is 2026.3.24.
Config was last written by a newer OpenClaw (2026.6.8); current version is 2026.3.24.
Config was last written by a newer OpenClaw (2026.6.8); current version is 2026.3.24.
Config was last written by a newer OpenClaw (2026.6.8); current version is 2026.3.24.
Config was last written by a newer OpenClaw (2026.6.8); current version is 2026.3.24.
Config was last written by a newer OpenClaw (2026.6.8); current version is 2026.3.24.
Config was last written by a newer OpenClaw (2026.6.8); current version is 2026.3.24.
Config was last written by a newer OpenClaw (2026.6.8); current version is 2026.3.24.
Config was last written by a newer OpenClaw (2026.6.8); current version is 2026.3.24.
Config was last written by a newer OpenClaw (2026.6.8); current version is 2026.3.24.
Config was last written by a newer OpenClaw (2026.6.8); current version is 2026.3.24.
Config was last written by a newer OpenClaw (2026.6.8); current version is 2026.3.24.
Config was last written by a newer OpenClaw (2026.6.8); current version is 2026.3.24.
Config was last written by a newer OpenClaw (2026.6.8); current version is 2026.3.24.
Config was last written by a newer OpenClaw (2026.6.8); current version is 2026.3.24.
Config was last written by a newer OpenClaw (2026.6.8); current version is 2026.3.24.
Config was last written by a newer OpenClaw (2026.6.8); current version is 2026.3.24.
Config was last written by a newer OpenClaw (2026.6.8); current version is 2026.3.24.
Config was last written by a newer OpenClaw (2026.6.8); current version is 2026.3.24.
Config was last written by a newer OpenClaw (2026.6.8); current version is 2026.3.24.
Config was last written by a newer OpenClaw (2026.6.8); current version is 2026.3.24.
Config was last written by a newer OpenClaw (2026.6.8); current version is 2026.3.24.
Config was last written by a newer OpenClaw (2026.6.8); current version is 2026.3.24.
Config was last written by a newer OpenClaw (2026.6.8); current version is 2026.3.24.
Config was last written by a newer OpenClaw (2026.6.8); current version is 2026.3.24.
Config was last written by a newer OpenClaw (2026.6.8); current version is 2026.3.24.
Config was last written by a newer OpenClaw (2026.6.8); current version is 2026.3.24.
Config was last written by a newer OpenClaw (2026.6.8); current version is 2026.3.24.
Config was last written by a newer OpenClaw (2026.6.8); current version is 2026.3.24.
Config was last written by a newer OpenClaw (2026.6.8); current version is 2026.3.24.
Config was last written by a newer OpenClaw (2026.6.8); current version is 2026.3.24.
Config was last written by a newer OpenClaw (2026.6.8); current version is 2026.3.24.
Config was last written by a newer OpenClaw (2026.6.8); current version is 2026.3.24.
Config was last written by a newer OpenClaw (2026.6.8); current version is 2026.3.24.
Config was last written by a newer OpenClaw (2026.6.8); current version is 2026.3.24.
Config was last written by a newer OpenClaw (2026.6.8); current version is 2026.3.24.
Config was last written by a newer OpenClaw (2026.6.8); current version is 2026.3.24.
Config was last written by a newer OpenClaw (2026.6.8); current version is 2026.3.24.
Config was last written by a newer OpenClaw (2026.6.8); current version is 2026.3.24.
Config was last written by a newer OpenClaw (2026.6.8); current version is 2026.3.24.
Config was last written by a newer OpenClaw (2026.6.8); current version is 2026.3.24.
Config was last written by a newer OpenClaw (2026.6.8); current version is 2026.3.24.
Config was last written by a newer OpenClaw (2026.6.8); current version is 2026.3.24.
Config was last written by a newer OpenClaw (2026.6.8); current version is 2026.3.24.
Config was last written by a newer OpenClaw (2026.6.8); current version is 2026.3.24.
Config was last written by a newer OpenClaw (2026.6.8); current version is 2026.3.24.
Config was last written by a newer OpenClaw (2026.6.8); current version is 2026.3.24.
Config was last written by a newer OpenClaw (2026.6.8); current version is 2026.3.24.
Config was last written by a newer OpenClaw (2026.6.8); current version is 2026.3.24.
Config was last written by a newer OpenClaw (2026.6.8); current version is 2026.3.24.
Config was last written by a newer OpenClaw (2026.6.8); current version is 2026.3.24.
Config was last written by a newer OpenClaw (2026.6.8); current version is 2026.3.24.
Config was last written by a newer OpenClaw (2026.6.8); current version is 2026.3.24.
Config was last written by a newer OpenClaw (2026.6.8); current version is 2026.3.24.
Config was last written by a newer OpenClaw (2026.6.8); current version is 2026.3.24.
Config was last written by a newer OpenClaw (2026.6.8); current version is 2026.3.24.
Config was last written by a newer OpenClaw (2026.6.8); current version is 2026.3.24.
Config was last written by a newer OpenClaw (2026.6.8); current version is 2026.3.24.
Config was last written by a newer OpenClaw (2026.6.8); current version is 2026.3.24.
Config was last written by a newer OpenClaw (2026.6.8); current version is 2026.3.24.
Config was last written by a newer OpenClaw (2026.6.8); current version is 2026.3.24.
Config was last written by a newer OpenClaw (2026.6.8); current version is 2026.3.24.
Config was last written by a newer OpenClaw (2026.6.8); current version is 2026.3.24.
Config was last written by a newer OpenClaw (2026.6.8); current version is 2026.3.24.
Config was last written by a newer OpenClaw (2026.6.8); current version is 2026.3.24.
Config was last written by a newer OpenClaw (2026.6.8); current version is 2026.3.24.
Config was last written by a newer OpenClaw (2026.6.8); current version is 2026.3.24.
Config was last written by a newer OpenClaw (2026.6.8); current version is 2026.3.24.
Config was last written by a newer OpenClaw (2026.6.8); current version is 2026.3.24.
Config was last written by a newer OpenClaw (2026.6.8); current version is 2026.3.24.
Config was last written by a newer OpenClaw (2026.6.8); current version is 2026.3.24.
Config was last written by a newer OpenClaw (2026.6.8); current version is 2026.3.24.
Config was last written by a newer OpenClaw (2026.6.8); current version is 2026.3.24.
Config was last written by a newer OpenClaw (2026.6.8); current version is 2026.3.24.
Config was last written by a newer OpenClaw (2026.6.8); current version is 2026.3.24.
Config was last written by a newer OpenClaw (2026.6.8); current version is 2026.3.24.
Config was last written by a newer OpenClaw (2026.6.8); current version is 2026.3.24.
Config was last written by a newer OpenClaw (2026.6.8); current version is 2026.3.24.
Config was last written by a newer OpenClaw (2026.6.8); current version is 2026.3.24.
Config was last written by a newer OpenClaw (2026.6.8); current version is 2026.3.24.
Config was last written by a newer OpenClaw (2026.6.8); current version is 2026.3.24.
Config was last written by a newer OpenClaw (2026.6.8); current version is 2026.3.24.
Config was last written by a newer OpenClaw (2026.6.8); current version is 2026.3.24.
Config was last written by a newer OpenClaw (2026.6.8); current version is 2026.3.24.
Config was last written by a newer OpenClaw (2026.6.8); current version is 2026.3.24.
Config was last written by a newer OpenClaw (2026.6.8); current version is 2026.3.24.
Config was last written by a newer OpenClaw (2026.6.8); current version is 2026.3.24.
Config was last written by a newer OpenClaw (2026.6.8); current version is 2026.3.24.
Config was last written by a newer OpenClaw (2026.6.8); current version is 2026.3.24.
Config was last written by a newer OpenClaw (2026.6.8); current version is 2026.3.24.
Config was last written by a newer OpenClaw (2026.6.8); current version is 2026.3.24.
Config was last written by a newer OpenClaw (2026.6.8); current version is 2026.3.24.
Config was last written by a newer OpenClaw (2026.6.8); current version is 2026.3.24.
Config was last written by a newer OpenClaw (2026.6.8); current version is 2026.3.24.
Config was last written by a newer OpenClaw (2026.6.8); current version is 2026.3.24.
Config was last written by a newer OpenClaw (2026.6.8); current version is 2026.3.24.
Config was last written by a newer OpenClaw (2026.6.8); current version is 2026.3.24.
Config was last written by a newer OpenClaw (2026.6.8); current version is 2026.3.24.
Config was last written by a newer OpenClaw (2026.6.8); current version is 2026.3.24.
Config was last written by a newer OpenClaw (2026.6.8); current version is 2026.3.24.
Config was last written by a newer OpenClaw (2026.6.8); current version is 2026.3.24.
Config was last written by a newer OpenClaw (2026.6.8); current version is 2026.3.24.
Config was last written by a newer OpenClaw (2026.6.8); current version is 2026.3.24.
Config was last written by a newer OpenClaw (2026.6.8); current version is 2026.3.24.
Config was last written by a newer OpenClaw (2026.6.8); current version is 2026.3.24.
Config was last written by a newer OpenClaw (2026.6.8); current version is 2026.3.24.
Config was last written by a newer OpenClaw (2026.6.8); current version is 2026.3.24.
Config was last written by a newer OpenClaw (2026.6.8); current version is 2026.3.24.
Config was last written by a newer OpenClaw (2026.6.8); current version is 2026.3.24.
Config was last written by a newer OpenClaw (2026.6.8); current version is 2026.3.24.
Config was last written by a newer OpenClaw (2026.6.8); current version is 2026.3.24.
Config was last written by a newer OpenClaw (2026.6.8); current version is 2026.3.24.
Config was last written by a newer OpenClaw (2026.6.8); current version is 2026.3.24.
Config was last written by a newer OpenClaw (2026.6.8); current version is 2026.3.24.
Config was last written by a newer OpenClaw (2026.6.8); current version is 2026.3.24.
Config was last written by a newer OpenClaw (2026.6.8); current version is 2026.3.24.
Config was last written by a newer OpenClaw (2026.6.8); current version is 2026.3.24.
Config was last written by a newer OpenClaw (2026.6.8); current version is 2026.3.24.
Config was last written by a newer OpenClaw (2026.6.8); current version is 2026.3.24.
Config was last written by a newer OpenClaw (2026.6.8); current version is 2026.3.24.
Config was last written by a newer OpenClaw (2026.6.8); current version is 2026.3.24.
Config was last written by a newer OpenClaw (2026.6.8); current version is 2026.3.24.
Config was last written by a newer OpenClaw (2026.6.8); current version is 2026.3.24.
Config was last written by a newer OpenClaw (2026.6.8); current version is 2026.3.24.
Config was last written by a newer OpenClaw (2026.6.8); current version is 2026.3.24.
Config was last written by a newer OpenClaw (2026.6.8); current version is 2026.3.24.
Config was last written by a newer OpenClaw (2026.6.8); current version is 2026.3.24.
Config was last written by a newer OpenClaw (2026.6.8); current version is 2026.3.24.
Config was last written by a newer OpenClaw (2026.6.8); current version is 2026.3.24.
Config was last written by a newer OpenClaw (2026.6.8); current version is 2026.3.24.
Config was last written by a newer OpenClaw (2026.6.8); current version is 2026.3.24.
Config was last written by a newer OpenClaw (2026.6.8); current version is 2026.3.24.
Config was last written by a newer OpenClaw (2026.6.8); current version is 2026.3.24.
Config was last written by a newer OpenClaw (2026.6.8); current version is 2026.3.24.
Config was last written by a newer OpenClaw (2026.6.8); current version is 2026.3.24.
Config was last written by a newer OpenClaw (2026.6.8); current version is 2026.3.24.
Config was last written by a newer OpenClaw (2026.6.8); current version is 2026.3.24.
Config was last written by a newer OpenClaw (2026.6.8); current version is 2026.3.24.
Config was last written by a newer OpenClaw (2026.6.8); current version is 2026.3.24.
Config was last written by a newer OpenClaw (2026.6.8); current version is 2026.3.24.
Config was last written by a newer OpenClaw (2026.6.8); current version is 2026.3.24.
Config was last written by a newer OpenClaw (2026.6.8); current version is 2026.3.24.
Config was last written by a newer OpenClaw (2026.6.8); current version is 2026.3.24.
Config was last written by a newer OpenClaw (2026.6.8); current version is 2026.3.24.
Config was last written by a newer OpenClaw (2026.6.8); current version is 2026.3.24.
Config was last written by a newer OpenClaw (2026.6.8); current version is 2026.3.24.
Config was last written by a newer OpenClaw (2026.6.8); current version is 2026.3.24.
Config was last written by a newer OpenClaw (2026.6.8); current version is 2026.3.24.
Config was last written by a newer OpenClaw (2026.6.8); current version is 2026.3.24.
Config was last written by a newer OpenClaw (2026.6.8); current version is 2026.3.24.
Config was last written by a newer OpenClaw (2026.6.8); current version is 2026.3.24.
Config was last written by a newer OpenClaw (2026.6.8); current version is 2026.3.24.
Config was last written by a newer OpenClaw (2026.6.8); current version is 2026.3.24.
Config was last written by a newer OpenClaw (2026.6.8); current version is 2026.3.24.
Config was last written by a newer OpenClaw (2026.6.8); current version is 2026.3.24.
Config was last written by a newer OpenClaw (2026.6.8); current version is 2026.3.24.
Config was last written by a newer OpenClaw (2026.6.8); current version is 2026.3.24.
Config was last written by a newer OpenClaw (2026.6.8); current version is 2026.3.24.
Config was last written by a newer OpenClaw (2026.6.8); current version is 2026.3.24.
Config was last written by a newer OpenClaw (2026.6.8); current version is 2026.3.24.
Config was last written by a newer OpenClaw (2026.6.8); current version is 2026.3.24.
Config was last written by a newer OpenClaw (2026.6.8); current version is 2026.3.24.
Config was last written by a newer OpenClaw (2026.6.8); current version is 2026.3.24.
Config was last written by a newer OpenClaw (2026.6.8); current version is 2026.3.24.
Config was last written by a newer OpenClaw (2026.6.8); current version is 2026.3.24.
Config was last written by a newer OpenClaw (2026.6.8); current version is 2026.3.24.
Config was last written by a newer OpenClaw (2026.6.8); current version is 2026.3.24.
Config was last written by a newer OpenClaw (2026.6.8); current version is 2026.3.24.
Config was last written by a newer OpenClaw (2026.6.8); current version is 2026.3.24.
Config was last written by a newer OpenClaw (2026.6.8); current version is 2026.3.24.
Config was last written by a newer OpenClaw (2026.6.8); current version is 2026.3.24.
Config was last written by a newer OpenClaw (2026.6.8); current version is 2026.3.24.
Config was last written by a newer OpenClaw (2026.6.8); current version is 2026.3.24.
Config was last written by a newer OpenClaw (2026.6.8); current version is 2026.3.24.
Config was last written by a newer OpenClaw (2026.6.8); current version is 2026.3.24.
Config was last written by a newer OpenClaw (2026.6.8); current version is 2026.3.24.
Config was last written by a newer OpenClaw (2026.6.8); current version is 2026.3.24.
Config was last written by a newer OpenClaw (2026.6.8); current version is 2026.3.24.
Config was last written by a newer OpenClaw (2026.6.8); current version is 2026.3.24.
Config was last written by a newer OpenClaw (2026.6.8); current version is 2026.3.24.
Config was last written by a newer OpenClaw (2026.6.8); current version is 2026.3.24.
Config was last written by a newer OpenClaw (2026.6.8); current version is 2026.3.24.
Config was last written by a newer OpenClaw (2026.6.8); current version is 2026.3.24.
Config was last written by a newer OpenClaw (2026.6.8); current version is 2026.3.24.
Config was last written by a newer OpenClaw (2026.6.8); current version is 2026.3.24.
Config was last written by a newer OpenClaw (2026.6.8); current version is 2026.3.24.
Config was last written by a newer OpenClaw (2026.6.8); current version is 2026.3.24.
Config was last written by a newer OpenClaw (2026.6.8); current version is 2026.3.24.
Config was last written by a newer OpenClaw (2026.6.8); current version is 2026.3.24.
Config was last written by a newer OpenClaw (2026.6.8); current version is 2026.3.24.
Config was last written by a newer OpenClaw (2026.6.8); current version is 2026.3.24.
Config was last written by a newer OpenClaw (2026.6.8); current version is 2026.3.24.
Config was last written by a newer OpenClaw (2026.6.8); current version is 2026.3.24.
Config was last written by a newer OpenClaw (2026.6.8); current version is 2026.3.24.
Config was last written by a newer OpenClaw (2026.6.8); current version is 2026.3.24.
Config was last written by a newer OpenClaw (2026.6.8); current version is 2026.3.24.
Config was last written by a newer OpenClaw (2026.6.8); current version is 2026.3.24.
Config was last written by a newer OpenClaw (2026.6.8); current version is 2026.3.24.
Config was last written by a newer OpenClaw (2026.6.8); current version is 2026.3.24.
Config was last written by a newer OpenClaw (2026.6.8); current version is 2026.3.24.
Config was last written by a newer OpenClaw (2026.6.8); current version is 2026.3.24.
Config was last written by a newer OpenClaw (2026.6.8); current version is 2026.3.24.
Config was last written by a newer OpenClaw (2026.6.8); current version is 2026.3.24.
Config was last written by a newer OpenClaw (2026.6.8); current version is 2026.3.24.
Config was last written by a newer OpenClaw (2026.6.8); current version is 2026.3.24.
Config was last written by a newer OpenClaw (2026.6.8); current version is 2026.3.24.
Config was last written by a newer OpenClaw (2026.6.8); current version is 2026.3.24.
Config was last written by a newer OpenClaw (2026.6.8); current version is 2026.3.24.
Config was last written by a newer OpenClaw (2026.6.8); current version is 2026.3.24.
Config was last written by a newer OpenClaw (2026.6.8); current version is 2026.3.24.
Config was last written by a newer OpenClaw (2026.6.8); current version is 2026.3.24.
Config was last written by a newer OpenClaw (2026.6.8); current version is 2026.3.24.
Config was last written by a newer OpenClaw (2026.6.8); current version is 2026.3.24.
Config was last written by a newer OpenClaw (2026.6.8); current version is 2026.3.24.
Config was last written by a newer OpenClaw (2026.6.8); current version is 2026.3.24.
Config was last written by a newer OpenClaw (2026.6.8); current version is 2026.3.24.
Config was last written by a newer OpenClaw (2026.6.8); current version is 2026.3.24.
Config was last written by a newer OpenClaw (2026.6.8); current version is 2026.3.24.
Config was last written by a newer OpenClaw (2026.6.8); current version is 2026.3.24.
Config was last written by a newer OpenClaw (2026.6.8); current version is 2026.3.24.
Config was last written by a newer OpenClaw (2026.6.8); current version is 2026.3.24.
Config was last written by a newer OpenClaw (2026.6.8); current version is 2026.3.24.
Config was last written by a newer OpenClaw (2026.6.8); current version is 2026.3.24.
Config was last written by a newer OpenClaw (2026.6.8); current version is 2026.3.24.
Config was last written by a newer OpenClaw (2026.6.8); current version is 2026.3.24.
Config was last written by a newer OpenClaw (2026.6.8); current version is 2026.3.24.
Config was last written by a newer OpenClaw (2026.6.8); current version is 2026.3.24.
Config was last written by a newer OpenClaw (2026.6.8); current version is 2026.3.24.
Config was last written by a newer OpenClaw (2026.6.8); current version is 2026.3.24.
Config was last written by a newer OpenClaw (2026.6.8); current version is 2026.3.24.
Config was last written by a newer OpenClaw (2026.6.8); current version is 2026.3.24.
Config was last written by a newer OpenClaw (2026.6.8); current version is 2026.3.24.
Config was last written by a newer OpenClaw (2026.6.8); current version is 2026.3.24.
Config was last written by a newer OpenClaw (2026.6.8); current version is 2026.3.24.
Config was last written by a newer OpenClaw (2026.6.8); current version is 2026.3.24.
Config was last written by a newer OpenClaw (2026.6.8); current version is 2026.3.24.
Config was last written by a newer OpenClaw (2026.6.8); current version is 2026.3.24.
Config was last written by a newer OpenClaw (2026.6.8); current version is 2026.3.24.
Config was last written by a newer OpenClaw (2026.6.8); current version is 2026.3.24.
Config was last written by a newer OpenClaw (2026.6.8); current version is 2026.3.24.
Config was last written by a newer OpenClaw (2026.6.8); current version is 2026.3.24.
Config was last written by a newer OpenClaw (2026.6.8); current version is 2026.3.24.
Config was last written by a newer OpenClaw (2026.6.8); current version is 2026.3.24.
Config was last written by a newer OpenClaw (2026.6.8); current version is 2026.3.24.
Config was last written by a newer OpenClaw (2026.6.8); current version is 2026.3.24.
Config was last written by a newer OpenClaw (2026.6.8); current version is 2026.3.24.
Config was last written by a newer OpenClaw (2026.6.8); current version is 2026.3.24.
Config was last written by a newer OpenClaw (2026.6.8); current version is 2026.3.24.
Config was last written by a newer OpenClaw (2026.6.8); current version is 2026.3.24.
Config was last written by a newer OpenClaw (2026.6.8); current version is 2026.3.24.
Config was last written by a newer OpenClaw (2026.6.8); current version is 2026.3.24.
Config was last written by a newer OpenClaw (2026.6.8); current version is 2026.3.24.
Config was last written by a newer OpenClaw (2026.6.8); current version is 2026.3.24.
Config was last written by a newer OpenClaw (2026.6.8); current version is 2026.3.24.
Config was last written by a newer OpenClaw (2026.6.8); current version is 2026.3.24.
Config was last written by a newer OpenClaw (2026.6.8); current version is 2026.3.24.
Config was last written by a newer OpenClaw (2026.6.8); current version is 2026.3.24.
Config was last written by a newer OpenClaw (2026.6.8); current version is 2026.3.24.
Config was last written by a newer OpenClaw (2026.6.8); current version is 2026.3.24.
Config was last written by a newer OpenClaw (2026.6.8); current version is 2026.3.24.
Config was last written by a newer OpenClaw (2026.6.8); current version is 2026.3.24.
Config was last written by a newer OpenClaw (2026.6.8); current version is 2026.3.24.
Config was last written by a newer OpenClaw (2026.6.8); current version is 2026.3.24.
Config was last written by a newer OpenClaw (2026.6.8); current version is 2026.3.24.
Config was last written by a newer OpenClaw (2026.6.8); current version is 2026.3.24.
Config was last written by a newer OpenClaw (2026.6.8); current version is 2026.3.24.
Config was last written by a newer OpenClaw (2026.6.8); current version is 2026.3.24.
Config was last written by a newer OpenClaw (2026.6.8); current version is 2026.3.24.
Config was last written by a newer OpenClaw (2026.6.8); current version is 2026.3.24.
Config was last written by a newer OpenClaw (2026.6.8); current version is 2026.3.24.
Config was last written by a newer OpenClaw (2026.6.8); current version is 2026.3.24.
Config was last written by a newer OpenClaw (2026.6.8); current version is 2026.3.24.
Config was last written by a newer OpenClaw (2026.6.8); current version is 2026.3.24.
Config was last written by a newer OpenClaw (2026.6.8); current version is 2026.3.24.
Config was last written by a newer OpenClaw (2026.6.8); current version is 2026.3.24.
Config was last written by a newer OpenClaw (2026.6.8); current version is 2026.3.24.
Config was last written by a newer OpenClaw (2026.6.8); current version is 2026.3.24.
Config was last written by a newer OpenClaw (2026.6.8); current version is 2026.3.24.
Config was last written by a newer OpenClaw (2026.6.8); current version is 2026.3.24.
Config was last written by a newer OpenClaw (2026.6.8); current version is 2026.3.24.
Config was last written by a newer OpenClaw (2026.6.8); current version is 2026.3.24.
Config was last written by a newer OpenClaw (2026.6.8); current version is 2026.3.24.
Config was last written by a newer OpenClaw (2026.6.8); current version is 2026.3.24.
Config was last written by a newer OpenClaw (2026.6.8); current version is 2026.3.24.
Config was last written by a newer OpenClaw (2026.6.8); current version is 2026.3.24.
Config was last written by a newer OpenClaw (2026.6.8); current version is 2026.3.24.
Config was last written by a newer OpenClaw (2026.6.8); current version is 2026.3.24.
Config was last written by a newer OpenClaw (2026.6.8); current version is 2026.3.24.
Config was last written by a newer OpenClaw (2026.6.8); current version is 2026.3.24.
Config was last written by a newer OpenClaw (2026.6.8); current version is 2026.3.24.
Config was last written by a newer OpenClaw (2026.6.8); current version is 2026.3.24.
Config was last written by a newer OpenClaw (2026.6.8); current version is 2026.3.24.
Config was last written by a newer OpenClaw (2026.6.8); current version is 2026.3.24.
Config was last written by a newer OpenClaw (2026.6.8); current version is 2026.3.24.
Config was last written by a newer OpenClaw (2026.6.8); current version is 2026.3.24.
Config was last written by a newer OpenClaw (2026.6.8); current version is 2026.3.24.
Config was last written by a newer OpenClaw (2026.6.8); current version is 2026.3.24.
Config was last written by a newer OpenClaw (2026.6.8); current version is 2026.3.24.
Config was last written by a newer OpenClaw (2026.6.8); current version is 2026.3.24.
Config was last written by a newer OpenClaw (2026.6.8); current version is 2026.3.24.
Config was last written by a newer OpenClaw (2026.6.8); current version is 2026.3.24.
Config was last written by a newer OpenClaw (2026.6.8); current version is 2026.3.24.
Config was last written by a newer OpenClaw (2026.6.8); current version is 2026.3.24.
Config was last written by a newer OpenClaw (2026.6.8); current version is 2026.3.24.
Config was last written by a newer OpenClaw (2026.6.8); current version is 2026.3.24.
Config was last written by a newer OpenClaw (2026.6.8); current version is 2026.3.24.
Config was last written by a newer OpenClaw (2026.6.8); current version is 2026.3.24.
Config was last written by a newer OpenClaw (2026.6.8); current version is 2026.3.24.
Config was last written by a newer OpenClaw (2026.6.8); current version is 2026.3.24.
Config was last written by a newer OpenClaw (2026.6.8); current version is 2026.3.24.
Config was last written by a newer OpenClaw (2026.6.8); current version is 2026.3.24.
Config was last written by a newer OpenClaw (2026.6.8); current version is 2026.3.24.
Config was last written by a newer OpenClaw (2026.6.8); current version is 2026.3.24.
Config was last written by a newer OpenClaw (2026.6.8); current version is 2026.3.24.
Config was last written by a newer OpenClaw (2026.6.8); current version is 2026.3.24.
Config was last written by a newer OpenClaw (2026.6.8); current version is 2026.3.24.
Config was last written by a newer OpenClaw (2026.6.8); current version is 2026.3.24.
Config was last written by a newer OpenClaw (2026.6.8); current version is 2026.3.24.
Config was last written by a newer OpenClaw (2026.6.8); current version is 2026.3.24.
Config was last written by a newer OpenClaw (2026.6.8); current version is 2026.3.24.
Config was last written by a newer OpenClaw (2026.6.8); current version is 2026.3.24.
Config was last written by a newer OpenClaw (2026.6.8); current version is 2026.3.24.
Config was last written by a newer OpenClaw (2026.6.8); current version is 2026.3.24.
Config was last written by a newer OpenClaw (2026.6.8); current version is 2026.3.24.
Config was last written by a newer OpenClaw (2026.6.8); current version is 2026.3.24.
Config was last written by a newer OpenClaw (2026.6.8); current version is 2026.3.24.
Config was last written by a newer OpenClaw (2026.6.8); current version is 2026.3.24.
Config was last written by a newer OpenClaw (2026.6.8); current version is 2026.3.24.
Config was last written by a newer OpenClaw (2026.6.8); current version is 2026.3.24.
Config was last written by a newer OpenClaw (2026.6.8); current version is 2026.3.24.
Config was last written by a newer OpenClaw (2026.6.8); current version is 2026.3.24.
Config was last written by a newer OpenClaw (2026.6.8); current version is 2026.3.24.
Config was last written by a newer OpenClaw (2026.6.8); current version is 2026.3.24.
Config was last written by a newer OpenClaw (2026.6.8); current version is 2026.3.24.
Config was last written by a newer OpenClaw (2026.6.8); current version is 2026.3.24.
Config was last written by a newer OpenClaw (2026.6.8); current version is 2026.3.24.
Config was last written by a newer OpenClaw (2026.6.8); current version is 2026.3.24.
Config was last written by a newer OpenClaw (2026.6.8); current version is 2026.3.24.
Config was last written by a newer OpenClaw (2026.6.8); current version is 2026.3.24.
Config was last written by a newer OpenClaw (2026.6.8); current version is 2026.3.24.
Config was last written by a newer OpenClaw (2026.6.8); current version is 2026.3.24.
Config was last written by a newer OpenClaw (2026.6.8); current version is 2026.3.24.
Config was last written by a newer OpenClaw (2026.6.8); current version is 2026.3.24.
Config was last written by a newer OpenClaw (2026.6.8); current version is 2026.3.24.
Config was last written by a newer OpenClaw (2026.6.8); current version is 2026.3.24.
Config was last written by a newer OpenClaw (2026.6.8); current version is 2026.3.24.
Config was last written by a newer OpenClaw (2026.6.8); current version is 2026.3.24.
Config was last written by a newer OpenClaw (2026.6.8); current version is 2026.3.24.
Config was last written by a newer OpenClaw (2026.6.8); current version is 2026.3.24.
Config was last written by a newer OpenClaw (2026.6.8); current version is 2026.3.24.
Config was last written by a newer OpenClaw (2026.6.8); current version is 2026.3.24.
Config was last written by a newer OpenClaw (2026.6.8); current version is 2026.3.24.
Config was last written by a newer OpenClaw (2026.6.8); current version is 2026.3.24.
Config was last written by a newer OpenClaw (2026.6.8); current version is 2026.3.24.
Config was last written by a newer OpenClaw (2026.6.8); current version is 2026.3.24.
Config was last written by a newer OpenClaw (2026.6.8); current version is 2026.3.24.
Config was last written by a newer OpenClaw (2026.6.8); current version is 2026.3.24.
Config was last written by a newer OpenClaw (2026.6.8); current version is 2026.3.24.
Config was last written by a newer OpenClaw (2026.6.8); current version is 2026.3.24.
Config was last written by a newer OpenClaw (2026.6.8); current version is 2026.3.24.
Config was last written by a newer OpenClaw (2026.6.8); current version is 2026.3.24.
Config was last written by a newer OpenClaw (2026.6.8); current version is 2026.3.24.
Config was last written by a newer OpenClaw (2026.6.8); current version is 2026.3.24.
Config was last written by a newer OpenClaw (2026.6.8); current version is 2026.3.24.
Config was last written by a newer OpenClaw (2026.6.8); current version is 2026.3.24.
Config was last written by a newer OpenClaw (2026.6.8); current version is 2026.3.24.
Config was last written by a newer OpenClaw (2026.6.8); current version is 2026.3.24.
Config was last written by a newer OpenClaw (2026.6.8); current version is 2026.3.24.
Config was last written by a newer OpenClaw (2026.6.8); current version is 2026.3.24.
Config was last written by a newer OpenClaw (2026.6.8); current version is 2026.3.24.
Config was last written by a newer OpenClaw (2026.6.8); current version is 2026.3.24.
Config was last written by a newer OpenClaw (2026.6.8); current version is 2026.3.24.
Config was last written by a newer OpenClaw (2026.6.8); current version is 2026.3.24.
Config was last written by a newer OpenClaw (2026.6.8); current version is 2026.3.24.
Config was last written by a newer OpenClaw (2026.6.8); current version is 2026.3.24.
Config was last written by a newer OpenClaw (2026.6.8); current version is 2026.3.24.
Config was last written by a newer OpenClaw (2026.6.8); current version is 2026.3.24.
Config was last written by a newer OpenClaw (2026.6.8); current version is 2026.3.24.
Config was last written by a newer OpenClaw (2026.6.8); current version is 2026.3.24.
Config was last written by a newer OpenClaw (2026.6.8); current version is 2026.3.24.
Config was last written by a newer OpenClaw (2026.6.8); current version is 2026.3.24.
Config was last written by a newer OpenClaw (2026.6.8); current version is 2026.3.24.
Config was last written by a newer OpenClaw (2026.6.8); current version is 2026.3.24.
Config was last written by a newer OpenClaw (2026.6.8); current version is 2026.3.24.
Config was last written by a newer OpenClaw (2026.6.8); current version is 2026.3.24.
Config was last written by a newer OpenClaw (2026.6.8); current version is 2026.3.24.
Config was last written by a newer OpenClaw (2026.6.8); current version is 2026.3.24.
Config was last written by a newer OpenClaw (2026.6.8); current version is 2026.3.24.
Config was last written by a newer OpenClaw (2026.6.8); current version is 2026.3.24.
Config was last written by a newer OpenClaw (2026.6.8); current version is 2026.3.24.
Config was last written by a newer OpenClaw (2026.6.8); current version is 2026.3.24.
Config was last written by a newer OpenClaw (2026.6.8); current version is 2026.3.24.
Config was last written by a newer OpenClaw (2026.6.8); current version is 2026.3.24.
Config was last written by a newer OpenClaw (2026.6.8); current version is 2026.3.24.
Config was last written by a newer OpenClaw (2026.6.8); current version is 2026.3.24.
Config was last written by a newer OpenClaw (2026.6.8); current version is 2026.3.24.
Config was last written by a newer OpenClaw (2026.6.8); current version is 2026.3.24.
Config was last written by a newer OpenClaw (2026.6.8); current version is 2026.3.24.
Config was last written by a newer OpenClaw (2026.6.8); current version is 2026.3.24.
Config was last written by a newer OpenClaw (2026.6.8); current version is 2026.3.24.
Config was last written by a newer OpenClaw (2026.6.8); current version is 2026.3.24.
Config was last written by a newer OpenClaw (2026.6.8); current version is 2026.3.24.
Config was last written by a newer OpenClaw (2026.6.8); current version is 2026.3.24.
Config was last written by a newer OpenClaw (2026.6.8); current version is 2026.3.24.
Config was last written by a newer OpenClaw (2026.6.8); current version is 2026.3.24.
Config was last written by a newer OpenClaw (2026.6.8); current version is 2026.3.24.
Config was last written by a newer OpenClaw (2026.6.8); current version is 2026.3.24.
Config was last written by a newer OpenClaw (2026.6.8); current version is 2026.3.24.
Config was last written by a newer OpenClaw (2026.6.8); current version is 2026.3.24.
Config was last written by a newer OpenClaw (2026.6.8); current version is 2026.3.24.
Config was last written by a newer OpenClaw (2026.6.8); current version is 2026.3.24.
Config was last written by a newer OpenClaw (2026.6.8); current version is 2026.3.24.
Config was last written by a newer OpenClaw (2026.6.8); current version is 2026.3.24.
Config was last written by a newer OpenClaw (2026.6.8); current version is 2026.3.24.
Config was last written by a newer OpenClaw (2026.6.8); current version is 2026.3.24.
Config was last written by a newer OpenClaw (2026.6.8); current version is 2026.3.24.
Config was last written by a newer OpenClaw (2026.6.8); current version is 2026.3.24.
Config was last written by a newer OpenClaw (2026.6.8); current version is 2026.3.24.
Config was last written by a newer OpenClaw (2026.6.8); current version is 2026.3.24.
Config was last written by a newer OpenClaw (2026.6.8); current version is 2026.3.24.
Config was last written by a newer OpenClaw (2026.6.8); current version is 2026.3.24.
Config was last written by a newer OpenClaw (2026.6.8); current version is 2026.3.24.
Config was last written by a newer OpenClaw (2026.6.8); current version is 2026.3.24.
Config was last written by a newer OpenClaw (2026.6.8); current version is 2026.3.24.
Config was last written by a newer OpenClaw (2026.6.8); current version is 2026.3.24.
Config was last written by a newer OpenClaw (2026.6.8); current version is 2026.3.24.
Config was last written by a newer OpenClaw (2026.6.8); current version is 2026.3.24.
Config was last written by a newer OpenClaw (2026.6.8); current version is 2026.3.24.
Config was last written by a newer OpenClaw (2026.6.8); current version is 2026.3.24.
Config was last written by a newer OpenClaw (2026.6.8); current version is 2026.3.24.
Config was last written by a newer OpenClaw (2026.6.8); current version is 2026.3.24.
Config was last written by a newer OpenClaw (2026.6.8); current version is 2026.3.24.
Config was last written by a newer OpenClaw (2026.6.8); current version is 2026.3.24.
Config was last written by a newer OpenClaw (2026.6.8); current version is 2026.3.24.
Config was last written by a newer OpenClaw (2026.6.8); current version is 2026.3.24.
Config was last written by a newer OpenClaw (2026.6.8); current version is 2026.3.24.
Config was last written by a newer OpenClaw (2026.6.8); current version is 2026.3.24.
Config was last written by a newer OpenClaw (2026.6.8); current version is 2026.3.24.
Config was last written by a newer OpenClaw (2026.6.8); current version is 2026.3.24.
Config was last written by a newer OpenClaw (2026.6.8); current version is 2026.3.24.
Config was last written by a newer OpenClaw (2026.6.8); current version is 2026.3.24.
Config was last written by a newer OpenClaw (2026.6.8); current version is 2026.3.24.
Config was last written by a newer OpenClaw (2026.6.8); current version is 2026.3.24.
Config was last written by a newer OpenClaw (2026.6.8); current version is 2026.3.24.
Config was last written by a newer OpenClaw (2026.6.8); current version is 2026.3.24.
Config was last written by a newer OpenClaw (2026.6.8); current version is 2026.3.24.
Config was last written by a newer OpenClaw (2026.6.8); current version is 2026.3.24.
Config was last written by a newer OpenClaw (2026.6.8); current version is 2026.3.24.
Config was last written by a newer OpenClaw (2026.6.8); current version is 2026.3.24.
Config was last written by a newer OpenClaw (2026.6.8); current version is 2026.3.24.
Config was last written by a newer OpenClaw (2026.6.8); current version is 2026.3.24.
Config was last written by a newer OpenClaw (2026.6.8); current version is 2026.3.24.
Config was last written by a newer OpenClaw (2026.6.8); current version is 2026.3.24.
Config was last written by a newer OpenClaw (2026.6.8); current version is 2026.3.24.
Config was last written by a newer OpenClaw (2026.6.8); current version is 2026.3.24.
Config was last written by a newer OpenClaw (2026.6.8); current version is 2026.3.24.
Config was last written by a newer OpenClaw (2026.6.8); current version is 2026.3.24.
Config was last written by a newer OpenClaw (2026.6.8); current version is 2026.3.24.
Config was last written by a newer OpenClaw (2026.6.8); current version is 2026.3.24.
Config was last written by a newer OpenClaw (2026.6.8); current version is 2026.3.24.
Config was last written by a newer OpenClaw (2026.6.8); current version is 2026.3.24.
Config was last written by a newer OpenClaw (2026.6.8); current version is 2026.3.24.
Config was last written by a newer OpenClaw (2026.6.8); current version is 2026.3.24.
Config was last written by a newer OpenClaw (2026.6.8); current version is 2026.3.24.
Config was last written by a newer OpenClaw (2026.6.8); current version is 2026.3.24.
Config was last written by a newer OpenClaw (2026.6.8); current version is 2026.3.24.
Config was last written by a newer OpenClaw (2026.6.8); current version is 2026.3.24.
Config was last written by a newer OpenClaw (2026.6.8); current version is 2026.3.24.
Config was last written by a newer OpenClaw (2026.6.8); current version is 2026.3.24.
Config was last written by a newer OpenClaw (2026.6.8); current version is 2026.3.24.
Config was last written by a newer OpenClaw (2026.6.8); current version is 2026.3.24.
Config was last written by a newer OpenClaw (2026.6.8); current version is 2026.3.24.
Config was last written by a newer OpenClaw (2026.6.8); current version is 2026.3.24.
Config was last written by a newer OpenClaw (2026.6.8); current version is 2026.3.24.
Config was last written by a newer OpenClaw (2026.6.8); current version is 2026.3.24.
Config was last written by a newer OpenClaw (2026.6.8); current version is 2026.3.24.
Config was last written by a newer OpenClaw (2026.6.8); current version is 2026.3.24.
Config was last written by a newer OpenClaw (2026.6.8); current version is 2026.3.24.
Config was last written by a newer OpenClaw (2026.6.8); current version is 2026.3.24.
Config was last written by a newer OpenClaw (2026.6.8); current version is 2026.3.24.
Config was last written by a newer OpenClaw (2026.6.8); current version is 2026.3.24.
Config was last written by a newer OpenClaw (2026.6.8); current version is 2026.3.24.
Config was last written by a newer OpenClaw (2026.6.8); current version is 2026.3.24.
Config was last written by a newer OpenClaw (2026.6.8); current version is 2026.3.24.
Config was last written by a newer OpenClaw (2026.6.8); current version is 2026.3.24.
Config was last written by a newer OpenClaw (2026.6.8); current version is 2026.3.24.
Config was last written by a newer OpenClaw (2026.6.8); current version is 2026.3.24.
Config was last written by a newer OpenClaw (2026.6.8); current version is 2026.3.24.
Config was last written by a newer OpenClaw (2026.6.8); current version is 2026.3.24.
Config was last written by a newer OpenClaw (2026.6.8); current version is 2026.3.24.
Config was last written by a newer OpenClaw (2026.6.8); current version is 2026.3.24.
Config was last written by a newer OpenClaw (2026.6.8); current version is 2026.3.24.
Config was last written by a newer OpenClaw (2026.6.8); current version is 2026.3.24.
Config was last written by a newer OpenClaw (2026.6.8); current version is 2026.3.24.
Config was last written by a newer OpenClaw (2026.6.8); current version is 2026.3.24.
Config was last written by a newer OpenClaw (2026.6.8); current version is 2026.3.24.
Config was last written by a newer OpenClaw (2026.6.8); current version is 2026.3.24.
Config was last written by a newer OpenClaw (2026.6.8); current version is 2026.3.24.
Config was last written by a newer OpenClaw (2026.6.8); current version is 2026.3.24.
Config was last written by a newer OpenClaw (2026.6.8); current version is 2026.3.24.
Config was last written by a newer OpenClaw (2026.6.8); current version is 2026.3.24.
Config was last written by a newer OpenClaw (2026.6.8); current version is 2026.3.24.
Config was last written by a newer OpenClaw (2026.6.8); current version is 2026.3.24.
Config was last written by a newer OpenClaw (2026.6.8); current version is 2026.3.24.
Config was last written by a newer OpenClaw (2026.6.8); current version is 2026.3.24.
Config was last written by a newer OpenClaw (2026.6.8); current version is 2026.3.24.
Config was last written by a newer OpenClaw (2026.6.8); current version is 2026.3.24.
Config was last written by a newer OpenClaw (2026.6.8); current version is 2026.3.24.
Config was last written by a newer OpenClaw (2026.6.8); current version is 2026.3.24.
Config was last written by a newer OpenClaw (2026.6.8); current version is 2026.3.24.
Config was last written by a newer OpenClaw (2026.6.8); current version is 2026.3.24.
Config was last written by a newer OpenClaw (2026.6.8); current version is 2026.3.24.
Config was last written by a newer OpenClaw (2026.6.8); current version is 2026.3.24.
Config was last written by a newer OpenClaw (2026.6.8); current version is 2026.3.24.
Config was last written by a newer OpenClaw (2026.6.8); current version is 2026.3.24.
Config was last written by a newer OpenClaw (2026.6.8); current version is 2026.3.24.
Config was last written by a newer OpenClaw (2026.6.8); current version is 2026.3.24.
Config was last written by a newer OpenClaw (2026.6.8); current version is 2026.3.24.
Config was last written by a newer OpenClaw (2026.6.8); current version is 2026.3.24.
Config was last written by a newer OpenClaw (2026.6.8); current version is 2026.3.24.
Config was last written by a newer OpenClaw (2026.6.8); current version is 2026.3.24.
Config was last written by a newer OpenClaw (2026.6.8); current version is 2026.3.24.
Config was last written by a newer OpenClaw (2026.6.8); current version is 2026.3.24.
Config was last written by a newer OpenClaw (2026.6.8); current version is 2026.3.24.
Config was last written by a newer OpenClaw (2026.6.8); current version is 2026.3.24.
Config was last written by a newer OpenClaw (2026.6.8); current version is 2026.3.24.
Config was last written by a newer OpenClaw (2026.6.8); current version is 2026.3.24.
Config was last written by a newer OpenClaw (2026.6.8); current version is 2026.3.24.
Config was last written by a newer OpenClaw (2026.6.8); current version is 2026.3.24.
Config was last written by a newer OpenClaw (2026.6.8); current version is 2026.3.24.
Config was last written by a newer OpenClaw (2026.6.8); current version is 2026.3.24.
Config was last written by a newer OpenClaw (2026.6.8); current version is 2026.3.24.
Config was last written by a newer OpenClaw (2026.6.8); current version is 2026.3.24.
Config was last written by a newer OpenClaw (2026.6.8); current version is 2026.3.24.
Config was last written by a newer OpenClaw (2026.6.8); current version is 2026.3.24.
Config was last written by a newer OpenClaw (2026.6.8); current version is 2026.3.24.
Config was last written by a newer OpenClaw (2026.6.8); current version is 2026.3.24.
Config was last written by a newer OpenClaw (2026.6.8); current version is 2026.3.24.
Config was last written by a newer OpenClaw (2026.6.8); current version is 2026.3.24.
Config was last written by a newer OpenClaw (2026.6.8); current version is 2026.3.24.
Config was last written by a newer OpenClaw (2026.6.8); current version is 2026.3.24.
Config was last written by a newer OpenClaw (2026.6.8); current version is 2026.3.24.
Config was last written by a newer OpenClaw (2026.6.8); current version is 2026.3.24.
Config was last written by a newer OpenClaw (2026.6.8); current version is 2026.3.24.
Config was last written by a newer OpenClaw (2026.6.8); current version is 2026.3.24.
Config was last written by a newer OpenClaw (2026.6.8); current version is 2026.3.24.
Config was last written by a newer OpenClaw (2026.6.8); current version is 2026.3.24.
Config was last written by a newer OpenClaw (2026.6.8); current version is 2026.3.24.
Config was last written by a newer OpenClaw (2026.6.8); current version is 2026.3.24.
Config was last written by a newer OpenClaw (2026.6.8); current version is 2026.3.24.
Config was last written by a newer OpenClaw (2026.6.8); current version is 2026.3.24.
Config was last written by a newer OpenClaw (2026.6.8); current version is 2026.3.24.
Config was last written by a newer OpenClaw (2026.6.8); current version is 2026.3.24.
Config was last written by a newer OpenClaw (2026.6.8); current version is 2026.3.24.
Config was last written by a newer OpenClaw (2026.6.8); current version is 2026.3.24.
Config was last written by a newer OpenClaw (2026.6.8); current version is 2026.3.24.
Config was last written by a newer OpenClaw (2026.6.8); current version is 2026.3.24.
Config was last written by a newer OpenClaw (2026.6.8); current version is 2026.3.24.
Config was last written by a newer OpenClaw (2026.6.8); current version is 2026.3.24.
Config was last written by a newer OpenClaw (2026.6.8); current version is 2026.3.24.
Config was last written by a newer OpenClaw (2026.6.8); current version is 2026.3.24.
Config was last written by a newer OpenClaw (2026.6.8); current version is 2026.3.24.
Config was last written by a newer OpenClaw (2026.6.8); current version is 2026.3.24.
Config was last written by a newer OpenClaw (2026.6.8); current version is 2026.3.24.
Config was last written by a newer OpenClaw (2026.6.8); current version is 2026.3.24.
Config was last written by a newer OpenClaw (2026.6.8); current version is 2026.3.24.
Config was last written by a newer OpenClaw (2026.6.8); current version is 2026.3.24.
Config was last written by a newer OpenClaw (2026.6.8); current version is 2026.3.24.
Config was last written by a newer OpenClaw (2026.6.8); current version is 2026.3.24.
Config was last written by a newer OpenClaw (2026.6.8); current version is 2026.3.24.
Config was last written by a newer OpenClaw (2026.6.8); current version is 2026.3.24.
Config was last written by a newer OpenClaw (2026.6.8); current version is 2026.3.24.
Config was last written by a newer OpenClaw (2026.6.8); current version is 2026.3.24.
Config was last written by a newer OpenClaw (2026.6.8); current version is 2026.3.24.
Config was last written by a newer OpenClaw (2026.6.8); current version is 2026.3.24.
Config was last written by a newer OpenClaw (2026.6.8); current version is 2026.3.24.
Config was last written by a newer OpenClaw (2026.6.8); current version is 2026.3.24.
Config was last written by a newer OpenClaw (2026.6.8); current version is 2026.3.24.
Config was last written by a newer OpenClaw (2026.6.8); current version is 2026.3.24.
Config was last written by a newer OpenClaw (2026.6.8); current version is 2026.3.24.
Config was last written by a newer OpenClaw (2026.6.8); current version is 2026.3.24.
Config was last written by a newer OpenClaw (2026.6.8); current version is 2026.3.24.
Config was last written by a newer OpenClaw (2026.6.8); current version is 2026.3.24.
Config was last written by a newer OpenClaw (2026.6.8); current version is 2026.3.24.
Config was last written by a newer OpenClaw (2026.6.8); current version is 2026.3.24.
Config was last written by a newer OpenClaw (2026.6.8); current version is 2026.3.24.
Config was last written by a newer OpenClaw (2026.6.8); current version is 2026.3.24.
Config was last written by a newer OpenClaw (2026.6.8); current version is 2026.3.24.
Config was last written by a newer OpenClaw (2026.6.8); current version is 2026.3.24.
Config was last written by a newer OpenClaw (2026.6.8); current version is 2026.3.24.
Config was last written by a newer OpenClaw (2026.6.8); current version is 2026.3.24.
Config was last written by a newer OpenClaw (2026.6.8); current version is 2026.3.24.
Config was last written by a newer OpenClaw (2026.6.8); current version is 2026.3.24.
Config was last written by a newer OpenClaw (2026.6.8); current version is 2026.3.24.
Config was last written by a newer OpenClaw (2026.6.8); current version is 2026.3.24.
Config was last written by a newer OpenClaw (2026.6.8); current version is 2026.3.24.
Config was last written by a newer OpenClaw (2026.6.8); current version is 2026.3.24.
Config was last written by a newer OpenClaw (2026.6.8); current version is 2026.3.24.
Config was last written by a newer OpenClaw (2026.6.8); current version is 2026.3.24.
Config was last written by a newer OpenClaw (2026.6.8); current version is 2026.3.24.
Config was last written by a newer OpenClaw (2026.6.8); current version is 2026.3.24.
Config was last written by a newer OpenClaw (2026.6.8); current version is 2026.3.24.
Config was last written by a newer OpenClaw (2026.6.8); current version is 2026.3.24.
Config was last written by a newer OpenClaw (2026.6.8); current version is 2026.3.24.
Config was last written by a newer OpenClaw (2026.6.8); current version is 2026.3.24.
Config was last written by a newer OpenClaw (2026.6.8); current version is 2026.3.24.
Config was last written by a newer OpenClaw (2026.6.8); current version is 2026.3.24.
Config was last written by a newer OpenClaw (2026.6.8); current version is 2026.3.24.
Config was last written by a newer OpenClaw (2026.6.8); current version is 2026.3.24.
Config was last written by a newer OpenClaw (2026.6.8); current version is 2026.3.24.
Config was last written by a newer OpenClaw (2026.6.8); current version is 2026.3.24.
Config was last written by a newer OpenClaw (2026.6.8); current version is 2026.3.24.
Config was last written by a newer OpenClaw (2026.6.8); current version is 2026.3.24.
Config was last written by a newer OpenClaw (2026.6.8); current version is 2026.3.24.
Config was last written by a newer OpenClaw (2026.6.8); current version is 2026.3.24.
Config was last written by a newer OpenClaw (2026.6.8); current version is 2026.3.24.
Config was last written by a newer OpenClaw (2026.6.8); current version is 2026.3.24.
Config was last written by a newer OpenClaw (2026.6.8); current version is 2026.3.24.
Config was last written by a newer OpenClaw (2026.6.8); current version is 2026.3.24.
Config was last written by a newer OpenClaw (2026.6.8); current version is 2026.3.24.
Config was last written by a newer OpenClaw (2026.6.8); current version is 2026.3.24.
Config was last written by a newer OpenClaw (2026.6.8); current version is 2026.3.24.
Config was last written by a newer OpenClaw (2026.6.8); current version is 2026.3.24.
Config was last written by a newer OpenClaw (2026.6.8); current version is 2026.3.24.
Config was last written by a newer OpenClaw (2026.6.8); current version is 2026.3.24.
Config was last written by a newer OpenClaw (2026.6.8); current version is 2026.3.24.
Config was last written by a newer OpenClaw (2026.6.8); current version is 2026.3.24.
Config was last written by a newer OpenClaw (2026.6.8); current version is 2026.3.24.
Config was last written by a newer OpenClaw (2026.6.8); current version is 2026.3.24.
Config was last written by a newer OpenClaw (2026.6.8); current version is 2026.3.24.
Config was last written by a newer OpenClaw (2026.6.8); current version is 2026.3.24.
Config was last written by a newer OpenClaw (2026.6.8); current version is 2026.3.24.
Config was last written by a newer OpenClaw (2026.6.8); current version is 2026.3.24.
Config was last written by a newer OpenClaw (2026.6.8); current version is 2026.3.24.
Config was last written by a newer OpenClaw (2026.6.8); current version is 2026.3.24.
Config was last written by a newer OpenClaw (2026.6.8); current version is 2026.3.24.
Config was last written by a newer OpenClaw (2026.6.8); current version is 2026.3.24.
Config was last written by a newer OpenClaw (2026.6.8); current version is 2026.3.24.
Config was last written by a newer OpenClaw (2026.6.8); current version is 2026.3.24.
Config was last written by a newer OpenClaw (2026.6.8); current version is 2026.3.24.
Config was last written by a newer OpenClaw (2026.6.8); current version is 2026.3.24.
Config was last written by a newer OpenClaw (2026.6.8); current version is 2026.3.24.
Config was last written by a newer OpenClaw (2026.6.8); current version is 2026.3.24.
Config was last written by a newer OpenClaw (2026.6.8); current version is 2026.3.24.
Config was last written by a newer OpenClaw (2026.6.8); current version is 2026.3.24.
Config was last written by a newer OpenClaw (2026.6.8); current version is 2026.3.24.
Config was last written by a newer OpenClaw (2026.6.8); current version is 2026.3.24.
Config was last written by a newer OpenClaw (2026.6.8); current version is 2026.3.24.
Config was last written by a newer OpenClaw (2026.6.8); current version is 2026.3.24.
Config was last written by a newer OpenClaw (2026.6.8); current version is 2026.3.24.
Config was last written by a newer OpenClaw (2026.6.8); current version is 2026.3.24.
Config was last written by a newer OpenClaw (2026.6.8); current version is 2026.3.24.
Config was last written by a newer OpenClaw (2026.6.8); current version is 2026.3.24.
Config was last written by a newer OpenClaw (2026.6.8); current version is 2026.3.24.
Config was last written by a newer OpenClaw (2026.6.8); current version is 2026.3.24.
Config was last written by a newer OpenClaw (2026.6.8); current version is 2026.3.24.
Config was last written by a newer OpenClaw (2026.6.8); current version is 2026.3.24.
Config was last written by a newer OpenClaw (2026.6.8); current version is 2026.3.24.
Config was last written by a newer OpenClaw (2026.6.8); current version is 2026.3.24.
Config was last written by a newer OpenClaw (2026.6.8); current version is 2026.3.24.
Config was last written by a newer OpenClaw (2026.6.8); current version is 2026.3.24.
Config was last written by a newer OpenClaw (2026.6.8); current version is 2026.3.24.
Config was last written by a newer OpenClaw (2026.6.8); current version is 2026.3.24.
Config was last written by a newer OpenClaw (2026.6.8); current version is 2026.3.24.
Config was last written by a newer OpenClaw (2026.6.8); current version is 2026.3.24.
Config was last written by a newer OpenClaw (2026.6.8); current version is 2026.3.24.
Config was last written by a newer OpenClaw (2026.6.8); current version is 2026.3.24.
Config was last written by a newer OpenClaw (2026.6.8); current version is 2026.3.24.
Config was last written by a newer OpenClaw (2026.6.8); current version is 2026.3.24.
Config was last written by a newer OpenClaw (2026.6.8); current version is 2026.3.24.
Config was last written by a newer OpenClaw (2026.6.8); current version is 2026.3.24.
Config was last written by a newer OpenClaw (2026.6.8); current version is 2026.3.24.
Config was last written by a newer OpenClaw (2026.6.8); current version is 2026.3.24.
Config was last written by a newer OpenClaw (2026.6.8); current version is 2026.3.24.
Config was last written by a newer OpenClaw (2026.6.8); current version is 2026.3.24.
Config was last written by a newer OpenClaw (2026.6.8); current version is 2026.3.24.
Config was last written by a newer OpenClaw (2026.6.8); current version is 2026.3.24.
Config was last written by a newer OpenClaw (2026.6.8); current version is 2026.3.24.
Config was last written by a newer OpenClaw (2026.6.8); current version is 2026.3.24.
Config was last written by a newer OpenClaw (2026.6.8); current version is 2026.3.24.
Config was last written by a newer OpenClaw (2026.6.8); current version is 2026.3.24.
Config was last written by a newer OpenClaw (2026.6.8); current version is 2026.3.24.
Config was last written by a newer OpenClaw (2026.6.8); current version is 2026.3.24.
Config was last written by a newer OpenClaw (2026.6.8); current version is 2026.3.24.
Config was last written by a newer OpenClaw (2026.6.8); current version is 2026.3.24.
Config was last written by a newer OpenClaw (2026.6.8); current version is 2026.3.24.
Config was last written by a newer OpenClaw (2026.6.8); current version is 2026.3.24.
Config was last written by a newer OpenClaw (2026.6.8); current version is 2026.3.24.
Config was last written by a newer OpenClaw (2026.6.8); current version is 2026.3.24.
Config was last written by a newer OpenClaw (2026.6.8); current version is 2026.3.24.
Config was last written by a newer OpenClaw (2026.6.8); current version is 2026.3.24.
Config was last written by a newer OpenClaw (2026.6.8); current version is 2026.3.24.
Config was last written by a newer OpenClaw (2026.6.8); current version is 2026.3.24.
Config was last written by a newer OpenClaw (2026.6.8); current version is 2026.3.24.
Config was last written by a newer OpenClaw (2026.6.8); current version is 2026.3.24.
Config was last written by a newer OpenClaw (2026.6.8); current version is 2026.3.24.
Config was last written by a newer OpenClaw (2026.6.8); current version is 2026.3.24.
Config was last written by a newer OpenClaw (2026.6.8); current version is 2026.3.24.
Config was last written by a newer OpenClaw (2026.6.8); current version is 2026.3.24.
Config was last written by a newer OpenClaw (2026.6.8); current version is 2026.3.24.
Config was last written by a newer OpenClaw (2026.6.8); current version is 2026.3.24.
Config was last written by a newer OpenClaw (2026.6.8); current version is 2026.3.24.
Config was last written by a newer OpenClaw (2026.6.8); current version is 2026.3.24.
Config was last written by a newer OpenClaw (2026.6.8); current version is 2026.3.24.
Config was last written by a newer OpenClaw (2026.6.8); current version is 2026.3.24.
Config was last written by a newer OpenClaw (2026.6.8); current version is 2026.3.24.
Config was last written by a newer OpenClaw (2026.6.8); current version is 2026.3.24.
Config was last written by a newer OpenClaw (2026.6.8); current version is 2026.3.24.
Config was last written by a newer OpenClaw (2026.6.8); current version is 2026.3.24.
Config was last written by a newer OpenClaw (2026.6.8); current version is 2026.3.24.
Config was last written by a newer OpenClaw (2026.6.8); current version is 2026.3.24.
Config was last written by a newer OpenClaw (2026.6.8); current version is 2026.3.24.
Config was last written by a newer OpenClaw (2026.6.8); current version is 2026.3.24.
Config was last written by a newer OpenClaw (2026.6.8); current version is 2026.3.24.
Config was last written by a newer OpenClaw (2026.6.8); current version is 2026.3.24.
Config was last written by a newer OpenClaw (2026.6.8); current version is 2026.3.24.
Config was last written by a newer OpenClaw (2026.6.8); current version is 2026.3.24.
Config was last written by a newer OpenClaw (2026.6.8); current version is 2026.3.24.
Config was last written by a newer OpenClaw (2026.6.8); current version is 2026.3.24.
Config was last written by a newer OpenClaw (2026.6.8); current version is 2026.3.24.
Config was last written by a newer OpenClaw (2026.6.8); current version is 2026.3.24.
Config was last written by a newer OpenClaw (2026.6.8); current version is 2026.3.24.
Config was last written by a newer OpenClaw (2026.6.8); current version is 2026.3.24.
Config was last written by a newer OpenClaw (2026.6.8); current version is 2026.3.24.
Config was last written by a newer OpenClaw (2026.6.8); current version is 2026.3.24.
Config was last written by a newer OpenClaw (2026.6.8); current version is 2026.3.24.
Config was last written by a newer OpenClaw (2026.6.8); current version is 2026.3.24.
Config was last written by a newer OpenClaw (2026.6.8); current version is 2026.3.24.
Config was last written by a newer OpenClaw (2026.6.8); current version is 2026.3.24.
Config was last written by a newer OpenClaw (2026.6.8); current version is 2026.3.24.
Config was last written by a newer OpenClaw (2026.6.8); current version is 2026.3.24.
Config was last written by a newer OpenClaw (2026.6.8); current version is 2026.3.24.
Config was last written by a newer OpenClaw (2026.6.8); current version is 2026.3.24.
Config was last written by a newer OpenClaw (2026.6.8); current version is 2026.3.24.
Config was last written by a newer OpenClaw (2026.6.8); current version is 2026.3.24.
Config was last written by a newer OpenClaw (2026.6.8); current version is 2026.3.24.
Config was last written by a newer OpenClaw (2026.6.8); current version is 2026.3.24.
Config was last written by a newer OpenClaw (2026.6.8); current version is 2026.3.24.
Config was last written by a newer OpenClaw (2026.6.8); current version is 2026.3.24.
Config was last written by a newer OpenClaw (2026.6.8); current version is 2026.3.24.
Config was last written by a newer OpenClaw (2026.6.8); current version is 2026.3.24.
Config was last written by a newer OpenClaw (2026.6.8); current version is 2026.3.24.
Config was last written by a newer OpenClaw (2026.6.8); current version is 2026.3.24.
Config was last written by a newer OpenClaw (2026.6.8); current version is 2026.3.24.
Config was last written by a newer OpenClaw (2026.6.8); current version is 2026.3.24.
Config was last written by a newer OpenClaw (2026.6.8); current version is 2026.3.24.
Config was last written by a newer OpenClaw (2026.6.8); current version is 2026.3.24.
Config was last written by a newer OpenClaw (2026.6.8); current version is 2026.3.24.
Config was last written by a newer OpenClaw (2026.6.8); current version is 2026.3.24.
Config was last written by a newer OpenClaw (2026.6.8); current version is 2026.3.24.
Config was last written by a newer OpenClaw (2026.6.8); current version is 2026.3.24.
Config was last written by a newer OpenClaw (2026.6.8); current version is 2026.3.24.
Config was last written by a newer OpenClaw (2026.6.8); current version is 2026.3.24.
Config was last written by a newer OpenClaw (2026.6.8); current version is 2026.3.24.
Config was last written by a newer OpenClaw (2026.6.8); current version is 2026.3.24.
Config was last written by a newer OpenClaw (2026.6.8); current version is 2026.3.24.
Config was last written by a newer OpenClaw (2026.6.8); current version is 2026.3.24.
Config was last written by a newer OpenClaw (2026.6.8); current version is 2026.3.24.
Config was last written by a newer OpenClaw (2026.6.8); current version is 2026.3.24.
Config was last written by a newer OpenClaw (2026.6.8); current version is 2026.3.24.
Config was last written by a newer OpenClaw (2026.6.8); current version is 2026.3.24.
Config was last written by a newer OpenClaw (2026.6.8); current version is 2026.3.24.
Config was last written by a newer OpenClaw (2026.6.8); current version is 2026.3.24.
Config was last written by a newer OpenClaw (2026.6.8); current version is 2026.3.24.
Config was last written by a newer OpenClaw (2026.6.8); current version is 2026.3.24.
Config was last written by a newer OpenClaw (2026.6.8); current version is 2026.3.24.
Config was last written by a newer OpenClaw (2026.6.8); current version is 2026.3.24.
Config was last written by a newer OpenClaw (2026.6.8); current version is 2026.3.24.
Config was last written by a newer OpenClaw (2026.6.8); current version is 2026.3.24.
Config was last written by a newer OpenClaw (2026.6.8); current version is 2026.3.24.
Config was last written by a newer OpenClaw (2026.6.8); current version is 2026.3.24.
Config was last written by a newer OpenClaw (2026.6.8); current version is 2026.3.24.
Config was last written by a newer OpenClaw (2026.6.8); current version is 2026.3.24.
Config was last written by a newer OpenClaw (2026.6.8); current version is 2026.3.24.
Config was last written by a newer OpenClaw (2026.6.8); current version is 2026.3.24.
Config was last written by a newer OpenClaw (2026.6.8); current version is 2026.3.24.
Config was last written by a newer OpenClaw (2026.6.8); current version is 2026.3.24.
Config was last written by a newer OpenClaw (2026.6.8); current version is 2026.3.24.
Config was last written by a newer OpenClaw (2026.6.8); current version is 2026.3.24.
Config was last written by a newer OpenClaw (2026.6.8); current version is 2026.3.24.
Config was last written by a newer OpenClaw (2026.6.8); current version is 2026.3.24.
Config was last written by a newer OpenClaw (2026.6.8); current version is 2026.3.24.
Config was last written by a newer OpenClaw (2026.6.8); current version is 2026.3.24.
Config was last written by a newer OpenClaw (2026.6.8); current version is 2026.3.24.
Config was last written by a newer OpenClaw (2026.6.8); current version is 2026.3.24.
Config was last written by a newer OpenClaw (2026.6.8); current version is 2026.3.24.
Config was last written by a newer OpenClaw (2026.6.8); current version is 2026.3.24.
Config was last written by a newer OpenClaw (2026.6.8); current version is 2026.3.24.
Config was last written by a newer OpenClaw (2026.6.8); current version is 2026.3.24.
Config was last written by a newer OpenClaw (2026.6.8); current version is 2026.3.24.
Config was last written by a newer OpenClaw (2026.6.8); current version is 2026.3.24.
Config was last written by a newer OpenClaw (2026.6.8); current version is 2026.3.24.
Config was last written by a newer OpenClaw (2026.6.8); current version is 2026.3.24.
Config was last written by a newer OpenClaw (2026.6.8); current version is 2026.3.24.
Config was last written by a newer OpenClaw (2026.6.8); current version is 2026.3.24.
Config was last written by a newer OpenClaw (2026.6.8); current version is 2026.3.24.
Config was last written by a newer OpenClaw (2026.6.8); current version is 2026.3.24.
Config was last written by a newer OpenClaw (2026.6.8); current version is 2026.3.24.
Config was last written by a newer OpenClaw (2026.6.8); current version is 2026.3.24.
Config was last written by a newer OpenClaw (2026.6.8); current version is 2026.3.24.
Config was last written by a newer OpenClaw (2026.6.8); current version is 2026.3.24.
Config was last written by a newer OpenClaw (2026.6.8); current version is 2026.3.24.
Config was last written by a newer OpenClaw (2026.6.8); current version is 2026.3.24.
Config was last written by a newer OpenClaw (2026.6.8); current version is 2026.3.24.
Config was last written by a newer OpenClaw (2026.6.8); current version is 2026.3.24.
Config was last written by a newer OpenClaw (2026.6.8); current version is 2026.3.24.
Config was last written by a newer OpenClaw (2026.6.8); current version is 2026.3.24.
Config was last written by a newer OpenClaw (2026.6.8); current version is 2026.3.24.
Config was last written by a newer OpenClaw (2026.6.8); current version is 2026.3.24.
Config was last written by a newer OpenClaw (2026.6.8); current version is 2026.3.24.
Config was last written by a newer OpenClaw (2026.6.8); current version is 2026.3.24.
Config was last written by a newer OpenClaw (2026.6.8); current version is 2026.3.24.
Config was last written by a newer OpenClaw (2026.6.8); current version is 2026.3.24.
Config was last written by a newer OpenClaw (2026.6.8); current version is 2026.3.24.
Config was last written by a newer OpenClaw (2026.6.8); current version is 2026.3.24.
Config was last written by a newer OpenClaw (2026.6.8); current version is 2026.3.24.
Config was last written by a newer OpenClaw (2026.6.8); current version is 2026.3.24.
Config was last written by a newer OpenClaw (2026.6.8); current version is 2026.3.24.
Config was last written by a newer OpenClaw (2026.6.8); current version is 2026.3.24.
Config was last written by a newer OpenClaw (2026.6.8); current version is 2026.3.24.
Config was last written by a newer OpenClaw (2026.6.8); current version is 2026.3.24.
Config was last written by a newer OpenClaw (2026.6.8); current version is 2026.3.24.
Config was last written by a newer OpenClaw (2026.6.8); current version is 2026.3.24.
Config was last written by a newer OpenClaw (2026.6.8); current version is 2026.3.24.
Config was last written by a newer OpenClaw (2026.6.8); current version is 2026.3.24.
Config was last written by a newer OpenClaw (2026.6.8); current version is 2026.3.24.
Config was last written by a newer OpenClaw (2026.6.8); current version is 2026.3.24.
Config was last written by a newer OpenClaw (2026.6.8); current version is 2026.3.24.
Config was last written by a newer OpenClaw (2026.6.8); current version is 2026.3.24.
Config was last written by a newer OpenClaw (2026.6.8); current version is 2026.3.24.
Config was last written by a newer OpenClaw (2026.6.8); current version is 2026.3.24.
Config was last written by a newer OpenClaw (2026.6.8); current version is 2026.3.24.
Config was last written by a newer OpenClaw (2026.6.8); current version is 2026.3.24.
Config was last written by a newer OpenClaw (2026.6.8); current version is 2026.3.24.
Config was last written by a newer OpenClaw (2026.6.8); current version is 2026.3.24.
Config was last written by a newer OpenClaw (2026.6.8); current version is 2026.3.24.
Config was last written by a newer OpenClaw (2026.6.8); current version is 2026.3.24.
Config was last written by a newer OpenClaw (2026.6.8); current version is 2026.3.24.
Config was last written by a newer OpenClaw (2026.6.8); current version is 2026.3.24.
Config was last written by a newer OpenClaw (2026.6.8); current version is 2026.3.24.
Config was last written by a newer OpenClaw (2026.6.8); current version is 2026.3.24.
Config was last written by a newer OpenClaw (2026.6.8); current version is 2026.3.24.
Config was last written by a newer OpenClaw (2026.6.8); current version is 2026.3.24.
Config was last written by a newer OpenClaw (2026.6.8); current version is 2026.3.24.
Config was last written by a newer OpenClaw (2026.6.8); current version is 2026.3.24.
Config was last written by a newer OpenClaw (2026.6.8); current version is 2026.3.24.
Config was last written by a newer OpenClaw (2026.6.8); current version is 2026.3.24.
Config was last written by a newer OpenClaw (2026.6.8); current version is 2026.3.24.
Config was last written by a newer OpenClaw (2026.6.8); current version is 2026.3.24.
Config was last written by a newer OpenClaw (2026.6.8); current version is 2026.3.24.
Config was last written by a newer OpenClaw (2026.6.8); current version is 2026.3.24.
Config was last written by a newer OpenClaw (2026.6.8); current version is 2026.3.24.
Config was last written by a newer OpenClaw (2026.6.8); current version is 2026.3.24.
Config was last written by a newer OpenClaw (2026.6.8); current version is 2026.3.24.
Config was last written by a newer OpenClaw (2026.6.8); current version is 2026.3.24.
Config was last written by a newer OpenClaw (2026.6.8); current version is 2026.3.24.
Config was last written by a newer OpenClaw (2026.6.8); current version is 2026.3.24.
Config was last written by a newer OpenClaw (2026.6.8); current version is 2026.3.24.
Config was last written by a newer OpenClaw (2026.6.8); current version is 2026.3.24.
Config was last written by a newer OpenClaw (2026.6.8); current version is 2026.3.24.
Config was last written by a newer OpenClaw (2026.6.8); current version is 2026.3.24.
Config was last written by a newer OpenClaw (2026.6.8); current version is 2026.3.24.
Config was last written by a newer OpenClaw (2026.6.8); current version is 2026.3.24.
Config was last written by a newer OpenClaw (2026.6.8); current version is 2026.3.24.
Config was last written by a newer OpenClaw (2026.6.8); current version is 2026.3.24.
Config was last written by a newer OpenClaw (2026.6.8); current version is 2026.3.24.
Config was last written by a newer OpenClaw (2026.6.8); current version is 2026.3.24.
Config was last written by a newer OpenClaw (2026.6.8); current version is 2026.3.24.
Config was last written by a newer OpenClaw (2026.6.8); current version is 2026.3.24.
Config was last written by a newer OpenClaw (2026.6.8); current version is 2026.3.24.
Config was last written by a newer OpenClaw (2026.6.8); current version is 2026.3.24.
Config was last written by a newer OpenClaw (2026.6.8); current version is 2026.3.24.
Config was last written by a newer OpenClaw (2026.6.8); current version is 2026.3.24.
Config was last written by a newer OpenClaw (2026.6.8); current version is 2026.3.24.
Config was last written by a newer OpenClaw (2026.6.8); current version is 2026.3.24.
Config was last written by a newer OpenClaw (2026.6.8); current version is 2026.3.24.
Config was last written by a newer OpenClaw (2026.6.8); current version is 2026.3.24.
Config was last written by a newer OpenClaw (2026.6.8); current version is 2026.3.24.
Config was last written by a newer OpenClaw (2026.6.8); current version is 2026.3.24.
Config was last written by a newer OpenClaw (2026.6.8); current version is 2026.3.24.
Config was last written by a newer OpenClaw (2026.6.8); current version is 2026.3.24.
Config was last written by a newer OpenClaw (2026.6.8); current version is 2026.3.24.
Config was last written by a newer OpenClaw (2026.6.8); current version is 2026.3.24.
Config was last written by a newer OpenClaw (2026.6.8); current version is 2026.3.24.
Config was last written by a newer OpenClaw (2026.6.8); current version is 2026.3.24.
Config was last written by a newer OpenClaw (2026.6.8); current version is 2026.3.24.
Config was last written by a newer OpenClaw (2026.6.8); current version is 2026.3.24.
Config was last written by a newer OpenClaw (2026.6.8); current version is 2026.3.24.
Config was last written by a newer OpenClaw (2026.6.8); current version is 2026.3.24.
Config was last written by a newer OpenClaw (2026.6.8); current version is 2026.3.24.
Config was last written by a newer OpenClaw (2026.6.8); current version is 2026.3.24.
Config was last written by a newer OpenClaw (2026.6.8); current version is 2026.3.24.
Config was last written by a newer OpenClaw (2026.6.8); current version is 2026.3.24.
Config was last written by a newer OpenClaw (2026.6.8); current version is 2026.3.24.
Config was last written by a newer OpenClaw (2026.6.8); current version is 2026.3.24.
Config was last written by a newer OpenClaw (2026.6.8); current version is 2026.3.24.
Config was last written by a newer OpenClaw (2026.6.8); current version is 2026.3.24.
Config was last written by a newer OpenClaw (2026.6.8); current version is 2026.3.24.
Config was last written by a newer OpenClaw (2026.6.8); current version is 2026.3.24.
Config was last written by a newer OpenClaw (2026.6.8); current version is 2026.3.24.
Config was last written by a newer OpenClaw (2026.6.8); current version is 2026.3.24.
Config was last written by a newer OpenClaw (2026.6.8); current version is 2026.3.24.
Config was last written by a newer OpenClaw (2026.6.8); current version is 2026.3.24.
Config was last written by a newer OpenClaw (2026.6.8); current version is 2026.3.24.
Config was last written by a newer OpenClaw (2026.6.8); current version is 2026.3.24.
Config was last written by a newer OpenClaw (2026.6.8); current version is 2026.3.24.
Config was last written by a newer OpenClaw (2026.6.8); current version is 2026.3.24.
Config was last written by a newer OpenClaw (2026.6.8); current version is 2026.3.24.
Config was last written by a newer OpenClaw (2026.6.8); current version is 2026.3.24.
Config was last written by a newer OpenClaw (2026.6.8); current version is 2026.3.24.
Config was last written by a newer OpenClaw (2026.6.8); current version is 2026.3.24.
Config was last written by a newer OpenClaw (2026.6.8); current version is 2026.3.24.
Config was last written by a newer OpenClaw (2026.6.8); current version is 2026.3.24.
Config was last written by a newer OpenClaw (2026.6.8); current version is 2026.3.24.
Config was last written by a newer OpenClaw (2026.6.8); current version is 2026.3.24.
Config was last written by a newer OpenClaw (2026.6.8); current version is 2026.3.24.
Config was last written by a newer OpenClaw (2026.6.8); current version is 2026.3.24.
Config was last written by a newer OpenClaw (2026.6.8); current version is 2026.3.24.
Config was last written by a newer OpenClaw (2026.6.8); current version is 2026.3.24.
Config was last written by a newer OpenClaw (2026.6.8); current version is 2026.3.24.
Config was last written by a newer OpenClaw (2026.6.8); current version is 2026.3.24.
Config was last written by a newer OpenClaw (2026.6.8); current version is 2026.3.24.
Config was last written by a newer OpenClaw (2026.6.8); current version is 2026.3.24.
Config was last written by a newer OpenClaw (2026.6.8); current version is 2026.3.24.
Config was last written by a newer OpenClaw (2026.6.8); current version is 2026.3.24.
Config was last written by a newer OpenClaw (2026.6.8); current version is 2026.3.24.
Config was last written by a newer OpenClaw (2026.6.8); current version is 2026.3.24.
Config was last written by a newer OpenClaw (2026.6.8); current version is 2026.3.24.
Config was last written by a newer OpenClaw (2026.6.8); current version is 2026.3.24.
Config was last written by a newer OpenClaw (2026.6.8); current version is 2026.3.24.
Config was last written by a newer OpenClaw (2026.6.8); current version is 2026.3.24.
Config was last written by a newer OpenClaw (2026.6.8); current version is 2026.3.24.
Config was last written by a newer OpenClaw (2026.6.8); current version is 2026.3.24.
Config was last written by a newer OpenClaw (2026.6.8); current version is 2026.3.24.
Config was last written by a newer OpenClaw (2026.6.8); current version is 2026.3.24.
Config was last written by a newer OpenClaw (2026.6.8); current version is 2026.3.24.
Config was last written by a newer OpenClaw (2026.6.8); current version is 2026.3.24.
Config was last written by a newer OpenClaw (2026.6.8); current version is 2026.3.24.
Config was last written by a newer OpenClaw (2026.6.8); current version is 2026.3.24.
Config was last written by a newer OpenClaw (2026.6.8); current version is 2026.3.24.
Config was last written by a newer OpenClaw (2026.6.8); current version is 2026.3.24.
Config was last written by a newer OpenClaw (2026.6.8); current version is 2026.3.24.
Config was last written by a newer OpenClaw (2026.6.8); current version is 2026.3.24.
Config was last written by a newer OpenClaw (2026.6.8); current version is 2026.3.24.
Config was last written by a newer OpenClaw (2026.6.8); current version is 2026.3.24.
Config was last written by a newer OpenClaw (2026.6.8); current version is 2026.3.24.
Config was last written by a newer OpenClaw (2026.6.8); current version is 2026.3.24.
Config was last written by a newer OpenClaw (2026.6.8); current version is 2026.3.24.
Config was last written by a newer OpenClaw (2026.6.8); current version is 2026.3.24.
Config was last written by a newer OpenClaw (2026.6.8); current version is 2026.3.24.
Config was last written by a newer OpenClaw (2026.6.8); current version is 2026.3.24.
Config was last written by a newer OpenClaw (2026.6.8); current version is 2026.3.24.
Config was last written by a newer OpenClaw (2026.6.8); current version is 2026.3.24.
Config was last written by a newer OpenClaw (2026.6.8); current version is 2026.3.24.
Config was last written by a newer OpenClaw (2026.6.8); current version is 2026.3.24.
Config was last written by a newer OpenClaw (2026.6.8); current version is 2026.3.24.
Config was last written by a newer OpenClaw (2026.6.8); current version is 2026.3.24.
Config was last written by a newer OpenClaw (2026.6.8); current version is 2026.3.24.
Config was last written by a newer OpenClaw (2026.6.8); current version is 2026.3.24.
Config was last written by a newer OpenClaw (2026.6.8); current version is 2026.3.24.
Config was last written by a newer OpenClaw (2026.6.8); current version is 2026.3.24.
Config was last written by a newer OpenClaw (2026.6.8); current version is 2026.3.24.
Config was last written by a newer OpenClaw (2026.6.8); current version is 2026.3.24.
Config was last written by a newer OpenClaw (2026.6.8); current version is 2026.3.24.
Config was last written by a newer OpenClaw (2026.6.8); current version is 2026.3.24.
Config was last written by a newer OpenClaw (2026.6.8); current version is 2026.3.24.
Config was last written by a newer OpenClaw (2026.6.8); current version is 2026.3.24.
Config was last written by a newer OpenClaw (2026.6.8); current version is 2026.3.24.
Config was last written by a newer OpenClaw (2026.6.8); current version is 2026.3.24.
Config was last written by a newer OpenClaw (2026.6.8); current version is 2026.3.24.
Config was last written by a newer OpenClaw (2026.6.8); current version is 2026.3.24.
Config was last written by a newer OpenClaw (2026.6.8); current version is 2026.3.24.
Config was last written by a newer OpenClaw (2026.6.8); current version is 2026.3.24.
Config was last written by a newer OpenClaw (2026.6.8); current version is 2026.3.24.
Config was last written by a newer OpenClaw (2026.6.8); current version is 2026.3.24.
Config was last written by a newer OpenClaw (2026.6.8); current version is 2026.3.24.
Config was last written by a newer OpenClaw (2026.6.8); current version is 2026.3.24.
Config was last written by a newer OpenClaw (2026.6.8); current version is 2026.3.24.
Config was last written by a newer OpenClaw (2026.6.8); current version is 2026.3.24.
Config was last written by a newer OpenClaw (2026.6.8); current version is 2026.3.24.
Config was last written by a newer OpenClaw (2026.6.8); current version is 2026.3.24.
Config was last written by a newer OpenClaw (2026.6.8); current version is 2026.3.24.
Config was last written by a newer OpenClaw (2026.6.8); current version is 2026.3.24.
Config was last written by a newer OpenClaw (2026.6.8); current version is 2026.3.24.
Config was last written by a newer OpenClaw (2026.6.8); current version is 2026.3.24.
Config was last written by a newer OpenClaw (2026.6.8); current version is 2026.3.24.
Config was last written by a newer OpenClaw (2026.6.8); current version is 2026.3.24.
Config was last written by a newer OpenClaw (2026.6.8); current version is 2026.3.24.
Config was last written by a newer OpenClaw (2026.6.8); current version is 2026.3.24.
Config was last written by a newer OpenClaw (2026.6.8); current version is 2026.3.24.
Config was last written by a newer OpenClaw (2026.6.8); current version is 2026.3.24.
Config was last written by a newer OpenClaw (2026.6.8); current version is 2026.3.24.
Config was last written by a newer OpenClaw (2026.6.8); current version is 2026.3.24.
Config was last written by a newer OpenClaw (2026.6.8); current version is 2026.3.24.
Config was last written by a newer OpenClaw (2026.6.8); current version is 2026.3.24.
Config was last written by a newer OpenClaw (2026.6.8); current version is 2026.3.24.
Config was last written by a newer OpenClaw (2026.6.8); current version is 2026.3.24.
Config was last written by a newer OpenClaw (2026.6.8); current version is 2026.3.24.
Config was last written by a newer OpenClaw (2026.6.8); current version is 2026.3.24.
Config was last written by a newer OpenClaw (2026.6.8); current version is 2026.3.24.
Config was last written by a newer OpenClaw (2026.6.8); current version is 2026.3.24.
Config was last written by a newer OpenClaw (2026.6.8); current version is 2026.3.24.
Config was last written by a newer OpenClaw (2026.6.8); current version is 2026.3.24.
Config was last written by a newer OpenClaw (2026.6.8); current version is 2026.3.24.
Config was last written by a newer OpenClaw (2026.6.8); current version is 2026.3.24.
Config was last written by a newer OpenClaw (2026.6.8); current version is 2026.3.24.
Config was last written by a newer OpenClaw (2026.6.8); current version is 2026.3.24.
Config was last written by a newer OpenClaw (2026.6.8); current version is 2026.3.24.
Config was last written by a newer OpenClaw (2026.6.8); current version is 2026.3.24.
Config was last written by a newer OpenClaw (2026.6.8); current version is 2026.3.24.
Config was last written by a newer OpenClaw (2026.6.8); current version is 2026.3.24.
Config was last written by a newer OpenClaw (2026.6.8); current version is 2026.3.24.
Config was last written by a newer OpenClaw (2026.6.8); current version is 2026.3.24.
Config was last written by a newer OpenClaw (2026.6.8); current version is 2026.3.24.
Config was last written by a newer OpenClaw (2026.6.8); current version is 2026.3.24.
Config was last written by a newer OpenClaw (2026.6.8); current version is 2026.3.24.
Config was last written by a newer OpenClaw (2026.6.8); current version is 2026.3.24.
Config was last written by a newer OpenClaw (2026.6.8); current version is 2026.3.24.
Config was last written by a newer OpenClaw (2026.6.8); current version is 2026.3.24.
Config was last written by a newer OpenClaw (2026.6.8); current version is 2026.3.24.
Config was last written by a newer OpenClaw (2026.6.8); current version is 2026.3.24.
Config was last written by a newer OpenClaw (2026.6.8); current version is 2026.3.24.
Config was last written by a newer OpenClaw (2026.6.8); current version is 2026.3.24.
Config was last written by a newer OpenClaw (2026.6.8); current version is 2026.3.24.
Config was last written by a newer OpenClaw (2026.6.8); current version is 2026.3.24.
Config was last written by a newer OpenClaw (2026.6.8); current version is 2026.3.24.
Config was last written by a newer OpenClaw (2026.6.8); current version is 2026.3.24.
Config was last written by a newer OpenClaw (2026.6.8); current version is 2026.3.24.
Config was last written by a newer OpenClaw (2026.6.8); current version is 2026.3.24.
Config was last written by a newer OpenClaw (2026.6.8); current version is 2026.3.24.
Config was last written by a newer OpenClaw (2026.6.8); current version is 2026.3.24.
Config was last written by a newer OpenClaw (2026.6.8); current version is 2026.3.24.
Config was last written by a newer OpenClaw (2026.6.8); current version is 2026.3.24.
Config was last written by a newer OpenClaw (2026.6.8); current version is 2026.3.24.
Config was last written by a newer OpenClaw (2026.6.8); current version is 2026.3.24.
Config was last written by a newer OpenClaw (2026.6.8); current version is 2026.3.24.
Config was last written by a newer OpenClaw (2026.6.8); current version is 2026.3.24.
Config was last written by a newer OpenClaw (2026.6.8); current version is 2026.3.24.
Config was last written by a newer OpenClaw (2026.6.8); current version is 2026.3.24.
Config was last written by a newer OpenClaw (2026.6.8); current version is 2026.3.24.
Config was last written by a newer OpenClaw (2026.6.8); current version is 2026.3.24.
Config was last written by a newer OpenClaw (2026.6.8); current version is 2026.3.24.
Config was last written by a newer OpenClaw (2026.6.8); current version is 2026.3.24.
Config was last written by a newer OpenClaw (2026.6.8); current version is 2026.3.24.
Config was last written by a newer OpenClaw (2026.6.8); current version is 2026.3.24.
Config was last written by a newer OpenClaw (2026.6.8); current version is 2026.3.24.
Config was last written by a newer OpenClaw (2026.6.8); current version is 2026.3.24.
Config was last written by a newer OpenClaw (2026.6.8); current version is 2026.3.24.
Config was last written by a newer OpenClaw (2026.6.8); current version is 2026.3.24.
Config was last written by a newer OpenClaw (2026.6.8); current version is 2026.3.24.
Config was last written by a newer OpenClaw (2026.6.8); current version is 2026.3.24.
Config was last written by a newer OpenClaw (2026.6.8); current version is 2026.3.24.
Config was last written by a newer OpenClaw (2026.6.8); current version is 2026.3.24.
Config was last written by a newer OpenClaw (2026.6.8); current version is 2026.3.24.
Config was last written by a newer OpenClaw (2026.6.8); current version is 2026.3.24.
Config was last written by a newer OpenClaw (2026.6.8); current version is 2026.3.24.
Config was last written by a newer OpenClaw (2026.6.8); current version is 2026.3.24.
Config was last written by a newer OpenClaw (2026.6.8); current version is 2026.3.24.
Config was last written by a newer OpenClaw (2026.6.8); current version is 2026.3.24.
Config was last written by a newer OpenClaw (2026.6.8); current version is 2026.3.24.
Config was last written by a newer OpenClaw (2026.6.8); current version is 2026.3.24.
Config was last written by a newer OpenClaw (2026.6.8); current version is 2026.3.24.
Config was last written by a newer OpenClaw (2026.6.8); current version is 2026.3.24.
Config was last written by a newer OpenClaw (2026.6.8); current version is 2026.3.24.
Config was last written by a newer OpenClaw (2026.6.8); current version is 2026.3.24.
Config was last written by a newer OpenClaw (2026.6.8); current version is 2026.3.24.
Config was last written by a newer OpenClaw (2026.6.8); current version is 2026.3.24.
Config was last written by a newer OpenClaw (2026.6.8); current version is 2026.3.24.
Config was last written by a newer OpenClaw (2026.6.8); current version is 2026.3.24.
Config was last written by a newer OpenClaw (2026.6.8); current version is 2026.3.24.
Config was last written by a newer OpenClaw (2026.6.8); current version is 2026.3.24.
Config was last written by a newer OpenClaw (2026.6.8); current version is 2026.3.24.
Config was last written by a newer OpenClaw (2026.6.8); current version is 2026.3.24.
Config was last written by a newer OpenClaw (2026.6.8); current version is 2026.3.24.
Config was last written by a newer OpenClaw (2026.6.8); current version is 2026.3.24.
Config was last written by a newer OpenClaw (2026.6.8); current version is 2026.3.24.
Config was last written by a newer OpenClaw (2026.6.8); current version is 2026.3.24.
Config was last written by a newer OpenClaw (2026.6.8); current version is 2026.3.24.
Config was last written by a newer OpenClaw (2026.6.8); current version is 2026.3.24.
Config was last written by a newer OpenClaw (2026.6.8); current version is 2026.3.24.
Config was last written by a newer OpenClaw (2026.6.8); current version is 2026.3.24.
Config was last written by a newer OpenClaw (2026.6.8); current version is 2026.3.24.
Config was last written by a newer OpenClaw (2026.6.8); current version is 2026.3.24.
Config was last written by a newer OpenClaw (2026.6.8); current version is 2026.3.24.
Config was last written by a newer OpenClaw (2026.6.8); current version is 2026.3.24.
Config was last written by a newer OpenClaw (2026.6.8); current version is 2026.3.24.
Config was last written by a newer OpenClaw (2026.6.8); current version is 2026.3.24.
Config was last written by a newer OpenClaw (2026.6.8); current version is 2026.3.24.
Config was last written by a newer OpenClaw (2026.6.8); current version is 2026.3.24.
Config was last written by a newer OpenClaw (2026.6.8); current version is 2026.3.24.
Config was last written by a newer OpenClaw (2026.6.8); current version is 2026.3.24.
Config was last written by a newer OpenClaw (2026.6.8); current version is 2026.3.24.
Config was last written by a newer OpenClaw (2026.6.8); current version is 2026.3.24.
Config was last written by a newer OpenClaw (2026.6.8); current version is 2026.3.24.
Config was last written by a newer OpenClaw (2026.6.8); current version is 2026.3.24.
Config was last written by a newer OpenClaw (2026.6.8); current version is 2026.3.24.
Config was last written by a newer OpenClaw (2026.6.8); current version is 2026.3.24.
Config was last written by a newer OpenClaw (2026.6.8); current version is 2026.3.24.
Config was last written by a newer OpenClaw (2026.6.8); current version is 2026.3.24.
Config was last written by a newer OpenClaw (2026.6.8); current version is 2026.3.24.
Config was last written by a newer OpenClaw (2026.6.8); current version is 2026.3.24.
Config was last written by a newer OpenClaw (2026.6.8); current version is 2026.3.24.
Config was last written by a newer OpenClaw (2026.6.8); current version is 2026.3.24.
Config was last written by a newer OpenClaw (2026.6.8); current version is 2026.3.24.
Config was last written by a newer OpenClaw (2026.6.8); current version is 2026.3.24.
Config was last written by a newer OpenClaw (2026.6.8); current version is 2026.3.24.
Config was last written by a newer OpenClaw (2026.6.8); current version is 2026.3.24.
Config was last written by a newer OpenClaw (2026.6.8); current version is 2026.3.24.
Config was last written by a newer OpenClaw (2026.6.8); current version is 2026.3.24.
Config was last written by a newer OpenClaw (2026.6.8); current version is 2026.3.24.
Config was last written by a newer OpenClaw (2026.6.8); current version is 2026.3.24.
Config was last written by a newer OpenClaw (2026.6.8); current version is 2026.3.24.
Config was last written by a newer OpenClaw (2026.6.8); current version is 2026.3.24.
Config was last written by a newer OpenClaw (2026.6.8); current version is 2026.3.24.
Config was last written by a newer OpenClaw (2026.6.8); current version is 2026.3.24.
Config was last written by a newer OpenClaw (2026.6.8); current version is 2026.3.24.
Config was last written by a newer OpenClaw (2026.6.8); current version is 2026.3.24.
Config was last written by a newer OpenClaw (2026.6.8); current version is 2026.3.24.
Config was last written by a newer OpenClaw (2026.6.8); current version is 2026.3.24.
Config was last written by a newer OpenClaw (2026.6.8); current version is 2026.3.24.
Config was last written by a newer OpenClaw (2026.6.8); current version is 2026.3.24.
Config was last written by a newer OpenClaw (2026.6.8); current version is 2026.3.24.
Config was last written by a newer OpenClaw (2026.6.8); current version is 2026.3.24.
Config was last written by a newer OpenClaw (2026.6.8); current version is 2026.3.24.
Config was last written by a newer OpenClaw (2026.6.8); current version is 2026.3.24.
Config was last written by a newer OpenClaw (2026.6.8); current version is 2026.3.24.
Config was last written by a newer OpenClaw (2026.6.8); current version is 2026.3.24.
Config was last written by a newer OpenClaw (2026.6.8); current version is 2026.3.24.
Config was last written by a newer OpenClaw (2026.6.8); current version is 2026.3.24.
Config was last written by a newer OpenClaw (2026.6.8); current version is 2026.3.24.
Config was last written by a newer OpenClaw (2026.6.8); current version is 2026.3.24.
Config was last written by a newer OpenClaw (2026.6.8); current version is 2026.3.24.
Config was last written by a newer OpenClaw (2026.6.8); current version is 2026.3.24.
Config was last written by a newer OpenClaw (2026.6.8); current version is 2026.3.24.
Config was last written by a newer OpenClaw (2026.6.8); current version is 2026.3.24.
Config was last written by a newer OpenClaw (2026.6.8); current version is 2026.3.24.
Config was last written by a newer OpenClaw (2026.6.8); current version is 2026.3.24.
Config was last written by a newer OpenClaw (2026.6.8); current version is 2026.3.24.
Config was last written by a newer OpenClaw (2026.6.8); current version is 2026.3.24.
Config was last written by a newer OpenClaw (2026.6.8); current version is 2026.3.24.
Config was last written by a newer OpenClaw (2026.6.8); current version is 2026.3.24.
Config was last written by a newer OpenClaw (2026.6.8); current version is 2026.3.24.
Config was last written by a newer OpenClaw (2026.6.8); current version is 2026.3.24.
Config was last written by a newer OpenClaw (2026.6.8); current version is 2026.3.24.
Config was last written by a newer OpenClaw (2026.6.8); current version is 2026.3.24.
Config was last written by a newer OpenClaw (2026.6.8); current version is 2026.3.24.
Config was last written by a newer OpenClaw (2026.6.8); current version is 2026.3.24.
Config was last written by a newer OpenClaw (2026.6.8); current version is 2026.3.24.
Config was last written by a newer OpenClaw (2026.6.8); current version is 2026.3.24.
Config was last written by a newer OpenClaw (2026.6.8); current version is 2026.3.24.
Config was last written by a newer OpenClaw (2026.6.8); current version is 2026.3.24.
Config was last written by a newer OpenClaw (2026.6.8); current version is 2026.3.24.
Config was last written by a newer OpenClaw (2026.6.8); current version is 2026.3.24.
Config was last written by a newer OpenClaw (2026.6.8); current version is 2026.3.24.
Config was last written by a newer OpenClaw (2026.6.8); current version is 2026.3.24.
Config was last written by a newer OpenClaw (2026.6.8); current version is 2026.3.24.
Config was last written by a newer OpenClaw (2026.6.8); current version is 2026.3.24.
Config was last written by a newer OpenClaw (2026.6.8); current version is 2026.3.24.
[tools] tools.profile (coding) allowlist contains unknown entries (apply_patch). These entries are shipped core tools but unavailable in the current runtime/provider/model/config.
[tools] tools.profile (coding) allowlist contains unknown entries (apply_patch). These entries are shipped core tools but unavailable in the current runtime/provider/model/config.
[auto_v3]   [agent running 30s] session: 0 messages
[auto_v3]   [agent running 30s] session: 0 messages
[auto_v3]   [agent running 60s] session: 0 messages
[auto_v3]   [agent running 60s] session: 0 messages
[auto_v3]   [agent running 90s] session: 0 messages
[auto_v3]   [agent running 90s] session: 0 messages
[auto_v3]   [agent running 120s] session: 0 messages
[auto_v3]   [agent running 120s] session: 0 messages
[auto_v3]   [agent running 150s] session: 0 messages
[auto_v3]   [agent running 150s] session: 0 messages
[auto_v3]   [agent running 180s] session: 23 messages
[auto_v3]   [agent running 180s] session: 23 messages
[auto_v3]   [agent running 210s] session: 29 messages
[auto_v3]   [agent running 210s] session: 29 messages
[auto_v3]   [agent running 240s] session: 29 messages
[auto_v3]   [agent running 240s] session: 29 messages
[agent/embedded] embedded run agent end: runId=fix_quantize_365_1785801569 isError=true model=MiniMax-M3 provider=minimax error=terminated rawError=terminated
[agent/embedded] embedded run agent end: runId=fix_quantize_365_1785801569 isError=true model=MiniMax-M3 provider=minimax error=terminated rawError=terminated
[auto_v3]   [agent running 270s] session: 31 messages
[auto_v3]   [agent running 270s] session: 31 messages
[auto_v3]   [agent running 300s] session: 39 messages
[auto_v3]   [agent running 300s] session: 39 messages
[auto_v3]   [agent running 330s] session: 56 messages
[auto_v3]   [agent running 330s] session: 56 messages
[auto_v3]   [agent running 360s] session: 65 messages
[auto_v3]   [agent running 360s] session: 65 messages
[auto_v3]   [agent running 390s] session: 69 messages
[auto_v3]   [agent running 390s] session: 69 messages
[auto_v3]   [agent running 420s] session: 69 messages
[auto_v3]   [agent running 420s] session: 69 messages
[auto_v3]   [agent running 450s] session: 70 messages
[auto_v3]   [agent running 450s] session: 70 messages
[auto_v3]   [agent running 480s] session: 83 messages
[auto_v3]   [agent running 480s] session: 83 messages
[auto_v3]   [agent running 510s] session: 84 messages
[auto_v3]   [agent running 510s] session: 84 messages
[auto_v3]   [agent running 540s] session: 84 messages
[auto_v3]   [agent running 540s] session: 84 messages
[agent/embedded] embedded run agent end: runId=fix_quantize_365_1785801569 isError=true model=MiniMax-M3 provider=minimax error=terminated rawError=terminated
[agent/embedded] embedded run agent end: runId=fix_quantize_365_1785801569 isError=true model=MiniMax-M3 provider=minimax error=terminated rawError=terminated
[auto_v3]   [agent running 570s] session: 85 messages
[auto_v3]   [agent running 570s] session: 85 messages
I'll analyze this error following the mandatory protocol.
I'll analyze this error following the mandatory protocol.
Let me look at the preflight script to understand what deps are checked.
Let me look at the preflight script to understand what deps are checked.
Now I have a complete diagnosis. Let me print the protocol block.

```
COMPONENT: environment
ERROR_CLASS: missing_image_processor_deps
ROOT_CAUSE_HYPOTHESIS: AutoRound MLLM mode routed the Qwen3.5-MoE vision-language model through AutoProcessor.from_pretrained, which tries to load Qwen2VLImageProcessorPil or Qwen2VLImageProcessor; neither imports because Pillow AND torchvision are missing from the venv. The model IS multimodal (vision_config + text_config present in config.json, architecture Qwen3_5MoeForConditionalGeneration) but it has a text-generation backbone (Qwen3.5 MoE) that AutoRound CAN quantize, so this is a missing-dep issue, not an unsupported model.
EVIDENCE_CMD: /root/.venv/bin/python -c "import torchvision; print(torchvision.__version__)" 2>&1; /root/.venv/bin/python -c "import PIL; print(PIL.__version__)" 2>&1
EVIDENCE_RESULT: "ModuleNotFoundError: No module named 'torchvision'" / "ModuleNotFoundError: No module named 'PIL'"; torch is fine (2.13.0+cu130, cuda=True). IMAGE_PROCESSOR_MAPPING_NAMES['qwen3_5_moe']={'pil':'Qwen2VLImageProcessorPil','torchvision':'Qwen2VLImageProcessor'} confirms both classes are resolved.
VERDICT: FIXABLE
UNFIXABLE_REASON: n/a
FIX_TIER: config (install missing Pillow; torchvision not strictly required because Qwen2VLImageProcessorPil can use the PIL backend)
FIX_PLAN:
  1. pip install Pillow (PIL backend handles Qwen2VLImageProcessorPil — avoids the torchvision wheel/cu130 matrix problem).
  2. If PIL alone isn't enough on this transformers version, fall back to also installing a torchvision wheel matched to torch 2.13.0+cu130 from the cu130 index.
  3. Verify AutoProcessor.from_pretrained for XYZAILab/XYZ-Aquila-mini now succeeds, then re-run quantize.
SMOKE_TEST: /root/.venv/bin/python -c "
from transformers import AutoProcessor
p = AutoProcessor.from_pretrained('XYZAILab/XYZ-Aquila-mini', trust_remote_code=True)
print('Processor loaded:', type(p).__name__)
print('Has image_processor:', p.image_processor is not None)
print('Image processor class:', type(p.image_processor).__name__)
"
```

Now let me apply the fix. I'll start with just Pillow since the PIL backend is preferred (avoids needing a torchvision wheel matched to torch 2.13.0+cu130).
Now I have a complete diagnosis. Let me print the protocol block.

```
COMPONENT: environment
ERROR_CLASS: missing_image_processor_deps
ROOT_CAUSE_HYPOTHESIS: AutoRound MLLM mode routed the Qwen3.5-MoE vision-language model through AutoProcessor.from_pretrained, which tries to load Qwen2VLImageProcessorPil or Qwen2VLImageProcessor; neither imports because Pillow AND torchvision are missing from the venv. The model IS multimodal (vision_config + text_config present in config.json, architecture Qwen3_5MoeForConditionalGeneration) but it has a text-generation backbone (Qwen3.5 MoE) that AutoRound CAN quantize, so this is a missing-dep issue, not an unsupported model.
EVIDENCE_CMD: /root/.venv/bin/python -c "import torchvision; print(torchvision.__version__)" 2>&1; /root/.venv/bin/python -c "import PIL; print(PIL.__version__)" 2>&1
EVIDENCE_RESULT: "ModuleNotFoundError: No module named 'torchvision'" / "ModuleNotFoundError: No module named 'PIL'"; torch is fine (2.13.0+cu130, cuda=True). IMAGE_PROCESSOR_MAPPING_NAMES['qwen3_5_moe']={'pil':'Qwen2VLImageProcessorPil','torchvision':'Qwen2VLImageProcessor'} confirms both classes are resolved.
VERDICT: FIXABLE
UNFIXABLE_REASON: n/a
FIX_TIER: config (install missing Pillow; torchvision not strictly required because Qwen2VLImageProcessorPil can use the PIL backend)
FIX_PLAN:
  1. pip install Pillow (PIL backend handles Qwen2VLImageProcessorPil — avoids the torchvision wheel/cu130 matrix problem).
  2. If PIL alone isn't enough on this transformers version, fall back to also installing a torchvision wheel matched to torch 2.13.0+cu130 from the cu130 index.
  3. Verify AutoProcessor.from_pretrained for XYZAILab/XYZ-Aquila-mini now succeeds, then re-run quantize.
SMOKE_TEST: /root/.venv/bin/python -c "
from transformers import AutoProcessor
p = AutoProcessor.from_pretrained('XYZAILab/XYZ-Aquila-mini', trust_remote_code=True)
print('Processor loaded:', type(p).__name__)
print('Has image_processor:', p.image_processor is not None)
print('Image processor class:', type(p.image_processor).__name__)
"
```

Now let me apply the fix. I'll start with just Pillow since the PIL backend is preferred (avoids needing a torchvision wheel matched to torch 2.13.0+cu130).
Now let me run the smoke test:
Now let me run the smoke test:
Pillow alone isn't enough — the Qwen3VLVideoProcessor also requires torchvision. Let me install a matching torchvision wheel for torch 2.13.0+cu130.
Pillow alone isn't enough — the Qwen3VLVideoProcessor also requires torchvision. Let me install a matching torchvision wheel for torch 2.13.0+cu130.
CUDA still works. Now let me re-run the smoke test:
CUDA still works. Now let me re-run the smoke test:
Smoke test passed. Now let me verify the full AutoRound MLLM load chain that originally failed:
Smoke test passed. Now let me verify the full AutoRound MLLM load chain that originally failed:
Smoke test passed: the full `mllm_load_model` chain works, loading `Qwen3_5MoeForConditionalGeneration` + `Qwen3VLProcessor` + `Qwen2VLImageProcessor` successfully. CUDA still works.

Let me also confirm there's no other downstream dependency that needs attention, and check what the agent_fixes dir expects:
Smoke test passed: the full `mllm_load_model` chain works, loading `Qwen3_5MoeForConditionalGeneration` + `Qwen3VLProcessor` + `Qwen2VLImageProcessor` successfully. CUDA still works.

Let me also confirm there's no other downstream dependency that needs attention, and check what the agent_fixes dir expects:
Good. Now let me also make sure the preflight check will catch this in the future (optional improvement) — and write the result to the attempt log so the orchestrator sees the fix:
Good. Now let me also make sure the preflight check will catch this in the future (optional improvement) — and write the result to the attempt log so the orchestrator sees the fix:
Let me do a final CUDA verification and confirm the complete state:
Let me do a final CUDA verification and confirm the complete state:
Fix complete. Summary:

```
COMPONENT: environment
ERROR_CLASS: missing_image_processor_deps
ROOT_CAUSE_HYPOTHESIS: AutoRound MLLM mode routed XYZ-Aquila-mini (Qwen3_5MoeForConditionalGeneration, has vision_config + text_config) through AutoProcessor.from_pretrained, which needed Qwen2VLImageProcessor(Qwen3VLVideoProcessor) — but Pillow AND torchvision were not installed in the venv.
EVIDENCE_CMD: /root/.venv/bin/python -c "import torchvision, PIL"
EVIDENCE_RESULT: Both failed with ModuleNotFoundError; torch/torchvision now 0.28.0+cu130 / Pillow 12.3.0; CUDA still works.
VERDICT: FIXABLE
FIX_TIER: config (install missing Pillow + torchvision; Pillow alone was insufficient because Qwen3VLVideoProcessor hard-requires torchvision, not just Pillow)
FIX_PLAN: (1) uv pip install Pillow → not enough (Qwen3VLVideoProcessor also hard-requires torchvision). (2) uv pip install torchvision --index-url https://download.pytorch.org/whl/cu130 → 0.28.0+cu130 wheel installed, matches torch 2.13.0+cu130, CUDA preserved. After both installs AutoProcessor.from_pretrained loads Qwen3VLProcessor + Qwen2VLImageProcessor + Qwen3VLVideoProcessor successfully and mllm_load_model returns the full Qwen3_5MoeForConditionalGeneration model ready for AutoRound.
SMOKE_TEST: /root/.venv/bin/python -c "from auto_round.utils.model import mllm_load_model; m,t,p,ip = mllm_load_model('XYZAILab/XYZ-Aquila-mini', torch_dtype='bfloat16', trust_remote_code=True); print(type(m).__name__, type(p).__name__, type(t).__name__, type(ip).__name__)" → "Qwen3_5MoeForConditionalGeneration Qwen3VLProcessor Qwen2Tokenizer Qwen2VLImageProcessor" (and `assert torch.cuda.is_available()` passes, GPU tensor creation on cuda:0 succeeds).
```

**What was changed in the env:** Pillow 12.3.0 + torchvision 0.28.0+cu130 installed via `uv pip`. No source code edits, no torch reinstall (kept CUDA working). The preflight_deps.py KNOWN_DEPS table doesn't cover `qwen3_5_moe` / `qwen3_vl` / `qwen2
Fix complete. Summary:

```
COMPONENT: environment
ERROR_CLASS: missing_image_processor_deps
ROOT_CAUSE_HYPOTHESIS: AutoRound MLLM mode routed XYZ-Aquila-mini (Qwen3_5MoeForConditionalGeneration, has vision_config + text_config) through AutoProcessor.from_pretrained, which needed Qwen2VLImageProcessor(Qwen3VLVideoProcessor) — but Pillow AND torchvision were not installed in the venv.
EVIDENCE_CMD: /root/.venv/bin/python -c "import torchvision, PIL"
EVIDENCE_RESULT: Both failed with ModuleNotFoundError; torch/torchvision now 0.28.0+cu130 / Pillow 12.3.0; CUDA still works.
VERDICT: FIXABLE
FIX_TIER: config (install missing Pillow + torchvision; Pillow alone was insufficient because Qwen3VLVideoProcessor hard-requires torchvision, not just Pillow)
FIX_PLAN: (1) uv pip install Pillow → not enough (Qwen3VLVideoProcessor also hard-requires torchvision). (2) uv pip install torchvision --index-url https://download.pytorch.org/whl/cu130 → 0.28.0+cu130 wheel installed, matches torch 2.13.0+cu130, CUDA preserved. After both installs AutoProcessor.from_pretrained loads Qwen3VLProcessor + Qwen2VLImageProcessor + Qwen3VLVideoProcessor successfully and mllm_load_model returns the full Qwen3_5MoeForConditionalGeneration model ready for AutoRound.
SMOKE_TEST: /root/.venv/bin/python -c "from auto_round.utils.model import mllm_load_model; m,t,p,ip = mllm_load_model('XYZAILab/XYZ-Aquila-mini', torch_dtype='bfloat16', trust_remote_code=True); print(type(m).__name__, type(p).__name__, type(t).__name__, type(ip).__name__)" → "Qwen3_5MoeForConditionalGeneration Qwen3VLProcessor Qwen2Tokenizer Qwen2VLImageProcessor" (and `assert torch.cuda.is_available()` passes, GPU tensor creation on cuda:0 succeeds).
```

**What was changed in the env:** Pillow 12.3.0 + torchvision 0.28.0+cu130 installed via `uv pip`. No source code edits, no torch reinstall (kept CUDA working). The preflight_deps.py KNOWN_DEPS table doesn't cover `qwen3_5_moe` / `qwen3_vl` / `qwen2
## Summary

**Protocol block:**

```
COMPONENT: environment
ERROR_CLASS: missing_image_processor_deps
ROOT_CAUSE_HYPOTHESIS: AutoRound MLLM mode routed XYZ-Aquila-mini (Qwen3_5MoeForConditionalGeneration, vision+text) through AutoProcessor.from_pretrained, which resolves qwen3_5_moe → {pil: Qwen2VLImageProcessorPil, torchvision: Qwen2VLImageProcessor}; both fail because Pillow AND torchvision are absent from the venv. Model HAS a text-generation backbone (Qwen3.5 MoE), so this is a missing-dep issue, not an unsupported architecture.
EVIDENCE_CMD: /root/.venv/bin/python -c "import torchvision, PIL" 2>&1
EVIDENCE_RESULT: ModuleNotFoundError: No module named 'torchvision' / 'No module named 'PIL'
VERDICT: FIXABLE
UNFIXABLE_REASON: n/a
FIX_TIER: config (install missing optional image-processor deps)
FIX_PLAN:
  1. uv pip install Pillow (PIL backend for Qwen2VLImageProcessorPil)
  2. uv pip install torchvision --index-url https://download.pytorch.org/whl/cu130 (matches torch 2.13.0+cu130; needed by Qwen3VLVideoProcessor)
  3. Both installs preserve CUDA (torch untouched, cu130 wheel). Confirmed GPU still works.
SMOKE_TEST: /root/.venv/bin/python -c "from auto_round.utils.model import mllm_load_model; m,t,p,ip = mllm_load_model('XYZAILab/XYZ-Aquila-mini', torch_dtype='bfloat16', trust_remote_code=True); print(type(m).__name__, type(p).__name__, type(ip).__name__)"
  → Qwen3_5MoeForConditionalGeneration Qwen3VLProcessor Qwen2VLImageProcessor (exit 0)
```

**What was wrong:** the traceback bottom-lines at `transformers/models/auto/image_processing_auto.py` — the `qwen3_5_moe` model_type resolves to `Qwen2VLImageProcessorPil` and `Qwen2VLImageProcessor`, and transformers' lazy-import machinery couldn't load either because `Pillow` and `torchvision` were never installed in the venv. AutoRound's preflight (`phases/preflight_deps.py`) doesn't have a rule for vision-language models, so it missed this on attempt 1.

**What I changed (no source code touched):**
- `uv pip install Pillow` → `pillow==12.3.0`
- `uv pip install torchvision --index-url https://download.pytorch.org/whl/cu130` → `torchvision==0.28.0+cu130` (matches the existing torch 2.13.0+cu130 wheel — preserves CUDA)
- `torch`, `auto-round`, `transformers` untouched

**Post-fix state:**
- CUDA: still `True`, GPU tensor allocation works
- `auto_round.utils.model.mllm_load_model('XYZAILab/XYZ-Aquila-mini', torch_dtype='bfloat16', trust_remote_code=True)` now returns the full 4-tuple: model `Qwen3_5MoeForConditionalGeneration`, processor `Qwen3VLProcessor`, tokenizer `Qwen2Tokenizer`, image_processor `Qwen2VLImageProcessor` — this is the exact code path the original traceback was failing on.

Ready for the re-run.
## Summary

**Protocol block:**

```
COMPONENT: environment
ERROR_CLASS: missing_image_processor_deps
ROOT_CAUSE_HYPOTHESIS: AutoRound MLLM mode routed XYZ-Aquila-mini (Qwen3_5MoeForConditionalGeneration, vision+text) through AutoProcessor.from_pretrained, which resolves qwen3_5_moe → {pil: Qwen2VLImageProcessorPil, torchvision: Qwen2VLImageProcessor}; both fail because Pillow AND torchvision are absent from the venv. Model HAS a text-generation backbone (Qwen3.5 MoE), so this is a missing-dep issue, not an unsupported architecture.
EVIDENCE_CMD: /root/.venv/bin/python -c "import torchvision, PIL" 2>&1
EVIDENCE_RESULT: ModuleNotFoundError: No module named 'torchvision' / 'No module named 'PIL'
VERDICT: FIXABLE
UNFIXABLE_REASON: n/a
FIX_TIER: config (install missing optional image-processor deps)
FIX_PLAN:
  1. uv pip install Pillow (PIL backend for Qwen2VLImageProcessorPil)
  2. uv pip install torchvision --index-url https://download.pytorch.org/whl/cu130 (matches torch 2.13.0+cu130; needed by Qwen3VLVideoProcessor)
  3. Both installs preserve CUDA (torch untouched, cu130 wheel). Confirmed GPU still works.
SMOKE_TEST: /root/.venv/bin/python -c "from auto_round.utils.model import mllm_load_model; m,t,p,ip = mllm_load_model('XYZAILab/XYZ-Aquila-mini', torch_dtype='bfloat16', trust_remote_code=True); print(type(m).__name__, type(p).__name__, type(ip).__name__)"
  → Qwen3_5MoeForConditionalGeneration Qwen3VLProcessor Qwen2VLImageProcessor (exit 0)
```

**What was wrong:** the traceback bottom-lines at `transformers/models/auto/image_processing_auto.py` — the `qwen3_5_moe` model_type resolves to `Qwen2VLImageProcessorPil` and `Qwen2VLImageProcessor`, and transformers' lazy-import machinery couldn't load either because `Pillow` and `torchvision` were never installed in the venv. AutoRound's preflight (`phases/preflight_deps.py`) doesn't have a rule for vision-language models, so it missed this on attempt 1.

**What I changed (no source code touched):**
- `uv pip install Pillow` → `pillow==12.3.0`
- `uv pip install torchvision --index-url https://download.pytorch.org/whl/cu130` → `torchvision==0.28.0+cu130` (matches the existing torch 2.13.0+cu130 wheel — preserves CUDA)
- `torch`, `auto-round`, `transformers` untouched

**Post-fix state:**
- CUDA: still `True`, GPU tensor allocation works
- `auto_round.utils.model.mllm_load_model('XYZAILab/XYZ-Aquila-mini', torch_dtype='bfloat16', trust_remote_code=True)` now returns the full 4-tuple: model `Qwen3_5MoeForConditionalGeneration`, processor `Qwen3VLProcessor`, tokenizer `Qwen2Tokenizer`, image_processor `Qwen2VLImageProcessor` — this is the exact code path the original traceback was failing on.

Ready for the re-run.
[auto_v3]   Agent session complete: 82 messages, 0
0 tool calls
[auto_v3]   Agent session complete: 82 messages, 0
0 tool calls
[auto_v3] Effective error class: missing_image_processor_deps (agent='missing_image_processor_deps', taxonomy='multimodal_unsupported')
[auto_v3] Effective error class: missing_image_processor_deps (agent='missing_image_processor_deps', taxonomy='multimodal_unsupported')
[auto_v3] Re-running quantize after agent fix...
[auto_v3] Re-running quantize after agent fix...
=== Phase 2: Quantization ===
  model=XYZAILab/XYZ-Aquila-mini
=== Phase 2: Quantization ===
  model=XYZAILab/XYZ-Aquila-mini
  scheme=W4A16
  iters=200
  export_format=auto_round
  model_free=false
  ignore_layers=<default>
  layer_config=<none>
  output_dir=/root/_work/1/s/auto_quant/output/runs/XYZ-Aquila-mini-AutoRound-W4A16-Tuning/quantized_model
  scheme=W4A16
  iters=200
  export_format=auto_round
  model_free=false
  ignore_layers=<default>
  layer_config=<none>
  output_dir=/root/_work/1/s/auto_quant/output/runs/XYZ-Aquila-mini-AutoRound-W4A16-Tuning/quantized_model
00:11:34 [INFO] Quantization compute device: cuda:0 (device_map=0)
00:11:34 [INFO] Quantization compute device: cuda:0 (device_map=0)
00:11:34 [INFO] GPU0 free VRAM: 94.4GB / 95.0GB (min required: 2.0GB)
00:11:34 [INFO] Model: XYZAILab/XYZ-Aquila-mini
00:11:34 [INFO] Scheme: W4A16 → AutoRound scheme='W4A16'
00:11:34 [INFO] Iters: 200 (TUNING)
00:11:34 [INFO] Export format: auto_round
00:11:34 [INFO] Output: /root/_work/1/s/auto_quant/output/runs/XYZ-Aquila-mini-AutoRound-W4A16-Tuning/quantized_model
00:11:34 [INFO] Device map: auto → effective: 0
00:11:34 [INFO] Loading tokenizer...
00:11:34 [INFO] GPU0 free VRAM: 94.4GB / 95.0GB (min required: 2.0GB)
00:11:34 [INFO] Model: XYZAILab/XYZ-Aquila-mini
00:11:34 [INFO] Scheme: W4A16 → AutoRound scheme='W4A16'
00:11:34 [INFO] Iters: 200 (TUNING)
00:11:34 [INFO] Export format: auto_round
00:11:34 [INFO] Output: /root/_work/1/s/auto_quant/output/runs/XYZ-Aquila-mini-AutoRound-W4A16-Tuning/quantized_model
00:11:34 [INFO] Device map: auto → effective: 0
00:11:34 [INFO] Loading tokenizer...
00:11:34 [INFO] HTTP Request: HEAD https://huggingface.co/XYZAILab/XYZ-Aquila-mini/resolve/main/config.json "HTTP/1.1 307 Temporary Redirect"
00:11:34 [INFO] HTTP Request: HEAD https://huggingface.co/XYZAILab/XYZ-Aquila-mini/resolve/main/config.json "HTTP/1.1 307 Temporary Redirect"
00:11:34 [INFO] HTTP Request: HEAD https://huggingface.co/api/resolve-cache/models/XYZAILab/XYZ-Aquila-mini/c70d151a710715886f013423d2a9ffbcba754858/config.json "HTTP/1.1 200 OK"
00:11:34 [INFO] HTTP Request: HEAD https://huggingface.co/api/resolve-cache/models/XYZAILab/XYZ-Aquila-mini/c70d151a710715886f013423d2a9ffbcba754858/config.json "HTTP/1.1 200 OK"
00:11:34 [INFO] HTTP Request: HEAD https://huggingface.co/XYZAILab/XYZ-Aquila-mini/resolve/main/tokenizer_config.json "HTTP/1.1 307 Temporary Redirect"
00:11:34 [INFO] HTTP Request: HEAD https://huggingface.co/XYZAILab/XYZ-Aquila-mini/resolve/main/tokenizer_config.json "HTTP/1.1 307 Temporary Redirect"
00:11:34 [INFO] HTTP Request: HEAD https://huggingface.co/api/resolve-cache/models/XYZAILab/XYZ-Aquila-mini/c70d151a710715886f013423d2a9ffbcba754858/tokenizer_config.json "HTTP/1.1 200 OK"
00:11:34 [INFO] HTTP Request: HEAD https://huggingface.co/api/resolve-cache/models/XYZAILab/XYZ-Aquila-mini/c70d151a710715886f013423d2a9ffbcba754858/tokenizer_config.json "HTTP/1.1 200 OK"
00:11:34 [INFO] HTTP Request: HEAD https://huggingface.co/XYZAILab/XYZ-Aquila-mini/resolve/main/tokenizer_config.json "HTTP/1.1 307 Temporary Redirect"
00:11:34 [INFO] HTTP Request: HEAD https://huggingface.co/XYZAILab/XYZ-Aquila-mini/resolve/main/tokenizer_config.json "HTTP/1.1 307 Temporary Redirect"
00:11:34 [INFO] HTTP Request: HEAD https://huggingface.co/api/resolve-cache/models/XYZAILab/XYZ-Aquila-mini/c70d151a710715886f013423d2a9ffbcba754858/tokenizer_config.json "HTTP/1.1 200 OK"
00:11:34 [INFO] HTTP Request: HEAD https://huggingface.co/api/resolve-cache/models/XYZAILab/XYZ-Aquila-mini/c70d151a710715886f013423d2a9ffbcba754858/tokenizer_config.json "HTTP/1.1 200 OK"
00:11:34 [INFO] HTTP Request: GET https://huggingface.co/api/models/XYZAILab/XYZ-Aquila-mini/tree/main/additional_chat_templates?recursive=false&expand=false "HTTP/1.1 404 Not Found"
00:11:34 [INFO] HTTP Request: GET https://huggingface.co/api/models/XYZAILab/XYZ-Aquila-mini/tree/main/additional_chat_templates?recursive=false&expand=false "HTTP/1.1 404 Not Found"
00:11:34 [INFO] HTTP Request: GET https://huggingface.co/api/models/XYZAILab/XYZ-Aquila-mini/tree/main?recursive=true&expand=false "HTTP/1.1 200 OK"
00:11:34 [INFO] HTTP Request: GET https://huggingface.co/api/models/XYZAILab/XYZ-Aquila-mini/tree/main?recursive=true&expand=false "HTTP/1.1 200 OK"
00:11:35 [INFO] HTTP Request: GET https://huggingface.co/api/models/XYZAILab/XYZ-Aquila-mini "HTTP/1.1 200 OK"
00:11:35 [INFO] HTTP Request: GET https://huggingface.co/api/models/XYZAILab/XYZ-Aquila-mini "HTTP/1.1 200 OK"
00:11:35 [INFO] Loading model...
00:11:35 [INFO] Loading model...
00:11:35 [INFO] HTTP Request: HEAD https://huggingface.co/XYZAILab/XYZ-Aquila-mini/resolve/main/config.json "HTTP/1.1 307 Temporary Redirect"
00:11:35 [INFO] HTTP Request: HEAD https://huggingface.co/XYZAILab/XYZ-Aquila-mini/resolve/main/config.json "HTTP/1.1 307 Temporary Redirect"
00:11:35 [INFO] HTTP Request: HEAD https://huggingface.co/api/resolve-cache/models/XYZAILab/XYZ-Aquila-mini/c70d151a710715886f013423d2a9ffbcba754858/config.json "HTTP/1.1 200 OK"
00:11:35 [INFO] HTTP Request: HEAD https://huggingface.co/api/resolve-cache/models/XYZAILab/XYZ-Aquila-mini/c70d151a710715886f013423d2a9ffbcba754858/config.json "HTTP/1.1 200 OK"
00:11:36 [INFO] HTTP Request: HEAD https://huggingface.co/XYZAILab/XYZ-Aquila-mini/resolve/main/model.safetensors "HTTP/1.1 404 Not Found"
00:11:36 [INFO] HTTP Request: HEAD https://huggingface.co/XYZAILab/XYZ-Aquila-mini/resolve/main/model.safetensors "HTTP/1.1 404 Not Found"
00:11:36 [INFO] HTTP Request: HEAD https://huggingface.co/XYZAILab/XYZ-Aquila-mini/resolve/main/model.safetensors.index.json "HTTP/1.1 307 Temporary Redirect"
00:11:36 [INFO] HTTP Request: HEAD https://huggingface.co/XYZAILab/XYZ-Aquila-mini/resolve/main/model.safetensors.index.json "HTTP/1.1 307 Temporary Redirect"
00:11:36 [INFO] HTTP Request: HEAD https://huggingface.co/api/resolve-cache/models/XYZAILab/XYZ-Aquila-mini/c70d151a710715886f013423d2a9ffbcba754858/model.safetensors.index.json "HTTP/1.1 200 OK"
00:11:36 [INFO] HTTP Request: HEAD https://huggingface.co/api/resolve-cache/models/XYZAILab/XYZ-Aquila-mini/c70d151a710715886f013423d2a9ffbcba754858/model.safetensors.index.json "HTTP/1.1 200 OK"
00:11:36 [INFO] HTTP Request: GET https://huggingface.co/api/models/XYZAILab/XYZ-Aquila-mini/revision/main "HTTP/1.1 200 OK"
00:11:36 [INFO] HTTP Request: GET https://huggingface.co/api/models/XYZAILab/XYZ-Aquila-mini/revision/main "HTTP/1.1 200 OK"
[transformers] The fast path is not available because one of the required library is not installed. Falling back to torch implementation. To install follow https://github.com/fla-org/flash-linear-attention#installation and https://github.com/Dao-AILab/causal-conv1d
[transformers] The fast path is not available because one of the required library is not installed. Falling back to torch implementation. To install follow https://github.com/fla-org/flash-linear-attention#installation and https://github.com/Dao-AILab/causal-conv1d
00:11:43 [INFO] HTTP Request: HEAD https://huggingface.co/XYZAILab/XYZ-Aquila-mini/resolve/main/generation_config.json "HTTP/1.1 404 Not Found"
00:11:43 [INFO] HTTP Request: HEAD https://huggingface.co/XYZAILab/XYZ-Aquila-mini/resolve/main/generation_config.json "HTTP/1.1 404 Not Found"
00:11:43 [INFO] HTTP Request: HEAD https://huggingface.co/XYZAILab/XYZ-Aquila-mini/resolve/main/config.json "HTTP/1.1 307 Temporary Redirect"
00:11:43 [INFO] HTTP Request: HEAD https://huggingface.co/XYZAILab/XYZ-Aquila-mini/resolve/main/config.json "HTTP/1.1 307 Temporary Redirect"
00:11:43 [INFO] HTTP Request: HEAD https://huggingface.co/api/resolve-cache/models/XYZAILab/XYZ-Aquila-mini/c70d151a710715886f013423d2a9ffbcba754858/config.json "HTTP/1.1 200 OK"
00:11:43 [INFO] HTTP Request: HEAD https://huggingface.co/api/resolve-cache/models/XYZAILab/XYZ-Aquila-mini/c70d151a710715886f013423d2a9ffbcba754858/config.json "HTTP/1.1 200 OK"
00:11:43 [INFO] HTTP Request: HEAD https://huggingface.co/XYZAILab/XYZ-Aquila-mini/resolve/main/custom_generate/generate.py "HTTP/1.1 404 Not Found"
00:11:43 [INFO] HTTP Request: HEAD https://huggingface.co/XYZAILab/XYZ-Aquila-mini/resolve/main/custom_generate/generate.py "HTTP/1.1 404 Not Found"
00:11:43 [INFO] Architecture: Qwen3_5MoeForCausalLM (model_type=qwen3_5_moe_text, moe=True)
00:11:43 [INFO] Ignore layers (default): lm_head
00:11:43 [INFO] Configuring AutoRound...
00:11:43 [INFO] Architecture: Qwen3_5MoeForCausalLM (model_type=qwen3_5_moe_text, moe=True)
00:11:43 [INFO] Ignore layers (default): lm_head
00:11:43 [INFO] Configuring AutoRound...
[38;20m2026-08-04 00:11:43 INFO entry.py L745: Using MLLM mode for multimodal model.[0m
[38;20m2026-08-04 00:11:43 INFO entry.py L745: Using MLLM mode for multimodal model.[0m
00:11:43 [INFO] HTTP Request: HEAD https://huggingface.co/XYZAILab/XYZ-Aquila-mini/resolve/main/config.json "HTTP/1.1 307 Temporary Redirect"
00:11:43 [INFO] HTTP Request: HEAD https://huggingface.co/XYZAILab/XYZ-Aquila-mini/resolve/main/config.json "HTTP/1.1 307 Temporary Redirect"
00:11:43 [INFO] HTTP Request: HEAD https://huggingface.co/api/resolve-cache/models/XYZAILab/XYZ-Aquila-mini/c70d151a710715886f013423d2a9ffbcba754858/config.json "HTTP/1.1 200 OK"
00:11:43 [INFO] HTTP Request: HEAD https://huggingface.co/api/resolve-cache/models/XYZAILab/XYZ-Aquila-mini/c70d151a710715886f013423d2a9ffbcba754858/config.json "HTTP/1.1 200 OK"
00:11:43 [INFO] HTTP Request: HEAD https://huggingface.co/XYZAILab/XYZ-Aquila-mini/resolve/main/model_index.json "HTTP/1.1 404 Not Found"
00:11:43 [INFO] HTTP Request: HEAD https://huggingface.co/XYZAILab/XYZ-Aquila-mini/resolve/main/model_index.json "HTTP/1.1 404 Not Found"
404 Client Error. (Request ID: Root=1-6a712e3f-722ebb18017667441626c7dc;a3ca92ad-8135-4a91-ae13-d5268cc8488a)

Entry Not Found for url: https://huggingface.co/XYZAILab/XYZ-Aquila-mini/resolve/main/model_index.json.
404 Client Error. (Request ID: Root=1-6a712e3f-722ebb18017667441626c7dc;a3ca92ad-8135-4a91-ae13-d5268cc8488a)

Entry Not Found for url: https://huggingface.co/XYZAILab/XYZ-Aquila-mini/resolve/main/model_index.json.
00:11:43 [INFO] HTTP Request: HEAD https://huggingface.co/XYZAILab/XYZ-Aquila-mini/resolve/main/config.json "HTTP/1.1 307 Temporary Redirect"
00:11:43 [INFO] HTTP Request: HEAD https://huggingface.co/XYZAILab/XYZ-Aquila-mini/resolve/main/config.json "HTTP/1.1 307 Temporary Redirect"
00:11:43 [INFO] HTTP Request: HEAD https://huggingface.co/api/resolve-cache/models/XYZAILab/XYZ-Aquila-mini/c70d151a710715886f013423d2a9ffbcba754858/config.json "HTTP/1.1 200 OK"
00:11:43 [INFO] HTTP Request: HEAD https://huggingface.co/api/resolve-cache/models/XYZAILab/XYZ-Aquila-mini/c70d151a710715886f013423d2a9ffbcba754858/config.json "HTTP/1.1 200 OK"
00:11:43 [INFO] HTTP Request: GET https://huggingface.co/api/models/XYZAILab/XYZ-Aquila-mini/tree/main?recursive=true&expand=false "HTTP/1.1 200 OK"
00:11:43 [INFO] HTTP Request: GET https://huggingface.co/api/models/XYZAILab/XYZ-Aquila-mini/tree/main?recursive=true&expand=false "HTTP/1.1 200 OK"
00:11:43 [INFO] HTTP Request: HEAD https://huggingface.co/XYZAILab/XYZ-Aquila-mini/resolve/main/config.json "HTTP/1.1 307 Temporary Redirect"
00:11:43 [INFO] HTTP Request: HEAD https://huggingface.co/XYZAILab/XYZ-Aquila-mini/resolve/main/config.json "HTTP/1.1 307 Temporary Redirect"
00:11:43 [INFO] HTTP Request: HEAD https://huggingface.co/api/resolve-cache/models/XYZAILab/XYZ-Aquila-mini/c70d151a710715886f013423d2a9ffbcba754858/config.json "HTTP/1.1 200 OK"
00:11:43 [INFO] HTTP Request: HEAD https://huggingface.co/api/resolve-cache/models/XYZAILab/XYZ-Aquila-mini/c70d151a710715886f013423d2a9ffbcba754858/config.json "HTTP/1.1 200 OK"
00:11:43 [INFO] HTTP Request: HEAD https://huggingface.co/XYZAILab/XYZ-Aquila-mini/resolve/main/config.json "HTTP/1.1 307 Temporary Redirect"
00:11:43 [INFO] HTTP Request: HEAD https://huggingface.co/XYZAILab/XYZ-Aquila-mini/resolve/main/config.json "HTTP/1.1 307 Temporary Redirect"
00:11:43 [INFO] HTTP Request: HEAD https://huggingface.co/api/resolve-cache/models/XYZAILab/XYZ-Aquila-mini/c70d151a710715886f013423d2a9ffbcba754858/config.json "HTTP/1.1 200 OK"
00:11:43 [INFO] HTTP Request: HEAD https://huggingface.co/api/resolve-cache/models/XYZAILab/XYZ-Aquila-mini/c70d151a710715886f013423d2a9ffbcba754858/config.json "HTTP/1.1 200 OK"
00:11:43 [INFO] HTTP Request: HEAD https://huggingface.co/XYZAILab/XYZ-Aquila-mini/resolve/main/model.safetensors "HTTP/1.1 404 Not Found"
00:11:43 [INFO] HTTP Request: HEAD https://huggingface.co/XYZAILab/XYZ-Aquila-mini/resolve/main/model.safetensors "HTTP/1.1 404 Not Found"
00:11:44 [INFO] HTTP Request: HEAD https://huggingface.co/XYZAILab/XYZ-Aquila-mini/resolve/main/model.safetensors.index.json "HTTP/1.1 307 Temporary Redirect"
00:11:44 [INFO] HTTP Request: HEAD https://huggingface.co/XYZAILab/XYZ-Aquila-mini/resolve/main/model.safetensors.index.json "HTTP/1.1 307 Temporary Redirect"
00:11:44 [INFO] HTTP Request: HEAD https://huggingface.co/api/resolve-cache/models/XYZAILab/XYZ-Aquila-mini/c70d151a710715886f013423d2a9ffbcba754858/model.safetensors.index.json "HTTP/1.1 200 OK"
00:11:44 [INFO] HTTP Request: HEAD https://huggingface.co/api/resolve-cache/models/XYZAILab/XYZ-Aquila-mini/c70d151a710715886f013423d2a9ffbcba754858/model.safetensors.index.json "HTTP/1.1 200 OK"
00:11:44 [INFO] HTTP Request: GET https://huggingface.co/api/models/XYZAILab/XYZ-Aquila-mini/revision/main "HTTP/1.1 200 OK"
00:11:44 [INFO] HTTP Request: GET https://huggingface.co/api/models/XYZAILab/XYZ-Aquila-mini/revision/main "HTTP/1.1 200 OK"
00:12:49 [INFO] HTTP Request: HEAD https://huggingface.co/XYZAILab/XYZ-Aquila-mini/resolve/main/generation_config.json "HTTP/1.1 404 Not Found"
00:12:49 [INFO] HTTP Request: HEAD https://huggingface.co/XYZAILab/XYZ-Aquila-mini/resolve/main/generation_config.json "HTTP/1.1 404 Not Found"
00:12:49 [INFO] HTTP Request: HEAD https://huggingface.co/XYZAILab/XYZ-Aquila-mini/resolve/main/config.json "HTTP/1.1 307 Temporary Redirect"
00:12:49 [INFO] HTTP Request: HEAD https://huggingface.co/XYZAILab/XYZ-Aquila-mini/resolve/main/config.json "HTTP/1.1 307 Temporary Redirect"
00:12:49 [INFO] HTTP Request: HEAD https://huggingface.co/api/resolve-cache/models/XYZAILab/XYZ-Aquila-mini/c70d151a710715886f013423d2a9ffbcba754858/config.json "HTTP/1.1 200 OK"
00:12:49 [INFO] HTTP Request: HEAD https://huggingface.co/api/resolve-cache/models/XYZAILab/XYZ-Aquila-mini/c70d151a710715886f013423d2a9ffbcba754858/config.json "HTTP/1.1 200 OK"
00:12:50 [INFO] HTTP Request: HEAD https://huggingface.co/XYZAILab/XYZ-Aquila-mini/resolve/main/custom_generate/generate.py "HTTP/1.1 404 Not Found"
00:12:50 [INFO] HTTP Request: HEAD https://huggingface.co/XYZAILab/XYZ-Aquila-mini/resolve/main/custom_generate/generate.py "HTTP/1.1 404 Not Found"
00:12:50 [INFO] HTTP Request: HEAD https://huggingface.co/XYZAILab/XYZ-Aquila-mini/resolve/main/config.json "HTTP/1.1 307 Temporary Redirect"
00:12:50 [INFO] HTTP Request: HEAD https://huggingface.co/XYZAILab/XYZ-Aquila-mini/resolve/main/config.json "HTTP/1.1 307 Temporary Redirect"
00:12:50 [INFO] HTTP Request: HEAD https://huggingface.co/api/resolve-cache/models/XYZAILab/XYZ-Aquila-mini/c70d151a710715886f013423d2a9ffbcba754858/config.json "HTTP/1.1 200 OK"
00:12:50 [INFO] HTTP Request: HEAD https://huggingface.co/api/resolve-cache/models/XYZAILab/XYZ-Aquila-mini/c70d151a710715886f013423d2a9ffbcba754858/config.json "HTTP/1.1 200 OK"
00:12:50 [INFO] HTTP Request: HEAD https://huggingface.co/XYZAILab/XYZ-Aquila-mini/resolve/main/tokenizer_config.json "HTTP/1.1 307 Temporary Redirect"
00:12:50 [INFO] HTTP Request: HEAD https://huggingface.co/XYZAILab/XYZ-Aquila-mini/resolve/main/tokenizer_config.json "HTTP/1.1 307 Temporary Redirect"
00:12:50 [INFO] HTTP Request: HEAD https://huggingface.co/api/resolve-cache/models/XYZAILab/XYZ-Aquila-mini/c70d151a710715886f013423d2a9ffbcba754858/tokenizer_config.json "HTTP/1.1 200 OK"
00:12:50 [INFO] HTTP Request: HEAD https://huggingface.co/api/resolve-cache/models/XYZAILab/XYZ-Aquila-mini/c70d151a710715886f013423d2a9ffbcba754858/tokenizer_config.json "HTTP/1.1 200 OK"
00:12:50 [INFO] HTTP Request: HEAD https://huggingface.co/XYZAILab/XYZ-Aquila-mini/resolve/main/tokenizer_config.json "HTTP/1.1 307 Temporary Redirect"
00:12:50 [INFO] HTTP Request: HEAD https://huggingface.co/XYZAILab/XYZ-Aquila-mini/resolve/main/tokenizer_config.json "HTTP/1.1 307 Temporary Redirect"
00:12:50 [INFO] HTTP Request: HEAD https://huggingface.co/api/resolve-cache/models/XYZAILab/XYZ-Aquila-mini/c70d151a710715886f013423d2a9ffbcba754858/tokenizer_config.json "HTTP/1.1 200 OK"
00:12:50 [INFO] HTTP Request: HEAD https://huggingface.co/api/resolve-cache/models/XYZAILab/XYZ-Aquila-mini/c70d151a710715886f013423d2a9ffbcba754858/tokenizer_config.json "HTTP/1.1 200 OK"
00:12:50 [INFO] HTTP Request: GET https://huggingface.co/api/models/XYZAILab/XYZ-Aquila-mini/tree/main/additional_chat_templates?recursive=false&expand=false "HTTP/1.1 404 Not Found"
00:12:50 [INFO] HTTP Request: GET https://huggingface.co/api/models/XYZAILab/XYZ-Aquila-mini/tree/main/additional_chat_templates?recursive=false&expand=false "HTTP/1.1 404 Not Found"
00:12:50 [INFO] HTTP Request: GET https://huggingface.co/api/models/XYZAILab/XYZ-Aquila-mini/tree/main?recursive=true&expand=false "HTTP/1.1 200 OK"
00:12:50 [INFO] HTTP Request: GET https://huggingface.co/api/models/XYZAILab/XYZ-Aquila-mini/tree/main?recursive=true&expand=false "HTTP/1.1 200 OK"
00:12:51 [INFO] HTTP Request: GET https://huggingface.co/api/models/XYZAILab/XYZ-Aquila-mini "HTTP/1.1 200 OK"
00:12:51 [INFO] HTTP Request: GET https://huggingface.co/api/models/XYZAILab/XYZ-Aquila-mini "HTTP/1.1 200 OK"
00:12:51 [INFO] HTTP Request: HEAD https://huggingface.co/XYZAILab/XYZ-Aquila-mini/resolve/main/processor_config.json "HTTP/1.1 307 Temporary Redirect"
00:12:51 [INFO] HTTP Request: HEAD https://huggingface.co/XYZAILab/XYZ-Aquila-mini/resolve/main/processor_config.json "HTTP/1.1 307 Temporary Redirect"
00:12:51 [INFO] HTTP Request: HEAD https://huggingface.co/api/resolve-cache/models/XYZAILab/XYZ-Aquila-mini/c70d151a710715886f013423d2a9ffbcba754858/processor_config.json "HTTP/1.1 200 OK"
00:12:51 [INFO] HTTP Request: HEAD https://huggingface.co/api/resolve-cache/models/XYZAILab/XYZ-Aquila-mini/c70d151a710715886f013423d2a9ffbcba754858/processor_config.json "HTTP/1.1 200 OK"
00:12:51 [INFO] HTTP Request: GET https://huggingface.co/api/models/XYZAILab/XYZ-Aquila-mini/tree/main/additional_chat_templates?recursive=false&expand=false "HTTP/1.1 404 Not Found"
00:12:51 [INFO] HTTP Request: GET https://huggingface.co/api/models/XYZAILab/XYZ-Aquila-mini/tree/main/additional_chat_templates?recursive=false&expand=false "HTTP/1.1 404 Not Found"
00:12:51 [INFO] HTTP Request: HEAD https://huggingface.co/XYZAILab/XYZ-Aquila-mini/resolve/main/processor_config.json "HTTP/1.1 307 Temporary Redirect"
00:12:51 [INFO] HTTP Request: HEAD https://huggingface.co/XYZAILab/XYZ-Aquila-mini/resolve/main/processor_config.json "HTTP/1.1 307 Temporary Redirect"
00:12:51 [INFO] HTTP Request: HEAD https://huggingface.co/api/resolve-cache/models/XYZAILab/XYZ-Aquila-mini/c70d151a710715886f013423d2a9ffbcba754858/processor_config.json "HTTP/1.1 200 OK"
00:12:51 [INFO] HTTP Request: HEAD https://huggingface.co/api/resolve-cache/models/XYZAILab/XYZ-Aquila-mini/c70d151a710715886f013423d2a9ffbcba754858/processor_config.json "HTTP/1.1 200 OK"
00:12:51 [INFO] HTTP Request: HEAD https://huggingface.co/XYZAILab/XYZ-Aquila-mini/resolve/main/chat_template.json "HTTP/1.1 404 Not Found"
00:12:51 [INFO] HTTP Request: HEAD https://huggingface.co/XYZAILab/XYZ-Aquila-mini/resolve/main/chat_template.json "HTTP/1.1 404 Not Found"
00:12:51 [INFO] HTTP Request: HEAD https://huggingface.co/XYZAILab/XYZ-Aquila-mini/resolve/main/chat_template.jinja "HTTP/1.1 307 Temporary Redirect"
00:12:51 [INFO] HTTP Request: HEAD https://huggingface.co/XYZAILab/XYZ-Aquila-mini/resolve/main/chat_template.jinja "HTTP/1.1 307 Temporary Redirect"
00:12:51 [INFO] HTTP Request: HEAD https://huggingface.co/api/resolve-cache/models/XYZAILab/XYZ-Aquila-mini/c70d151a710715886f013423d2a9ffbcba754858/chat_template.jinja "HTTP/1.1 200 OK"
00:12:51 [INFO] HTTP Request: HEAD https://huggingface.co/api/resolve-cache/models/XYZAILab/XYZ-Aquila-mini/c70d151a710715886f013423d2a9ffbcba754858/chat_template.jinja "HTTP/1.1 200 OK"
00:12:51 [INFO] HTTP Request: HEAD https://huggingface.co/XYZAILab/XYZ-Aquila-mini/resolve/main/audio_tokenizer_config.json "HTTP/1.1 404 Not Found"
00:12:51 [INFO] HTTP Request: HEAD https://huggingface.co/XYZAILab/XYZ-Aquila-mini/resolve/main/audio_tokenizer_config.json "HTTP/1.1 404 Not Found"
00:12:51 [INFO] HTTP Request: GET https://huggingface.co/api/models/XYZAILab/XYZ-Aquila-mini/tree/main/additional_chat_templates?recursive=false&expand=false "HTTP/1.1 404 Not Found"
00:12:51 [INFO] HTTP Request: GET https://huggingface.co/api/models/XYZAILab/XYZ-Aquila-mini/tree/main/additional_chat_templates?recursive=false&expand=false "HTTP/1.1 404 Not Found"
00:12:51 [INFO] HTTP Request: HEAD https://huggingface.co/XYZAILab/XYZ-Aquila-mini/resolve/main/processor_config.json "HTTP/1.1 307 Temporary Redirect"
00:12:51 [INFO] HTTP Request: HEAD https://huggingface.co/XYZAILab/XYZ-Aquila-mini/resolve/main/processor_config.json "HTTP/1.1 307 Temporary Redirect"
00:12:51 [INFO] HTTP Request: HEAD https://huggingface.co/api/resolve-cache/models/XYZAILab/XYZ-Aquila-mini/c70d151a710715886f013423d2a9ffbcba754858/processor_config.json "HTTP/1.1 200 OK"
00:12:51 [INFO] HTTP Request: HEAD https://huggingface.co/api/resolve-cache/models/XYZAILab/XYZ-Aquila-mini/c70d151a710715886f013423d2a9ffbcba754858/processor_config.json "HTTP/1.1 200 OK"
00:12:51 [INFO] HTTP Request: HEAD https://huggingface.co/XYZAILab/XYZ-Aquila-mini/resolve/main/chat_template.json "HTTP/1.1 404 Not Found"
00:12:51 [INFO] HTTP Request: HEAD https://huggingface.co/XYZAILab/XYZ-Aquila-mini/resolve/main/chat_template.json "HTTP/1.1 404 Not Found"
00:12:51 [INFO] HTTP Request: HEAD https://huggingface.co/XYZAILab/XYZ-Aquila-mini/resolve/main/chat_template.jinja "HTTP/1.1 307 Temporary Redirect"
00:12:51 [INFO] HTTP Request: HEAD https://huggingface.co/XYZAILab/XYZ-Aquila-mini/resolve/main/chat_template.jinja "HTTP/1.1 307 Temporary Redirect"
00:12:51 [INFO] HTTP Request: HEAD https://huggingface.co/api/resolve-cache/models/XYZAILab/XYZ-Aquila-mini/c70d151a710715886f013423d2a9ffbcba754858/chat_template.jinja "HTTP/1.1 200 OK"
00:12:51 [INFO] HTTP Request: HEAD https://huggingface.co/api/resolve-cache/models/XYZAILab/XYZ-Aquila-mini/c70d151a710715886f013423d2a9ffbcba754858/chat_template.jinja "HTTP/1.1 200 OK"
00:12:51 [INFO] HTTP Request: HEAD https://huggingface.co/XYZAILab/XYZ-Aquila-mini/resolve/main/audio_tokenizer_config.json "HTTP/1.1 404 Not Found"
00:12:51 [INFO] HTTP Request: HEAD https://huggingface.co/XYZAILab/XYZ-Aquila-mini/resolve/main/audio_tokenizer_config.json "HTTP/1.1 404 Not Found"
00:12:51 [INFO] HTTP Request: HEAD https://huggingface.co/XYZAILab/XYZ-Aquila-mini/resolve/main/processor_config.json "HTTP/1.1 307 Temporary Redirect"
00:12:51 [INFO] HTTP Request: HEAD https://huggingface.co/XYZAILab/XYZ-Aquila-mini/resolve/main/processor_config.json "HTTP/1.1 307 Temporary Redirect"
00:12:51 [INFO] HTTP Request: HEAD https://huggingface.co/api/resolve-cache/models/XYZAILab/XYZ-Aquila-mini/c70d151a710715886f013423d2a9ffbcba754858/processor_config.json "HTTP/1.1 200 OK"
00:12:51 [INFO] HTTP Request: HEAD https://huggingface.co/api/resolve-cache/models/XYZAILab/XYZ-Aquila-mini/c70d151a710715886f013423d2a9ffbcba754858/processor_config.json "HTTP/1.1 200 OK"
00:12:51 [INFO] HTTP Request: HEAD https://huggingface.co/XYZAILab/XYZ-Aquila-mini/resolve/main/preprocessor_config.json "HTTP/1.1 307 Temporary Redirect"
00:12:51 [INFO] HTTP Request: HEAD https://huggingface.co/XYZAILab/XYZ-Aquila-mini/resolve/main/preprocessor_config.json "HTTP/1.1 307 Temporary Redirect"
00:12:51 [INFO] HTTP Request: HEAD https://huggingface.co/api/resolve-cache/models/XYZAILab/XYZ-Aquila-mini/c70d151a710715886f013423d2a9ffbcba754858/preprocessor_config.json "HTTP/1.1 200 OK"
00:12:51 [INFO] HTTP Request: HEAD https://huggingface.co/api/resolve-cache/models/XYZAILab/XYZ-Aquila-mini/c70d151a710715886f013423d2a9ffbcba754858/preprocessor_config.json "HTTP/1.1 200 OK"
00:12:52 [INFO] HTTP Request: HEAD https://huggingface.co/XYZAILab/XYZ-Aquila-mini/resolve/main/processor_config.json "HTTP/1.1 307 Temporary Redirect"
00:12:52 [INFO] HTTP Request: HEAD https://huggingface.co/XYZAILab/XYZ-Aquila-mini/resolve/main/processor_config.json "HTTP/1.1 307 Temporary Redirect"
00:12:52 [INFO] HTTP Request: HEAD https://huggingface.co/api/resolve-cache/models/XYZAILab/XYZ-Aquila-mini/c70d151a710715886f013423d2a9ffbcba754858/processor_config.json "HTTP/1.1 200 OK"
00:12:52 [INFO] HTTP Request: HEAD https://huggingface.co/api/resolve-cache/models/XYZAILab/XYZ-Aquila-mini/c70d151a710715886f013423d2a9ffbcba754858/processor_config.json "HTTP/1.1 200 OK"
00:12:52 [INFO] HTTP Request: HEAD https://huggingface.co/XYZAILab/XYZ-Aquila-mini/resolve/main/preprocessor_config.json "HTTP/1.1 307 Temporary Redirect"
00:12:52 [INFO] HTTP Request: HEAD https://huggingface.co/XYZAILab/XYZ-Aquila-mini/resolve/main/preprocessor_config.json "HTTP/1.1 307 Temporary Redirect"
00:12:52 [INFO] HTTP Request: HEAD https://huggingface.co/api/resolve-cache/models/XYZAILab/XYZ-Aquila-mini/c70d151a710715886f013423d2a9ffbcba754858/preprocessor_config.json "HTTP/1.1 200 OK"
00:12:52 [INFO] HTTP Request: HEAD https://huggingface.co/api/resolve-cache/models/XYZAILab/XYZ-Aquila-mini/c70d151a710715886f013423d2a9ffbcba754858/preprocessor_config.json "HTTP/1.1 200 OK"
00:12:52 [INFO] HTTP Request: HEAD https://huggingface.co/XYZAILab/XYZ-Aquila-mini/resolve/main/config.json "HTTP/1.1 307 Temporary Redirect"
00:12:52 [INFO] HTTP Request: HEAD https://huggingface.co/XYZAILab/XYZ-Aquila-mini/resolve/main/config.json "HTTP/1.1 307 Temporary Redirect"
00:12:52 [INFO] HTTP Request: HEAD https://huggingface.co/api/resolve-cache/models/XYZAILab/XYZ-Aquila-mini/c70d151a710715886f013423d2a9ffbcba754858/config.json "HTTP/1.1 200 OK"
00:12:52 [INFO] HTTP Request: HEAD https://huggingface.co/api/resolve-cache/models/XYZAILab/XYZ-Aquila-mini/c70d151a710715886f013423d2a9ffbcba754858/config.json "HTTP/1.1 200 OK"
00:12:52 [INFO] HTTP Request: HEAD https://huggingface.co/XYZAILab/XYZ-Aquila-mini/resolve/main/tokenizer_config.json "HTTP/1.1 307 Temporary Redirect"
00:12:52 [INFO] HTTP Request: HEAD https://huggingface.co/XYZAILab/XYZ-Aquila-mini/resolve/main/tokenizer_config.json "HTTP/1.1 307 Temporary Redirect"
00:12:52 [INFO] HTTP Request: HEAD https://huggingface.co/api/resolve-cache/models/XYZAILab/XYZ-Aquila-mini/c70d151a710715886f013423d2a9ffbcba754858/tokenizer_config.json "HTTP/1.1 200 OK"
00:12:52 [INFO] HTTP Request: HEAD https://huggingface.co/api/resolve-cache/models/XYZAILab/XYZ-Aquila-mini/c70d151a710715886f013423d2a9ffbcba754858/tokenizer_config.json "HTTP/1.1 200 OK"
00:12:52 [INFO] HTTP Request: HEAD https://huggingface.co/XYZAILab/XYZ-Aquila-mini/resolve/main/tokenizer_config.json "HTTP/1.1 307 Temporary Redirect"
00:12:52 [INFO] HTTP Request: HEAD https://huggingface.co/XYZAILab/XYZ-Aquila-mini/resolve/main/tokenizer_config.json "HTTP/1.1 307 Temporary Redirect"
00:12:52 [INFO] HTTP Request: HEAD https://huggingface.co/api/resolve-cache/models/XYZAILab/XYZ-Aquila-mini/c70d151a710715886f013423d2a9ffbcba754858/tokenizer_config.json "HTTP/1.1 200 OK"
00:12:52 [INFO] HTTP Request: HEAD https://huggingface.co/api/resolve-cache/models/XYZAILab/XYZ-Aquila-mini/c70d151a710715886f013423d2a9ffbcba754858/tokenizer_config.json "HTTP/1.1 200 OK"
00:12:52 [INFO] HTTP Request: GET https://huggingface.co/api/models/XYZAILab/XYZ-Aquila-mini/tree/main/additional_chat_templates?recursive=false&expand=false "HTTP/1.1 404 Not Found"
00:12:52 [INFO] HTTP Request: GET https://huggingface.co/api/models/XYZAILab/XYZ-Aquila-mini/tree/main/additional_chat_templates?recursive=false&expand=false "HTTP/1.1 404 Not Found"
00:12:52 [INFO] HTTP Request: GET https://huggingface.co/api/models/XYZAILab/XYZ-Aquila-mini/tree/main?recursive=true&expand=false "HTTP/1.1 200 OK"
00:12:52 [INFO] HTTP Request: GET https://huggingface.co/api/models/XYZAILab/XYZ-Aquila-mini/tree/main?recursive=true&expand=false "HTTP/1.1 200 OK"
00:12:53 [INFO] HTTP Request: GET https://huggingface.co/api/models/XYZAILab/XYZ-Aquila-mini "HTTP/1.1 200 OK"
00:12:53 [INFO] HTTP Request: GET https://huggingface.co/api/models/XYZAILab/XYZ-Aquila-mini "HTTP/1.1 200 OK"
00:12:53 [INFO] HTTP Request: HEAD https://huggingface.co/XYZAILab/XYZ-Aquila-mini/resolve/main/processor_config.json "HTTP/1.1 307 Temporary Redirect"
00:12:53 [INFO] HTTP Request: HEAD https://huggingface.co/XYZAILab/XYZ-Aquila-mini/resolve/main/processor_config.json "HTTP/1.1 307 Temporary Redirect"
00:12:53 [INFO] HTTP Request: HEAD https://huggingface.co/api/resolve-cache/models/XYZAILab/XYZ-Aquila-mini/c70d151a710715886f013423d2a9ffbcba754858/processor_config.json "HTTP/1.1 200 OK"
00:12:53 [INFO] HTTP Request: HEAD https://huggingface.co/api/resolve-cache/models/XYZAILab/XYZ-Aquila-mini/c70d151a710715886f013423d2a9ffbcba754858/processor_config.json "HTTP/1.1 200 OK"
00:12:53 [INFO] HTTP Request: HEAD https://huggingface.co/XYZAILab/XYZ-Aquila-mini/resolve/main/video_preprocessor_config.json "HTTP/1.1 404 Not Found"
00:12:53 [INFO] HTTP Request: HEAD https://huggingface.co/XYZAILab/XYZ-Aquila-mini/resolve/main/video_preprocessor_config.json "HTTP/1.1 404 Not Found"
00:12:53 [INFO] HTTP Request: HEAD https://huggingface.co/XYZAILab/XYZ-Aquila-mini/resolve/main/preprocessor_config.json "HTTP/1.1 307 Temporary Redirect"
00:12:53 [INFO] HTTP Request: HEAD https://huggingface.co/XYZAILab/XYZ-Aquila-mini/resolve/main/preprocessor_config.json "HTTP/1.1 307 Temporary Redirect"
00:12:53 [INFO] HTTP Request: HEAD https://huggingface.co/api/resolve-cache/models/XYZAILab/XYZ-Aquila-mini/c70d151a710715886f013423d2a9ffbcba754858/preprocessor_config.json "HTTP/1.1 200 OK"
00:12:53 [INFO] HTTP Request: HEAD https://huggingface.co/api/resolve-cache/models/XYZAILab/XYZ-Aquila-mini/c70d151a710715886f013423d2a9ffbcba754858/preprocessor_config.json "HTTP/1.1 200 OK"
00:12:53 [INFO] HTTP Request: HEAD https://huggingface.co/XYZAILab/XYZ-Aquila-mini/resolve/main/processor_config.json "HTTP/1.1 307 Temporary Redirect"
00:12:53 [INFO] HTTP Request: HEAD https://huggingface.co/XYZAILab/XYZ-Aquila-mini/resolve/main/processor_config.json "HTTP/1.1 307 Temporary Redirect"
00:12:53 [INFO] HTTP Request: HEAD https://huggingface.co/api/resolve-cache/models/XYZAILab/XYZ-Aquila-mini/c70d151a710715886f013423d2a9ffbcba754858/processor_config.json "HTTP/1.1 200 OK"
00:12:53 [INFO] HTTP Request: HEAD https://huggingface.co/api/resolve-cache/models/XYZAILab/XYZ-Aquila-mini/c70d151a710715886f013423d2a9ffbcba754858/processor_config.json "HTTP/1.1 200 OK"
00:12:53 [INFO] HTTP Request: HEAD https://huggingface.co/XYZAILab/XYZ-Aquila-mini/resolve/main/video_preprocessor_config.json "HTTP/1.1 404 Not Found"
00:12:53 [INFO] HTTP Request: HEAD https://huggingface.co/XYZAILab/XYZ-Aquila-mini/resolve/main/video_preprocessor_config.json "HTTP/1.1 404 Not Found"
00:12:53 [INFO] HTTP Request: HEAD https://huggingface.co/XYZAILab/XYZ-Aquila-mini/resolve/main/preprocessor_config.json "HTTP/1.1 307 Temporary Redirect"
00:12:53 [INFO] HTTP Request: HEAD https://huggingface.co/XYZAILab/XYZ-Aquila-mini/resolve/main/preprocessor_config.json "HTTP/1.1 307 Temporary Redirect"
00:12:53 [INFO] HTTP Request: HEAD https://huggingface.co/api/resolve-cache/models/XYZAILab/XYZ-Aquila-mini/c70d151a710715886f013423d2a9ffbcba754858/preprocessor_config.json "HTTP/1.1 200 OK"
00:12:53 [INFO] HTTP Request: HEAD https://huggingface.co/api/resolve-cache/models/XYZAILab/XYZ-Aquila-mini/c70d151a710715886f013423d2a9ffbcba754858/preprocessor_config.json "HTTP/1.1 200 OK"
00:12:53 [INFO] HTTP Request: HEAD https://huggingface.co/XYZAILab/XYZ-Aquila-mini/resolve/main/processor_config.json "HTTP/1.1 307 Temporary Redirect"
00:12:53 [INFO] HTTP Request: HEAD https://huggingface.co/XYZAILab/XYZ-Aquila-mini/resolve/main/processor_config.json "HTTP/1.1 307 Temporary Redirect"
00:12:53 [INFO] HTTP Request: HEAD https://huggingface.co/api/resolve-cache/models/XYZAILab/XYZ-Aquila-mini/c70d151a710715886f013423d2a9ffbcba754858/processor_config.json "HTTP/1.1 200 OK"
00:12:53 [INFO] HTTP Request: HEAD https://huggingface.co/api/resolve-cache/models/XYZAILab/XYZ-Aquila-mini/c70d151a710715886f013423d2a9ffbcba754858/processor_config.json "HTTP/1.1 200 OK"
00:12:53 [INFO] HTTP Request: HEAD https://huggingface.co/XYZAILab/XYZ-Aquila-mini/resolve/main/preprocessor_config.json "HTTP/1.1 307 Temporary Redirect"
00:12:53 [INFO] HTTP Request: HEAD https://huggingface.co/XYZAILab/XYZ-Aquila-mini/resolve/main/preprocessor_config.json "HTTP/1.1 307 Temporary Redirect"
00:12:53 [INFO] HTTP Request: HEAD https://huggingface.co/api/resolve-cache/models/XYZAILab/XYZ-Aquila-mini/c70d151a710715886f013423d2a9ffbcba754858/preprocessor_config.json "HTTP/1.1 200 OK"
00:12:53 [INFO] HTTP Request: HEAD https://huggingface.co/api/resolve-cache/models/XYZAILab/XYZ-Aquila-mini/c70d151a710715886f013423d2a9ffbcba754858/preprocessor_config.json "HTTP/1.1 200 OK"
00:12:53 [INFO] HTTP Request: HEAD https://huggingface.co/XYZAILab/XYZ-Aquila-mini/resolve/main/processor_config.json "HTTP/1.1 307 Temporary Redirect"
00:12:53 [INFO] HTTP Request: HEAD https://huggingface.co/XYZAILab/XYZ-Aquila-mini/resolve/main/processor_config.json "HTTP/1.1 307 Temporary Redirect"
00:12:53 [INFO] HTTP Request: HEAD https://huggingface.co/api/resolve-cache/models/XYZAILab/XYZ-Aquila-mini/c70d151a710715886f013423d2a9ffbcba754858/processor_config.json "HTTP/1.1 200 OK"
00:12:53 [INFO] HTTP Request: HEAD https://huggingface.co/api/resolve-cache/models/XYZAILab/XYZ-Aquila-mini/c70d151a710715886f013423d2a9ffbcba754858/processor_config.json "HTTP/1.1 200 OK"
00:12:53 [INFO] HTTP Request: HEAD https://huggingface.co/XYZAILab/XYZ-Aquila-mini/resolve/main/preprocessor_config.json "HTTP/1.1 307 Temporary Redirect"
00:12:53 [INFO] HTTP Request: HEAD https://huggingface.co/XYZAILab/XYZ-Aquila-mini/resolve/main/preprocessor_config.json "HTTP/1.1 307 Temporary Redirect"
00:12:53 [INFO] HTTP Request: HEAD https://huggingface.co/api/resolve-cache/models/XYZAILab/XYZ-Aquila-mini/c70d151a710715886f013423d2a9ffbcba754858/preprocessor_config.json "HTTP/1.1 200 OK"
00:12:53 [INFO] HTTP Request: HEAD https://huggingface.co/api/resolve-cache/models/XYZAILab/XYZ-Aquila-mini/c70d151a710715886f013423d2a9ffbcba754858/preprocessor_config.json "HTTP/1.1 200 OK"
00:12:54 [INFO] Starting quantization...
00:12:54 [INFO] Starting quantization...
[38;20m2026-08-04 00:12:54 INFO replace_modules.py L121: Experts (before replacement) [model.language_model.layers.0.mlp.experts] (Qwen3_5MoeExperts):
Qwen3_5MoeExperts(
  (act_fn): SiLUActivation()
)[0m
[38;20m2026-08-04 00:12:54 INFO replace_modules.py L121: Experts (before replacement) [model.language_model.layers.0.mlp.experts] (Qwen3_5MoeExperts):
Qwen3_5MoeExperts(
  (act_fn): SiLUActivation()
)[0m
[38;20m2026-08-04 00:12:54 INFO device.py L1481: [Memory Monitor] Before applying custom replacements: 'peak_ram': 121.55GB[0m
[38;20m2026-08-04 00:12:54 INFO device.py L1481: [Memory Monitor] Before applying custom replacements: 'peak_ram': 121.55GB[0m
[38;20m2026-08-04 00:12:54 INFO replace_modules.py L372: Found 40 modules to replace[0m
[38;20m2026-08-04 00:12:54 INFO replace_modules.py L372: Found 40 modules to replace[0m
Replacing modules:   0%|          | 0/40 [00:00<?, ?it/s]Replacing modules:   0%|          | 0/40 [00:00<?, ?it/s]Replacing modules: 100%|██████████| 40/40 [00:01<00:00, 20.09it/s]
[38;20m2026-08-04 00:12:56 INFO replace_modules.py L399: Replaced 40 modules[0m
Replacing modules: 100%|██████████| 40/40 [00:01<00:00, 20.09it/s]
[38;20m2026-08-04 00:12:56 INFO replace_modules.py L399: Replaced 40 modules[0m
[38;20m2026-08-04 00:12:56 INFO device.py L1484: [Memory Monitor] After applying custom replacements: 'peak_ram': 121.61GB[0m
[38;20m2026-08-04 00:12:56 INFO device.py L1484: [Memory Monitor] After applying custom replacements: 'peak_ram': 121.61GB[0m
[transformers] `loss_type=None` was set in the config but it is unrecognized. Using the default loss: `ForCausalLMLoss`.
[transformers] `loss_type=None` was set in the config but it is unrecognized. Using the default loss: `ForCausalLMLoss`.
[38;20m2026-08-04 00:12:58 INFO replace_modules.py L121: Experts (after replacement/skip) [model.language_model.layers.0.mlp.experts] (SequentialQwen3_5MoeExperts):
SequentialQwen3_5MoeExperts(
  (0-255): 256 x Qwen3_5MoeMLP(
    (gate_proj): Linear(in_features=2048, out_features=512, bias=False)
    (up_proj): Linear(in_features=2048, out_features=512, bias=False)
    (down_proj): Linear(in_features=512, out_features=2048, bias=False)
    (act_fn): SiLUActivation()
  )
)[0m
[38;20m2026-08-04 00:12:58 INFO replace_modules.py L121: Experts (after replacement/skip) [model.language_model.layers.0.mlp.experts] (SequentialQwen3_5MoeExperts):
SequentialQwen3_5MoeExperts(
  (0-255): 256 x Qwen3_5MoeMLP(
    (gate_proj): Linear(in_features=2048, out_features=512, bias=False)
    (up_proj): Linear(in_features=2048, out_features=512, bias=False)
    (down_proj): Linear(in_features=512, out_features=2048, bias=False)
    (act_fn): SiLUActivation()
  )
)[0m
[38;20m2026-08-04 00:12:58 INFO base.py L659: Using predefined ignore_layers: model.language_model.layers.[0-39].mlp.gate[0m
[38;20m2026-08-04 00:12:58 INFO base.py L659: Using predefined ignore_layers: model.language_model.layers.[0-39].mlp.gate[0m
[38;20m2026-08-04 00:12:58 INFO utils.py L1026: Ignored layers: lm_head, lm_head, model.language_model.layers.[0-39].mlp.gate[0m
[38;20m2026-08-04 00:12:58 INFO utils.py L1026: Ignored layers: lm_head, lm_head, model.language_model.layers.[0-39].mlp.gate[0m
[38;20m2026-08-04 00:13:00 INFO base.py L767: 'enable_torch_compile' is set to `False` by default. Enabling it can reduce tuning cost by 20%, but it might throw an exception.[0m
[38;20m2026-08-04 00:13:00 INFO base.py L767: 'enable_torch_compile' is set to `False` by default. Enabling it can reduce tuning cost by 20%, but it might throw an exception.[0m
[38;20m2026-08-04 00:13:04 INFO data_driven.py L772: start to cache block inputs[0m
[38;20m2026-08-04 00:13:04 INFO data_driven.py L772: start to cache block inputs[0m
[38;20m2026-08-04 00:13:04 INFO mllm.py L83: Using MLLM template: qwen3_5_moe[0m
[38;20m2026-08-04 00:13:04 INFO calib_dataset.py L977: Preprocessing calibration dataset in a subprocess to avoid memory leaks...[0m
[38;20m2026-08-04 00:13:04 INFO mllm.py L83: Using MLLM template: qwen3_5_moe[0m
[38;20m2026-08-04 00:13:04 INFO calib_dataset.py L977: Preprocessing calibration dataset in a subprocess to avoid memory leaks...[0m
00:13:05 [INFO] HTTP Request: HEAD https://huggingface.co/datasets/NeelNanda/pile-10k/resolve/main/README.md "HTTP/1.1 307 Temporary Redirect"
00:13:05 [INFO] HTTP Request: HEAD https://huggingface.co/datasets/NeelNanda/pile-10k/resolve/main/README.md "HTTP/1.1 307 Temporary Redirect"
00:13:05 [INFO] HTTP Request: HEAD https://huggingface.co/api/resolve-cache/datasets/NeelNanda/pile-10k/127bfedcd5047750df5ccf3a12979a47bfa0bafa/README.md "HTTP/1.1 200 OK"
00:13:05 [INFO] HTTP Request: HEAD https://huggingface.co/api/resolve-cache/datasets/NeelNanda/pile-10k/127bfedcd5047750df5ccf3a12979a47bfa0bafa/README.md "HTTP/1.1 200 OK"
00:13:05 [INFO] HTTP Request: GET https://huggingface.co/api/resolve-cache/datasets/NeelNanda/pile-10k/127bfedcd5047750df5ccf3a12979a47bfa0bafa/README.md "HTTP/1.1 200 OK"
00:13:05 [INFO] HTTP Request: GET https://huggingface.co/api/resolve-cache/datasets/NeelNanda/pile-10k/127bfedcd5047750df5ccf3a12979a47bfa0bafa/README.md "HTTP/1.1 200 OK"
00:13:05 [INFO] HTTP Request: HEAD https://huggingface.co/datasets/NeelNanda/pile-10k/resolve/127bfedcd5047750df5ccf3a12979a47bfa0bafa/pile-10k.py "HTTP/1.1 404 Not Found"
00:13:05 [INFO] HTTP Request: HEAD https://huggingface.co/datasets/NeelNanda/pile-10k/resolve/127bfedcd5047750df5ccf3a12979a47bfa0bafa/pile-10k.py "HTTP/1.1 404 Not Found"
00:13:05 [INFO] HTTP Request: HEAD https://s3.amazonaws.com/datasets.huggingface.co/datasets/datasets/NeelNanda/pile-10k/NeelNanda/pile-10k.py "HTTP/1.1 404 Not Found"
00:13:05 [INFO] HTTP Request: HEAD https://s3.amazonaws.com/datasets.huggingface.co/datasets/datasets/NeelNanda/pile-10k/NeelNanda/pile-10k.py "HTTP/1.1 404 Not Found"
00:13:05 [INFO] HTTP Request: GET https://huggingface.co/api/datasets/NeelNanda/pile-10k/revision/127bfedcd5047750df5ccf3a12979a47bfa0bafa "HTTP/1.1 200 OK"
00:13:05 [INFO] HTTP Request: GET https://huggingface.co/api/datasets/NeelNanda/pile-10k/revision/127bfedcd5047750df5ccf3a12979a47bfa0bafa "HTTP/1.1 200 OK"
00:13:05 [INFO] HTTP Request: HEAD https://huggingface.co/datasets/NeelNanda/pile-10k/resolve/127bfedcd5047750df5ccf3a12979a47bfa0bafa/.huggingface.yaml "HTTP/1.1 404 Not Found"
00:13:05 [INFO] HTTP Request: HEAD https://huggingface.co/datasets/NeelNanda/pile-10k/resolve/127bfedcd5047750df5ccf3a12979a47bfa0bafa/.huggingface.yaml "HTTP/1.1 404 Not Found"
00:13:05 [INFO] HTTP Request: GET https://datasets-server.huggingface.co/info?dataset=NeelNanda/pile-10k "HTTP/1.1 200 OK"
00:13:05 [INFO] HTTP Request: GET https://datasets-server.huggingface.co/info?dataset=NeelNanda/pile-10k "HTTP/1.1 200 OK"
00:13:05 [INFO] HTTP Request: GET https://huggingface.co/api/datasets/NeelNanda/pile-10k/tree/127bfedcd5047750df5ccf3a12979a47bfa0bafa/data?recursive=true&expand=false "HTTP/1.1 200 OK"
00:13:05 [INFO] HTTP Request: GET https://huggingface.co/api/datasets/NeelNanda/pile-10k/tree/127bfedcd5047750df5ccf3a12979a47bfa0bafa/data?recursive=true&expand=false "HTTP/1.1 200 OK"
00:13:05 [INFO] HTTP Request: GET https://huggingface.co/api/datasets/NeelNanda/pile-10k/tree/127bfedcd5047750df5ccf3a12979a47bfa0bafa?recursive=false&expand=false "HTTP/1.1 200 OK"
00:13:05 [INFO] HTTP Request: GET https://huggingface.co/api/datasets/NeelNanda/pile-10k/tree/127bfedcd5047750df5ccf3a12979a47bfa0bafa?recursive=false&expand=false "HTTP/1.1 200 OK"
00:13:06 [INFO] HTTP Request: HEAD https://huggingface.co/datasets/NeelNanda/pile-10k/resolve/127bfedcd5047750df5ccf3a12979a47bfa0bafa/dataset_infos.json "HTTP/1.1 307 Temporary Redirect"
00:13:06 [INFO] HTTP Request: HEAD https://huggingface.co/datasets/NeelNanda/pile-10k/resolve/127bfedcd5047750df5ccf3a12979a47bfa0bafa/dataset_infos.json "HTTP/1.1 307 Temporary Redirect"
00:13:06 [INFO] HTTP Request: HEAD https://huggingface.co/api/resolve-cache/datasets/NeelNanda/pile-10k/127bfedcd5047750df5ccf3a12979a47bfa0bafa/dataset_infos.json "HTTP/1.1 200 OK"
00:13:06 [INFO] HTTP Request: HEAD https://huggingface.co/api/resolve-cache/datasets/NeelNanda/pile-10k/127bfedcd5047750df5ccf3a12979a47bfa0bafa/dataset_infos.json "HTTP/1.1 200 OK"
00:13:06 [INFO] HTTP Request: GET https://huggingface.co/api/resolve-cache/datasets/NeelNanda/pile-10k/127bfedcd5047750df5ccf3a12979a47bfa0bafa/dataset_infos.json "HTTP/1.1 200 OK"
00:13:06 [INFO] HTTP Request: GET https://huggingface.co/api/resolve-cache/datasets/NeelNanda/pile-10k/127bfedcd5047750df5ccf3a12979a47bfa0bafa/dataset_infos.json "HTTP/1.1 200 OK"
00:13:06 [INFO] HTTP Request: HEAD https://huggingface.co/datasets/NeelNanda/pile-10k/resolve/127bfedcd5047750df5ccf3a12979a47bfa0bafa/data/train-00000-of-00001-4746b8785c874cc7.parquet "HTTP/1.1 302 Found"
00:13:06 [INFO] HTTP Request: HEAD https://huggingface.co/datasets/NeelNanda/pile-10k/resolve/127bfedcd5047750df5ccf3a12979a47bfa0bafa/data/train-00000-of-00001-4746b8785c874cc7.parquet "HTTP/1.1 302 Found"
Generating train split:   0%|          | 0/10000 [00:00<?, ? examples/s]Generating train split:   0%|          | 0/10000 [00:00<?, ? examples/s]Generating train split: 100%|██████████| 10000/10000 [00:00<00:00, 108430.38 examples/s]
Generating train split: 100%|██████████| 10000/10000 [00:00<00:00, 108430.38 examples/s]
Map:   0%|          | 0/10000 [00:00<?, ? examples/s]Map:   0%|          | 0/10000 [00:00<?, ? examples/s]Map: 100%|██████████| 10000/10000 [00:06<00:00, 1520.13 examples/s]
Map: 100%|██████████| 10000/10000 [00:06<00:00, 1520.13 examples/s]
Filter:   0%|          | 0/10000 [00:00<?, ? examples/s]Filter:   0%|          | 0/10000 [00:00<?, ? examples/s]Filter: 100%|██████████| 10000/10000 [00:02<00:00, 3667.87 examples/s]
Filter: 100%|██████████| 10000/10000 [00:02<00:00, 3667.87 examples/s]
Casting the dataset:   0%|          | 0/1230 [00:00<?, ? examples/s]Casting the dataset:   0%|          | 0/1230 [00:00<?, ? examples/s]Casting the dataset: 100%|██████████| 1230/1230 [00:00<00:00, 1960.26 examples/s]
Casting the dataset: 100%|██████████| 1230/1230 [00:00<00:00, 1960.26 examples/s]
00:13:18 [INFO] HTTP Request: HEAD https://huggingface.co/datasets/NeelNanda/pile-10k/resolve/main/README.md "HTTP/1.1 307 Temporary Redirect"
00:13:18 [INFO] HTTP Request: HEAD https://huggingface.co/datasets/NeelNanda/pile-10k/resolve/main/README.md "HTTP/1.1 307 Temporary Redirect"
00:13:18 [INFO] HTTP Request: HEAD https://huggingface.co/api/resolve-cache/datasets/NeelNanda/pile-10k/127bfedcd5047750df5ccf3a12979a47bfa0bafa/README.md "HTTP/1.1 200 OK"
00:13:18 [INFO] HTTP Request: HEAD https://huggingface.co/api/resolve-cache/datasets/NeelNanda/pile-10k/127bfedcd5047750df5ccf3a12979a47bfa0bafa/README.md "HTTP/1.1 200 OK"
00:13:18 [INFO] HTTP Request: HEAD https://huggingface.co/datasets/NeelNanda/pile-10k/resolve/127bfedcd5047750df5ccf3a12979a47bfa0bafa/pile-10k.py "HTTP/1.1 404 Not Found"
00:13:18 [INFO] HTTP Request: HEAD https://huggingface.co/datasets/NeelNanda/pile-10k/resolve/127bfedcd5047750df5ccf3a12979a47bfa0bafa/pile-10k.py "HTTP/1.1 404 Not Found"
00:13:18 [INFO] HTTP Request: HEAD https://s3.amazonaws.com/datasets.huggingface.co/datasets/datasets/NeelNanda/pile-10k/NeelNanda/pile-10k.py "HTTP/1.1 404 Not Found"
00:13:18 [INFO] HTTP Request: HEAD https://s3.amazonaws.com/datasets.huggingface.co/datasets/datasets/NeelNanda/pile-10k/NeelNanda/pile-10k.py "HTTP/1.1 404 Not Found"
00:13:18 [INFO] HTTP Request: GET https://huggingface.co/api/datasets/NeelNanda/pile-10k/revision/127bfedcd5047750df5ccf3a12979a47bfa0bafa "HTTP/1.1 200 OK"
00:13:18 [INFO] HTTP Request: GET https://huggingface.co/api/datasets/NeelNanda/pile-10k/revision/127bfedcd5047750df5ccf3a12979a47bfa0bafa "HTTP/1.1 200 OK"
00:13:18 [INFO] HTTP Request: HEAD https://huggingface.co/datasets/NeelNanda/pile-10k/resolve/127bfedcd5047750df5ccf3a12979a47bfa0bafa/.huggingface.yaml "HTTP/1.1 404 Not Found"
00:13:18 [INFO] HTTP Request: HEAD https://huggingface.co/datasets/NeelNanda/pile-10k/resolve/127bfedcd5047750df5ccf3a12979a47bfa0bafa/.huggingface.yaml "HTTP/1.1 404 Not Found"
00:13:18 [INFO] HTTP Request: GET https://datasets-server.huggingface.co/info?dataset=NeelNanda/pile-10k "HTTP/1.1 200 OK"
00:13:18 [INFO] HTTP Request: GET https://datasets-server.huggingface.co/info?dataset=NeelNanda/pile-10k "HTTP/1.1 200 OK"
00:13:18 [INFO] HTTP Request: GET https://huggingface.co/api/datasets/NeelNanda/pile-10k/tree/127bfedcd5047750df5ccf3a12979a47bfa0bafa/data?recursive=true&expand=false "HTTP/1.1 200 OK"
00:13:18 [INFO] HTTP Request: GET https://huggingface.co/api/datasets/NeelNanda/pile-10k/tree/127bfedcd5047750df5ccf3a12979a47bfa0bafa/data?recursive=true&expand=false "HTTP/1.1 200 OK"
00:13:18 [INFO] HTTP Request: GET https://huggingface.co/api/datasets/NeelNanda/pile-10k/tree/127bfedcd5047750df5ccf3a12979a47bfa0bafa?recursive=false&expand=false "HTTP/1.1 200 OK"
00:13:18 [INFO] HTTP Request: GET https://huggingface.co/api/datasets/NeelNanda/pile-10k/tree/127bfedcd5047750df5ccf3a12979a47bfa0bafa?recursive=false&expand=false "HTTP/1.1 200 OK"
[38;20m2026-08-04 00:13:21 INFO data_driven.py L795: caching done[0m
[38;20m2026-08-04 00:13:21 INFO data_driven.py L795: caching done[0m
  0%|          | 0/40 [00:00<?, ?it/s]  0%|          | 0/40 [00:00<?, ?it/s]Quantizing model.language_model.layers.0:   0%|          | 0/40 [00:02<?, ?it/s]Quantizing model.language_model.layers.0:   0%|          | 0/40 [00:02<?, ?it/s][38;20m2026-08-04 00:17:53 INFO quantizer.py L280: Unquantized layers: ['mlp.shared_expert_gate'][0m
[38;20m2026-08-04 00:17:53 INFO quantizer.py L280: Unquantized layers: ['mlp.shared_expert_gate'][0m
[38;20mquantized 776/777 layers in the block, loss iter 0: 0.000011 -> iter 175: 0.000001[0m
[38;20mquantized 776/777 layers in the block, loss iter 0: 0.000011 -> iter 175: 0.000001[0m
[38;20m2026-08-04 00:17:58 INFO device.py L1450: 'peak_ram': 130.74GB, 'peak_vram': 67.61GB[0m
[38;20m2026-08-04 00:17:58 INFO device.py L1450: 'peak_ram': 130.74GB, 'peak_vram': 67.61GB[0m
Quantizing model.language_model.layers.0:   2%|▎         | 1/40 [04:37<3:00:24, 277.56s/it]Quantizing model.language_model.layers.0:   2%|▎         | 1/40 [04:37<3:00:24, 277.56s/it]Quantizing model.language_model.layers.1:   2%|▎         | 1/40 [04:37<3:00:24, 277.56s/it]Quantizing model.language_model.layers.1:   2%|▎         | 1/40 [04:37<3:00:24, 277.56s/it][38;20m2026-08-04 00:21:48 INFO quantizer.py L280: Unquantized layers: ['mlp.shared_expert_gate'][0m
[38;20m2026-08-04 00:21:48 INFO quantizer.py L280: Unquantized layers: ['mlp.shared_expert_gate'][0m
[38;20mquantized 776/777 layers in the block, loss iter 0: 0.000004 -> iter 128: 0.000001[0m
[38;20mquantized 776/777 layers in the block, loss iter 0: 0.000004 -> iter 128: 0.000001[0m
[38;20m2026-08-04 00:21:53 INFO device.py L1450: 'peak_ram': 130.74GB, 'peak_vram': 67.61GB[0m
[38;20m2026-08-04 00:21:53 INFO device.py L1450: 'peak_ram': 130.74GB, 'peak_vram': 67.61GB[0m
Quantizing model.language_model.layers.1:   5%|▌         | 2/40 [08:32<2:39:54, 252.49s/it]Quantizing model.language_model.layers.1:   5%|▌         | 2/40 [08:32<2:39:54, 252.49s/it]Quantizing model.language_model.layers.2:   5%|▌         | 2/40 [08:32<2:39:54, 252.49s/it]Quantizing model.language_model.layers.2:   5%|▌         | 2/40 [08:32<2:39:54, 252.49s/it][38;20m2026-08-04 00:25:55 INFO quantizer.py L280: Unquantized layers: ['mlp.shared_expert_gate'][0m
[38;20m2026-08-04 00:25:55 INFO quantizer.py L280: Unquantized layers: ['mlp.shared_expert_gate'][0m
[38;20mquantized 776/777 layers in the block, loss iter 0: 0.000007 -> iter 171: 0.000002[0m
[38;20mquantized 776/777 layers in the block, loss iter 0: 0.000007 -> iter 171: 0.000002[0m
[38;20m2026-08-04 00:25:59 INFO device.py L1450: 'peak_ram': 131.17GB, 'peak_vram': 67.61GB[0m
[38;20m2026-08-04 00:25:59 INFO device.py L1450: 'peak_ram': 131.17GB, 'peak_vram': 67.61GB[0m
Quantizing model.language_model.layers.2:   8%|▊         | 3/40 [12:38<2:33:52, 249.53s/it]Quantizing model.language_model.layers.3:   8%|▊         | 3/40 [12:38<2:33:52, 249.53s/it]Quantizing model.language_model.layers.2:   8%|▊         | 3/40 [12:38<2:33:52, 249.53s/it]Quantizing model.language_model.layers.3:   8%|▊         | 3/40 [12:38<2:33:52, 249.53s/it]/root/.venv/lib/python3.12/site-packages/torch/autograd/graph.py:979: UserWarning: Flash Attention defaults to a non-deterministic algorithm. To explicitly enable determinism call torch.use_deterministic_algorithms(True, warn_only=False). (Triggered internally at /__w/pytorch/pytorch/aten/src/ATen/native/transformers/cuda/attention_backward.cu:125.)
  return Variable._execution_engine.run_backward(  # Calls into the C++ engine to run the backward pass
/root/.venv/lib/python3.12/site-packages/torch/autograd/graph.py:979: UserWarning: Flash Attention defaults to a non-deterministic algorithm. To explicitly enable determinism call torch.use_deterministic_algorithms(True, warn_only=False). (Triggered internally at /__w/pytorch/pytorch/aten/src/ATen/native/transformers/cuda/attention_backward.cu:125.)
  return Variable._execution_engine.run_backward(  # Calls into the C++ engine to run the backward pass
[38;20m2026-08-04 00:29:00 INFO quantizer.py L280: Unquantized layers: ['mlp.shared_expert_gate'][0m
[38;20m2026-08-04 00:29:00 INFO quantizer.py L280: Unquantized layers: ['mlp.shared_expert_gate'][0m
[38;20mquantized 775/776 layers in the block, loss iter 0: 0.000010 -> iter 173: 0.000004[0m
[38;20mquantized 775/776 layers in the block, loss iter 0: 0.000010 -> iter 173: 0.000004[0m
[38;20m2026-08-04 00:29:03 INFO device.py L1450: 'peak_ram': 131.17GB, 'peak_vram': 67.61GB[0m
Quantizing model.language_model.layers.3:  10%|█         | 4/40 [15:42<2:14:12, 223.69s/it][38;20m2026-08-04 00:29:03 INFO device.py L1450: 'peak_ram': 131.17GB, 'peak_vram': 67.61GB[0m
Quantizing model.language_model.layers.4:  10%|█         | 4/40 [15:42<2:14:12, 223.69s/it]Quantizing model.language_model.layers.3:  10%|█         | 4/40 [15:42<2:14:12, 223.69s/it]Quantizing model.language_model.layers.4:  10%|█         | 4/40 [15:42<2:14:12, 223.69s/it][38;20m2026-08-04 00:32:49 INFO quantizer.py L280: Unquantized layers: ['mlp.shared_expert_gate'][0m
[38;20m2026-08-04 00:32:49 INFO quantizer.py L280: Unquantized layers: ['mlp.shared_expert_gate'][0m
[38;20mquantized 776/777 layers in the block, loss iter 0: 0.000010 -> iter 158: 0.000004[0m
[38;20mquantized 776/777 layers in the block, loss iter 0: 0.000010 -> iter 158: 0.000004[0m
[38;20m2026-08-04 00:32:52 INFO device.py L1450: 'peak_ram': 131.17GB, 'peak_vram': 67.61GB[0m
Quantizing model.language_model.layers.4:  12%|█▎        | 5/40 [19:31<2:11:36, 225.62s/it][38;20m2026-08-04 00:32:52 INFO device.py L1450: 'peak_ram': 131.17GB, 'peak_vram': 67.61GB[0m
Quantizing model.language_model.layers.4:  12%|█▎        | 5/40 [19:31<2:11:36, 225.62s/it]Quantizing model.language_model.layers.5:  12%|█▎        | 5/40 [19:31<2:11:36, 225.62s/it]Quantizing model.language_model.layers.5:  12%|█▎        | 5/40 [19:31<2:11:36, 225.62s/it][38;20m2026-08-04 00:36:44 INFO quantizer.py L280: Unquantized layers: ['mlp.shared_expert_gate'][0m
[38;20m2026-08-04 00:36:44 INFO quantizer.py L280: Unquantized layers: ['mlp.shared_expert_gate'][0m
[38;20mquantized 776/777 layers in the block, loss iter 0: 0.000011 -> iter 165: 0.000006[0m
[38;20mquantized 776/777 layers in the block, loss iter 0: 0.000011 -> iter 165: 0.000006[0m
[38;20m2026-08-04 00:36:48 INFO device.py L1450: 'peak_ram': 131.17GB, 'peak_vram': 67.61GB[0m
[38;20m2026-08-04 00:36:48 INFO device.py L1450: 'peak_ram': 131.17GB, 'peak_vram': 67.61GB[0m
Quantizing model.language_model.layers.5:  15%|█▌        | 6/40 [23:27<2:09:45, 228.98s/it]Quantizing model.language_model.layers.5:  15%|█▌        | 6/40 [23:27<2:09:45, 228.98s/it]Quantizing model.language_model.layers.6:  15%|█▌        | 6/40 [23:27<2:09:45, 228.98s/it]Quantizing model.language_model.layers.6:  15%|█▌        | 6/40 [23:27<2:09:45, 228.98s/it][38;20m2026-08-04 00:40:32 INFO quantizer.py L280: Unquantized layers: ['mlp.shared_expert_gate'][0m
[38;20m2026-08-04 00:40:32 INFO quantizer.py L280: Unquantized layers: ['mlp.shared_expert_gate'][0m
[38;20mquantized 776/777 layers in the block, loss iter 0: 0.000011 -> iter 170: 0.000006[0m
[38;20mquantized 776/777 layers in the block, loss iter 0: 0.000011 -> iter 170: 0.000006[0m
[38;20m2026-08-04 00:40:36 INFO device.py L1450: 'peak_ram': 131.17GB, 'peak_vram': 67.61GB[0m
[38;20m2026-08-04 00:40:36 INFO device.py L1450: 'peak_ram': 131.17GB, 'peak_vram': 67.61GB[0m
Quantizing model.language_model.layers.6:  18%|█▊        | 7/40 [27:15<2:05:50, 228.80s/it]Quantizing model.language_model.layers.6:  18%|█▊        | 7/40 [27:15<2:05:50, 228.80s/it]Quantizing model.language_model.layers.7:  18%|█▊        | 7/40 [27:15<2:05:50, 228.80s/it]Quantizing model.language_model.layers.7:  18%|█▊        | 7/40 [27:15<2:05:50, 228.80s/it][38;20m2026-08-04 00:43:30 INFO quantizer.py L280: Unquantized layers: ['mlp.shared_expert_gate'][0m
[38;20m2026-08-04 00:43:30 INFO quantizer.py L280: Unquantized layers: ['mlp.shared_expert_gate'][0m
[38;20mquantized 775/776 layers in the block, loss iter 0: 0.000019 -> iter 154: 0.000009[0m
[38;20mquantized 775/776 layers in the block, loss iter 0: 0.000019 -> iter 154: 0.000009[0m
[38;20m2026-08-04 00:43:34 INFO device.py L1450: 'peak_ram': 131.17GB, 'peak_vram': 67.61GB[0m
[38;20m2026-08-04 00:43:34 INFO device.py L1450: 'peak_ram': 131.17GB, 'peak_vram': 67.61GB[0m
Quantizing model.language_model.layers.7:  20%|██        | 8/40 [30:13<1:53:24, 212.65s/it]Quantizing model.language_model.layers.7:  20%|██        | 8/40 [30:13<1:53:24, 212.65s/it]Quantizing model.language_model.layers.8:  20%|██        | 8/40 [30:13<1:53:24, 212.65s/it]Quantizing model.language_model.layers.8:  20%|██        | 8/40 [30:13<1:53:24, 212.65s/it][38;20m2026-08-04 00:47:33 INFO quantizer.py L280: Unquantized layers: ['mlp.shared_expert_gate'][0m
[38;20m2026-08-04 00:47:33 INFO quantizer.py L280: Unquantized layers: ['mlp.shared_expert_gate'][0m
[38;20mquantized 776/777 layers in the block, loss iter 0: 0.000019 -> iter 152: 0.000011[0m
[38;20mquantized 776/777 layers in the block, loss iter 0: 0.000019 -> iter 152: 0.000011[0m
[38;20m2026-08-04 00:47:37 INFO device.py L1450: 'peak_ram': 131.17GB, 'peak_vram': 67.61GB[0m
[38;20m2026-08-04 00:47:37 INFO device.py L1450: 'peak_ram': 131.17GB, 'peak_vram': 67.61GB[0m
Quantizing model.language_model.layers.8:  22%|██▎       | 9/40 [34:16<1:54:45, 222.11s/it]Quantizing model.language_model.layers.9:  22%|██▎       | 9/40 [34:16<1:54:45, 222.11s/it]Quantizing model.language_model.layers.8:  22%|██▎       | 9/40 [34:16<1:54:45, 222.11s/it]Quantizing model.language_model.layers.9:  22%|██▎       | 9/40 [34:16<1:54:45, 222.11s/it][38;20m2026-08-04 00:51:41 INFO quantizer.py L280: Unquantized layers: ['mlp.shared_expert_gate'][0m
[38;20m2026-08-04 00:51:41 INFO quantizer.py L280: Unquantized layers: ['mlp.shared_expert_gate'][0m
[38;20mquantized 776/777 layers in the block, loss iter 0: 0.000023 -> iter 194: 0.000013[0m
[38;20mquantized 776/777 layers in the block, loss iter 0: 0.000023 -> iter 194: 0.000013[0m
[38;20m2026-08-04 00:51:45 INFO device.py L1450: 'peak_ram': 131.17GB, 'peak_vram': 67.61GB[0m
Quantizing model.language_model.layers.9:  25%|██▌       | 10/40 [38:24<1:55:03, 230.11s/it][38;20m2026-08-04 00:51:45 INFO device.py L1450: 'peak_ram': 131.17GB, 'peak_vram': 67.61GB[0m
Quantizing model.language_model.layers.9:  25%|██▌       | 10/40 [38:24<1:55:03, 230.11s/it]Quantizing model.language_model.layers.10:  25%|██▌       | 10/40 [38:24<1:55:03, 230.11s/it]Quantizing model.language_model.layers.10:  25%|██▌       | 10/40 [38:24<1:55:03, 230.11s/it][38;20m2026-08-04 00:55:36 INFO quantizer.py L280: Unquantized layers: ['mlp.shared_expert_gate'][0m
[38;20m2026-08-04 00:55:36 INFO quantizer.py L280: Unquantized layers: ['mlp.shared_expert_gate'][0m
[38;20mquantized 776/777 layers in the block, loss iter 0: 0.000033 -> iter 178: 0.000015[0m
[38;20mquantized 776/777 layers in the block, loss iter 0: 0.000033 -> iter 178: 0.000015[0m
[38;20m2026-08-04 00:55:41 INFO device.py L1450: 'peak_ram': 131.17GB, 'peak_vram': 67.61GB[0m
[38;20m2026-08-04 00:55:41 INFO device.py L1450: 'peak_ram': 131.17GB, 'peak_vram': 67.61GB[0m
Quantizing model.language_model.layers.10:  28%|██▊       | 11/40 [42:20<1:52:05, 231.92s/it]Quantizing model.language_model.layers.10:  28%|██▊       | 11/40 [42:20<1:52:05, 231.92s/it]Quantizing model.language_model.layers.11:  28%|██▊       | 11/40 [42:20<1:52:05, 231.92s/it]Quantizing model.language_model.layers.11:  28%|██▊       | 11/40 [42:20<1:52:05, 231.92s/it][38;20m2026-08-04 00:58:33 INFO quantizer.py L280: Unquantized layers: ['mlp.shared_expert_gate'][0m
[38;20m2026-08-04 00:58:33 INFO quantizer.py L280: Unquantized layers: ['mlp.shared_expert_gate'][0m
[38;20mquantized 775/776 layers in the block, loss iter 0: 0.000036 -> iter 187: 0.000019[0m
[38;20mquantized 775/776 layers in the block, loss iter 0: 0.000036 -> iter 187: 0.000019[0m
[38;20m2026-08-04 00:58:37 INFO device.py L1450: 'peak_ram': 131.17GB, 'peak_vram': 67.61GB[0m
[38;20m2026-08-04 00:58:37 INFO device.py L1450: 'peak_ram': 131.17GB, 'peak_vram': 67.61GB[0m
Quantizing model.language_model.layers.11:  30%|███       | 12/40 [45:16<1:40:13, 214.77s/it]Quantizing model.language_model.layers.11:  30%|███       | 12/40 [45:16<1:40:13, 214.77s/it]Quantizing model.language_model.layers.12:  30%|███       | 12/40 [45:16<1:40:13, 214.77s/it]Quantizing model.language_model.layers.12:  30%|███       | 12/40 [45:16<1:40:13, 214.77s/it][38;20m2026-08-04 01:02:28 INFO quantizer.py L280: Unquantized layers: ['mlp.shared_expert_gate'][0m
[38;20m2026-08-04 01:02:28 INFO quantizer.py L280: Unquantized layers: ['mlp.shared_expert_gate'][0m
[38;20mquantized 776/777 layers in the block, loss iter 0: 0.000034 -> iter 191: 0.000019[0m
[38;20mquantized 776/777 layers in the block, loss iter 0: 0.000034 -> iter 191: 0.000019[0m
[38;20m2026-08-04 01:02:33 INFO device.py L1450: 'peak_ram': 131.17GB, 'peak_vram': 67.61GB[0m
Quantizing model.language_model.layers.12:  32%|███▎      | 13/40 [49:12<1:39:34, 221.26s/it][38;20m2026-08-04 01:02:33 INFO device.py L1450: 'peak_ram': 131.17GB, 'peak_vram': 67.61GB[0m
Quantizing model.language_model.layers.12:  32%|███▎      | 13/40 [49:12<1:39:34, 221.26s/it]Quantizing model.language_model.layers.13:  32%|███▎      | 13/40 [49:12<1:39:34, 221.26s/it]Quantizing model.language_model.layers.13:  32%|███▎      | 13/40 [49:12<1:39:34, 221.26s/it][38;20m2026-08-04 01:06:19 INFO quantizer.py L280: Unquantized layers: ['mlp.shared_expert_gate'][0m
[38;20m2026-08-04 01:06:19 INFO quantizer.py L280: Unquantized layers: ['mlp.shared_expert_gate'][0m
[38;20mquantized 776/777 layers in the block, loss iter 0: 0.000038 -> iter 191: 0.000024[0m
[38;20mquantized 776/777 layers in the block, loss iter 0: 0.000038 -> iter 191: 0.000024[0m
[38;20m2026-08-04 01:06:23 INFO device.py L1450: 'peak_ram': 131.17GB, 'peak_vram': 67.61GB[0m
[38;20m2026-08-04 01:06:23 INFO device.py L1450: 'peak_ram': 131.17GB, 'peak_vram': 67.61GB[0m
Quantizing model.language_model.layers.13:  35%|███▌      | 14/40 [53:02<1:37:01, 223.90s/it]Quantizing model.language_model.layers.13:  35%|███▌      | 14/40 [53:02<1:37:01, 223.90s/it]Quantizing model.language_model.layers.14:  35%|███▌      | 14/40 [53:02<1:37:01, 223.90s/it]Quantizing model.language_model.layers.14:  35%|███▌      | 14/40 [53:02<1:37:01, 223.90s/it][38;20m2026-08-04 01:10:07 INFO quantizer.py L280: Unquantized layers: ['mlp.shared_expert_gate'][0m
[38;20m2026-08-04 01:10:07 INFO quantizer.py L280: Unquantized layers: ['mlp.shared_expert_gate'][0m
[38;20mquantized 776/777 layers in the block, loss iter 0: 0.000040 -> iter 170: 0.000025[0m
[38;20mquantized 776/777 layers in the block, loss iter 0: 0.000040 -> iter 170: 0.000025[0m
[38;20m2026-08-04 01:10:11 INFO device.py L1450: 'peak_ram': 131.17GB, 'peak_vram': 67.61GB[0m
[38;20m2026-08-04 01:10:11 INFO device.py L1450: 'peak_ram': 131.17GB, 'peak_vram': 67.61GB[0m
Quantizing model.language_model.layers.14:  38%|███▊      | 15/40 [56:50<1:33:50, 225.20s/it]Quantizing model.language_model.layers.14:  38%|███▊      | 15/40 [56:50<1:33:50, 225.20s/it]Quantizing model.language_model.layers.15:  38%|███▊      | 15/40 [56:50<1:33:50, 225.20s/it]Quantizing model.language_model.layers.15:  38%|███▊      | 15/40 [56:50<1:33:50, 225.20s/it][38;20m2026-08-04 01:13:01 INFO quantizer.py L280: Unquantized layers: ['mlp.shared_expert_gate'][0m
[38;20m2026-08-04 01:13:01 INFO quantizer.py L280: Unquantized layers: ['mlp.shared_expert_gate'][0m
[38;20mquantized 775/776 layers in the block, loss iter 0: 0.000070 -> iter 131: 0.000035[0m
[38;20mquantized 775/776 layers in the block, loss iter 0: 0.000070 -> iter 131: 0.000035[0m
[38;20m2026-08-04 01:13:05 INFO device.py L1450: 'peak_ram': 131.17GB, 'peak_vram': 67.61GB[0m
[38;20m2026-08-04 01:13:05 INFO device.py L1450: 'peak_ram': 131.17GB, 'peak_vram': 67.61GB[0m
Quantizing model.language_model.layers.15:  40%|████      | 16/40 [59:44<1:23:54, 209.75s/it]Quantizing model.language_model.layers.15:  40%|████      | 16/40 [59:44<1:23:54, 209.75s/it]Quantizing model.language_model.layers.16:  40%|████      | 16/40 [59:44<1:23:54, 209.75s/it]Quantizing model.language_model.layers.16:  40%|████      | 16/40 [59:44<1:23:54, 209.75s/it][38;20m2026-08-04 01:16:51 INFO quantizer.py L280: Unquantized layers: ['mlp.shared_expert_gate'][0m
[38;20m2026-08-04 01:16:51 INFO quantizer.py L280: Unquantized layers: ['mlp.shared_expert_gate'][0m
[38;20mquantized 776/777 layers in the block, loss iter 0: 0.000062 -> iter 106: 0.000040[0m
[38;20mquantized 776/777 layers in the block, loss iter 0: 0.000062 -> iter 106: 0.000040[0m
[38;20m2026-08-04 01:16:55 INFO device.py L1450: 'peak_ram': 131.17GB, 'peak_vram': 67.61GB[0m
Quantizing model.language_model.layers.16:  42%|████▎     | 17/40 [1:03:34<1:22:43, 215.83s/it][38;20m2026-08-04 01:16:55 INFO device.py L1450: 'peak_ram': 131.17GB, 'peak_vram': 67.61GB[0m
Quantizing model.language_model.layers.17:  42%|████▎     | 17/40 [1:03:34<1:22:43, 215.83s/it]Quantizing model.language_model.layers.16:  42%|████▎     | 17/40 [1:03:34<1:22:43, 215.83s/it]Quantizing model.language_model.layers.17:  42%|████▎     | 17/40 [1:03:34<1:22:43, 215.83s/it][38;20m2026-08-04 01:20:42 INFO quantizer.py L280: Unquantized layers: ['mlp.shared_expert_gate'][0m
[38;20m2026-08-04 01:20:42 INFO quantizer.py L280: Unquantized layers: ['mlp.shared_expert_gate'][0m
[38;20mquantized 776/777 layers in the block, loss iter 0: 0.000063 -> iter 193: 0.000041[0m
[38;20mquantized 776/777 layers in the block, loss iter 0: 0.000063 -> iter 193: 0.000041[0m
[38;20m2026-08-04 01:20:46 INFO device.py L1450: 'peak_ram': 131.17GB, 'peak_vram': 67.61GB[0m
[38;20m2026-08-04 01:20:46 INFO device.py L1450: 'peak_ram': 131.17GB, 'peak_vram': 67.61GB[0m
Quantizing model.language_model.layers.17:  45%|████▌     | 18/40 [1:07:25<1:20:47, 220.32s/it]Quantizing model.language_model.layers.17:  45%|████▌     | 18/40 [1:07:25<1:20:47, 220.32s/it]Quantizing model.language_model.layers.18:  45%|████▌     | 18/40 [1:07:25<1:20:47, 220.32s/it]Quantizing model.language_model.layers.18:  45%|████▌     | 18/40 [1:07:25<1:20:47, 220.32s/it][38;20m2026-08-04 01:24:30 INFO quantizer.py L280: Unquantized layers: ['mlp.shared_expert_gate'][0m
[38;20m2026-08-04 01:24:30 INFO quantizer.py L280: Unquantized layers: ['mlp.shared_expert_gate'][0m
[38;20mquantized 776/777 layers in the block, loss iter 0: 0.000075 -> iter 192: 0.000050[0m
[38;20mquantized 776/777 layers in the block, loss iter 0: 0.000075 -> iter 192: 0.000050[0m
[38;20m2026-08-04 01:24:34 INFO device.py L1450: 'peak_ram': 131.17GB, 'peak_vram': 67.61GB[0m
[38;20m2026-08-04 01:24:34 INFO device.py L1450: 'peak_ram': 131.17GB, 'peak_vram': 67.61GB[0m
Quantizing model.language_model.layers.18:  48%|████▊     | 19/40 [1:11:13<1:17:57, 222.74s/it]Quantizing model.language_model.layers.18:  48%|████▊     | 19/40 [1:11:13<1:17:57, 222.74s/it]Quantizing model.language_model.layers.19:  48%|████▊     | 19/40 [1:11:13<1:17:57, 222.74s/it]Quantizing model.language_model.layers.19:  48%|████▊     | 19/40 [1:11:13<1:17:57, 222.74s/it][38;20m2026-08-04 01:27:20 INFO quantizer.py L280: Unquantized layers: ['mlp.shared_expert_gate'][0m
[38;20m2026-08-04 01:27:20 INFO quantizer.py L280: Unquantized layers: ['mlp.shared_expert_gate'][0m
[38;20mquantized 775/776 layers in the block, loss iter 0: 0.000097 -> iter 134: 0.000065[0m
[38;20mquantized 775/776 layers in the block, loss iter 0: 0.000097 -> iter 134: 0.000065[0m
[38;20m2026-08-04 01:27:24 INFO device.py L1450: 'peak_ram': 131.17GB, 'peak_vram': 67.61GB[0m
[38;20m2026-08-04 01:27:24 INFO device.py L1450: 'peak_ram': 131.17GB, 'peak_vram': 67.61GB[0m
Quantizing model.language_model.layers.19:  50%|█████     | 20/40 [1:14:03<1:08:55, 206.80s/it]Quantizing model.language_model.layers.20:  50%|█████     | 20/40 [1:14:03<1:08:55, 206.80s/it]Quantizing model.language_model.layers.19:  50%|█████     | 20/40 [1:14:03<1:08:55, 206.80s/it]Quantizing model.language_model.layers.20:  50%|█████     | 20/40 [1:14:03<1:08:55, 206.80s/it][38;20m2026-08-04 01:31:09 INFO quantizer.py L280: Unquantized layers: ['mlp.shared_expert_gate'][0m
[38;20m2026-08-04 01:31:09 INFO quantizer.py L280: Unquantized layers: ['mlp.shared_expert_gate'][0m
[38;20mquantized 776/777 layers in the block, loss iter 0: 0.000090 -> iter 164: 0.000065[0m
[38;20mquantized 776/777 layers in the block, loss iter 0: 0.000090 -> iter 164: 0.000065[0m
[38;20m2026-08-04 01:31:15 INFO device.py L1450: 'peak_ram': 131.17GB, 'peak_vram': 67.61GB[0m
[38;20m2026-08-04 01:31:15 INFO device.py L1450: 'peak_ram': 131.17GB, 'peak_vram': 67.61GB[0m
Quantizing model.language_model.layers.20:  52%|█████▎    | 21/40 [1:17:54<1:07:46, 214.04s/it]Quantizing model.language_model.layers.20:  52%|█████▎    | 21/40 [1:17:54<1:07:46, 214.04s/it]Quantizing model.language_model.layers.21:  52%|█████▎    | 21/40 [1:17:54<1:07:46, 214.04s/it]Quantizing model.language_model.layers.21:  52%|█████▎    | 21/40 [1:17:54<1:07:46, 214.04s/it][38;20m2026-08-04 01:34:59 INFO quantizer.py L280: Unquantized layers: ['mlp.shared_expert_gate'][0m
[38;20m2026-08-04 01:34:59 INFO quantizer.py L280: Unquantized layers: ['mlp.shared_expert_gate'][0m
[38;20mquantized 776/777 layers in the block, loss iter 0: 0.000098 -> iter 162: 0.000065[0m
[38;20mquantized 776/777 layers in the block, loss iter 0: 0.000098 -> iter 162: 0.000065[0m
[38;20m2026-08-04 01:35:04 INFO device.py L1450: 'peak_ram': 131.17GB, 'peak_vram': 67.61GB[0m
Quantizing model.language_model.layers.21:  55%|█████▌    | 22/40 [1:21:43<1:05:34, 218.57s/it][38;20m2026-08-04 01:35:04 INFO device.py L1450: 'peak_ram': 131.17GB, 'peak_vram': 67.61GB[0m
Quantizing model.language_model.layers.22:  55%|█████▌    | 22/40 [1:21:43<1:05:34, 218.57s/it]Quantizing model.language_model.layers.21:  55%|█████▌    | 22/40 [1:21:43<1:05:34, 218.57s/it]Quantizing model.language_model.layers.22:  55%|█████▌    | 22/40 [1:21:43<1:05:34, 218.57s/it][38;20m2026-08-04 01:38:51 INFO quantizer.py L280: Unquantized layers: ['mlp.shared_expert_gate'][0m
[38;20m2026-08-04 01:38:51 INFO quantizer.py L280: Unquantized layers: ['mlp.shared_expert_gate'][0m
[38;20mquantized 776/777 layers in the block, loss iter 0: 0.000109 -> iter 190: 0.000064[0m
[38;20mquantized 776/777 layers in the block, loss iter 0: 0.000109 -> iter 190: 0.000064[0m
[38;20m2026-08-04 01:38:55 INFO device.py L1450: 'peak_ram': 131.17GB, 'peak_vram': 67.61GB[0m
[38;20m2026-08-04 01:38:55 INFO device.py L1450: 'peak_ram': 131.17GB, 'peak_vram': 67.61GB[0m
Quantizing model.language_model.layers.22:  57%|█████▊    | 23/40 [1:25:34<1:02:59, 222.33s/it]Quantizing model.language_model.layers.22:  57%|█████▊    | 23/40 [1:25:34<1:02:59, 222.33s/it]Quantizing model.language_model.layers.23:  57%|█████▊    | 23/40 [1:25:34<1:02:59, 222.33s/it]Quantizing model.language_model.layers.23:  57%|█████▊    | 23/40 [1:25:34<1:02:59, 222.33s/it][38;20m2026-08-04 01:41:45 INFO quantizer.py L280: Unquantized layers: ['mlp.shared_expert_gate'][0m
[38;20m2026-08-04 01:41:45 INFO quantizer.py L280: Unquantized layers: ['mlp.shared_expert_gate'][0m
[38;20mquantized 775/776 layers in the block, loss iter 0: 0.000139 -> iter 188: 0.000086[0m
[38;20mquantized 775/776 layers in the block, loss iter 0: 0.000139 -> iter 188: 0.000086[0m
[38;20m2026-08-04 01:41:49 INFO device.py L1450: 'peak_ram': 131.17GB, 'peak_vram': 67.61GB[0m
[38;20m2026-08-04 01:41:49 INFO device.py L1450: 'peak_ram': 131.17GB, 'peak_vram': 67.61GB[0m
Quantizing model.language_model.layers.23:  60%|██████    | 24/40 [1:28:28<55:24, 207.78s/it]  Quantizing model.language_model.layers.24:  60%|██████    | 24/40 [1:28:28<55:24, 207.78s/it]Quantizing model.language_model.layers.23:  60%|██████    | 24/40 [1:28:28<55:24, 207.78s/it]  Quantizing model.language_model.layers.24:  60%|██████    | 24/40 [1:28:28<55:24, 207.78s/it][38;20m2026-08-04 01:45:31 INFO quantizer.py L280: Unquantized layers: ['mlp.shared_expert_gate'][0m
[38;20m2026-08-04 01:45:31 INFO quantizer.py L280: Unquantized layers: ['mlp.shared_expert_gate'][0m
[38;20mquantized 776/777 layers in the block, loss iter 0: 0.000120 -> iter 164: 0.000080[0m
[38;20mquantized 776/777 layers in the block, loss iter 0: 0.000120 -> iter 164: 0.000080[0m
[38;20m2026-08-04 01:45:35 INFO device.py L1450: 'peak_ram': 131.17GB, 'peak_vram': 67.61GB[0m
Quantizing model.language_model.layers.24:  62%|██████▎   | 25/40 [1:32:14<53:19, 213.28s/it][38;20m2026-08-04 01:45:35 INFO device.py L1450: 'peak_ram': 131.17GB, 'peak_vram': 67.61GB[0m
Quantizing model.language_model.layers.25:  62%|██████▎   | 25/40 [1:32:14<53:19, 213.28s/it]Quantizing model.language_model.layers.24:  62%|██████▎   | 25/40 [1:32:14<53:19, 213.28s/it]Quantizing model.language_model.layers.25:  62%|██████▎   | 25/40 [1:32:14<53:19, 213.28s/it][38;20m2026-08-04 01:49:17 INFO quantizer.py L280: Unquantized layers: ['mlp.shared_expert_gate'][0m
[38;20m2026-08-04 01:49:17 INFO quantizer.py L280: Unquantized layers: ['mlp.shared_expert_gate'][0m
[38;20mquantized 776/777 layers in the block, loss iter 0: 0.000127 -> iter 116: 0.000089[0m
[38;20mquantized 776/777 layers in the block, loss iter 0: 0.000127 -> iter 116: 0.000089[0m
[38;20m2026-08-04 01:49:21 INFO device.py L1450: 'peak_ram': 131.17GB, 'peak_vram': 67.61GB[0m
[38;20m2026-08-04 01:49:21 INFO device.py L1450: 'peak_ram': 131.17GB, 'peak_vram': 67.61GB[0m
Quantizing model.language_model.layers.25:  65%|██████▌   | 26/40 [1:36:00<50:39, 217.11s/it]Quantizing model.language_model.layers.25:  65%|██████▌   | 26/40 [1:36:00<50:39, 217.11s/it]Quantizing model.language_model.layers.26:  65%|██████▌   | 26/40 [1:36:00<50:39, 217.11s/it]Quantizing model.language_model.layers.26:  65%|██████▌   | 26/40 [1:36:00<50:39, 217.11s/it][38;20m2026-08-04 01:53:05 INFO quantizer.py L280: Unquantized layers: ['mlp.shared_expert_gate'][0m
[38;20m2026-08-04 01:53:05 INFO quantizer.py L280: Unquantized layers: ['mlp.shared_expert_gate'][0m
[38;20mquantized 776/777 layers in the block, loss iter 0: 0.000139 -> iter 174: 0.000095[0m
[38;20mquantized 776/777 layers in the block, loss iter 0: 0.000139 -> iter 174: 0.000095[0m
[38;20m2026-08-04 01:53:09 INFO device.py L1450: 'peak_ram': 131.17GB, 'peak_vram': 67.61GB[0m
Quantizing model.language_model.layers.26:  68%|██████▊   | 27/40 [1:39:47<47:43, 220.25s/it][38;20m2026-08-04 01:53:09 INFO device.py L1450: 'peak_ram': 131.17GB, 'peak_vram': 67.61GB[0m
Quantizing model.language_model.layers.26:  68%|██████▊   | 27/40 [1:39:47<47:43, 220.25s/it]Quantizing model.language_model.layers.27:  68%|██████▊   | 27/40 [1:39:47<47:43, 220.25s/it]Quantizing model.language_model.layers.27:  68%|██████▊   | 27/40 [1:39:47<47:43, 220.25s/it][38;20m2026-08-04 01:55:56 INFO quantizer.py L280: Unquantized layers: ['mlp.shared_expert_gate'][0m
[38;20m2026-08-04 01:55:56 INFO quantizer.py L280: Unquantized layers: ['mlp.shared_expert_gate'][0m
[38;20mquantized 775/776 layers in the block, loss iter 0: 0.000166 -> iter 176: 0.000114[0m
[38;20mquantized 775/776 layers in the block, loss iter 0: 0.000166 -> iter 176: 0.000114[0m
[38;20m2026-08-04 01:55:59 INFO device.py L1450: 'peak_ram': 131.17GB, 'peak_vram': 67.61GB[0m
[38;20m2026-08-04 01:55:59 INFO device.py L1450: 'peak_ram': 131.17GB, 'peak_vram': 67.61GB[0m
Quantizing model.language_model.layers.27:  70%|███████   | 28/40 [1:42:38<41:05, 205.44s/it]Quantizing model.language_model.layers.28:  70%|███████   | 28/40 [1:42:38<41:05, 205.44s/it]Quantizing model.language_model.layers.27:  70%|███████   | 28/40 [1:42:38<41:05, 205.44s/it]Quantizing model.language_model.layers.28:  70%|███████   | 28/40 [1:42:38<41:05, 205.44s/it][38;20m2026-08-04 01:59:42 INFO quantizer.py L280: Unquantized layers: ['mlp.shared_expert_gate'][0m
[38;20m2026-08-04 01:59:42 INFO quantizer.py L280: Unquantized layers: ['mlp.shared_expert_gate'][0m
[38;20mquantized 776/777 layers in the block, loss iter 0: 0.000160 -> iter 160: 0.000112[0m
[38;20mquantized 776/777 layers in the block, loss iter 0: 0.000160 -> iter 160: 0.000112[0m
[38;20m2026-08-04 01:59:46 INFO device.py L1450: 'peak_ram': 131.17GB, 'peak_vram': 67.61GB[0m
[38;20m2026-08-04 01:59:46 INFO device.py L1450: 'peak_ram': 131.17GB, 'peak_vram': 67.61GB[0m
Quantizing model.language_model.layers.28:  72%|███████▎  | 29/40 [1:46:25<38:49, 211.75s/it]Quantizing model.language_model.layers.28:  72%|███████▎  | 29/40 [1:46:25<38:49, 211.75s/it]Quantizing model.language_model.layers.29:  72%|███████▎  | 29/40 [1:46:25<38:49, 211.75s/it]Quantizing model.language_model.layers.29:  72%|███████▎  | 29/40 [1:46:25<38:49, 211.75s/it][38;20m2026-08-04 02:03:34 INFO quantizer.py L280: Unquantized layers: ['mlp.shared_expert_gate'][0m
[38;20m2026-08-04 02:03:34 INFO quantizer.py L280: Unquantized layers: ['mlp.shared_expert_gate'][0m
[38;20mquantized 776/777 layers in the block, loss iter 0: 0.000153 -> iter 196: 0.000110[0m
[38;20mquantized 776/777 layers in the block, loss iter 0: 0.000153 -> iter 196: 0.000110[0m
[38;20m2026-08-04 02:03:37 INFO device.py L1450: 'peak_ram': 131.17GB, 'peak_vram': 67.61GB[0m
Quantizing model.language_model.layers.29:  75%|███████▌  | 30/40 [1:50:16<36:16, 217.65s/it][38;20m2026-08-04 02:03:37 INFO device.py L1450: 'peak_ram': 131.17GB, 'peak_vram': 67.61GB[0m
Quantizing model.language_model.layers.29:  75%|███████▌  | 30/40 [1:50:16<36:16, 217.65s/it]Quantizing model.language_model.layers.30:  75%|███████▌  | 30/40 [1:50:16<36:16, 217.65s/it]Quantizing model.language_model.layers.30:  75%|███████▌  | 30/40 [1:50:16<36:16, 217.65s/it][38;20m2026-08-04 02:07:17 INFO quantizer.py L280: Unquantized layers: ['mlp.shared_expert_gate'][0m
[38;20m2026-08-04 02:07:17 INFO quantizer.py L280: Unquantized layers: ['mlp.shared_expert_gate'][0m
[38;20mquantized 776/777 layers in the block, loss iter 0: 0.000166 -> iter 189: 0.000123[0m
[38;20mquantized 776/777 layers in the block, loss iter 0: 0.000166 -> iter 189: 0.000123[0m
[38;20m2026-08-04 02:07:23 INFO device.py L1450: 'peak_ram': 131.17GB, 'peak_vram': 67.61GB[0m
[38;20m2026-08-04 02:07:23 INFO device.py L1450: 'peak_ram': 131.17GB, 'peak_vram': 67.61GB[0m
Quantizing model.language_model.layers.30:  78%|███████▊  | 31/40 [1:54:02<32:59, 219.98s/it]Quantizing model.language_model.layers.30:  78%|███████▊  | 31/40 [1:54:02<32:59, 219.98s/it]Quantizing model.language_model.layers.31:  78%|███████▊  | 31/40 [1:54:02<32:59, 219.98s/it]Quantizing model.language_model.layers.31:  78%|███████▊  | 31/40 [1:54:02<32:59, 219.98s/it][38;20m2026-08-04 02:10:07 INFO quantizer.py L280: Unquantized layers: ['mlp.shared_expert_gate'][0m
[38;20m2026-08-04 02:10:07 INFO quantizer.py L280: Unquantized layers: ['mlp.shared_expert_gate'][0m
[38;20mquantized 775/776 layers in the block, loss iter 0: 0.000287 -> iter 169: 0.000153[0m
[38;20mquantized 775/776 layers in the block, loss iter 0: 0.000287 -> iter 169: 0.000153[0m
[38;20m2026-08-04 02:10:11 INFO device.py L1450: 'peak_ram': 131.17GB, 'peak_vram': 67.61GB[0m
Quantizing model.language_model.layers.31:  80%|████████  | 32/40 [1:56:50<27:15, 204.38s/it][38;20m2026-08-04 02:10:11 INFO device.py L1450: 'peak_ram': 131.17GB, 'peak_vram': 67.61GB[0m
Quantizing model.language_model.layers.32:  80%|████████  | 32/40 [1:56:50<27:15, 204.38s/it]Quantizing model.language_model.layers.31:  80%|████████  | 32/40 [1:56:50<27:15, 204.38s/it]Quantizing model.language_model.layers.32:  80%|████████  | 32/40 [1:56:50<27:15, 204.38s/it][38;20m2026-08-04 02:13:54 INFO quantizer.py L280: Unquantized layers: ['mlp.shared_expert_gate'][0m
[38;20m2026-08-04 02:13:54 INFO quantizer.py L280: Unquantized layers: ['mlp.shared_expert_gate'][0m
[38;20mquantized 776/777 layers in the block, loss iter 0: 0.000292 -> iter 169: 0.000184[0m
[38;20mquantized 776/777 layers in the block, loss iter 0: 0.000292 -> iter 169: 0.000184[0m
[38;20m2026-08-04 02:13:59 INFO device.py L1450: 'peak_ram': 131.17GB, 'peak_vram': 67.61GB[0m
[38;20m2026-08-04 02:13:59 INFO device.py L1450: 'peak_ram': 131.17GB, 'peak_vram': 67.61GB[0m
Quantizing model.language_model.layers.32:  82%|████████▎ | 33/40 [2:00:37<24:39, 211.41s/it]Quantizing model.language_model.layers.32:  82%|████████▎ | 33/40 [2:00:37<24:39, 211.41s/it]Quantizing model.language_model.layers.33:  82%|████████▎ | 33/40 [2:00:37<24:39, 211.41s/it]Quantizing model.language_model.layers.33:  82%|████████▎ | 33/40 [2:00:37<24:39, 211.41s/it][38;20m2026-08-04 02:17:37 INFO quantizer.py L280: Unquantized layers: ['mlp.shared_expert_gate'][0m
[38;20m2026-08-04 02:17:37 INFO quantizer.py L280: Unquantized layers: ['mlp.shared_expert_gate'][0m
[38;20mquantized 776/777 layers in the block, loss iter 0: 0.000347 -> iter 171: 0.000222[0m
[38;20mquantized 776/777 layers in the block, loss iter 0: 0.000347 -> iter 171: 0.000222[0m
[38;20m2026-08-04 02:17:41 INFO device.py L1450: 'peak_ram': 131.17GB, 'peak_vram': 67.61GB[0m
[38;20m2026-08-04 02:17:41 INFO device.py L1450: 'peak_ram': 131.17GB, 'peak_vram': 67.61GB[0m
Quantizing model.language_model.layers.33:  85%|████████▌ | 34/40 [2:04:20<21:28, 214.77s/it]Quantizing model.language_model.layers.34:  85%|████████▌ | 34/40 [2:04:20<21:28, 214.77s/it]Quantizing model.language_model.layers.33:  85%|████████▌ | 34/40 [2:04:20<21:28, 214.77s/it]Quantizing model.language_model.layers.34:  85%|████████▌ | 34/40 [2:04:20<21:28, 214.77s/it][38;20m2026-08-04 02:21:31 INFO quantizer.py L280: Unquantized layers: ['mlp.shared_expert_gate'][0m
[38;20m2026-08-04 02:21:31 INFO quantizer.py L280: Unquantized layers: ['mlp.shared_expert_gate'][0m
[38;20mquantized 776/777 layers in the block, loss iter 0: 0.000445 -> iter 193: 0.000257[0m
[38;20mquantized 776/777 layers in the block, loss iter 0: 0.000445 -> iter 193: 0.000257[0m
[38;20m2026-08-04 02:21:34 INFO device.py L1450: 'peak_ram': 131.17GB, 'peak_vram': 67.61GB[0m
Quantizing model.language_model.layers.34:  88%|████████▊ | 35/40 [2:08:13<18:21, 220.30s/it]Quantizing model.language_model.layers.35:  88%|████████▊ | 35/40 [2:08:13<18:21, 220.30s/it][38;20m2026-08-04 02:21:34 INFO device.py L1450: 'peak_ram': 131.17GB, 'peak_vram': 67.61GB[0m
Quantizing model.language_model.layers.34:  88%|████████▊ | 35/40 [2:08:13<18:21, 220.30s/it]Quantizing model.language_model.layers.35:  88%|████████▊ | 35/40 [2:08:13<18:21, 220.30s/it][38;20m2026-08-04 02:24:21 INFO quantizer.py L280: Unquantized layers: ['mlp.shared_expert_gate'][0m
[38;20m2026-08-04 02:24:21 INFO quantizer.py L280: Unquantized layers: ['mlp.shared_expert_gate'][0m
[38;20mquantized 775/776 layers in the block, loss iter 0: 0.000641 -> iter 191: 0.000362[0m
[38;20mquantized 775/776 layers in the block, loss iter 0: 0.000641 -> iter 191: 0.000362[0m
[38;20m2026-08-04 02:24:25 INFO device.py L1450: 'peak_ram': 131.17GB, 'peak_vram': 67.61GB[0m
[38;20m2026-08-04 02:24:25 INFO device.py L1450: 'peak_ram': 131.17GB, 'peak_vram': 67.61GB[0m
Quantizing model.language_model.layers.35:  90%|█████████ | 36/40 [2:11:04<13:41, 205.33s/it]Quantizing model.language_model.layers.35:  90%|█████████ | 36/40 [2:11:04<13:41, 205.33s/it]Quantizing model.language_model.layers.36:  90%|█████████ | 36/40 [2:11:04<13:41, 205.33s/it]Quantizing model.language_model.layers.36:  90%|█████████ | 36/40 [2:11:04<13:41, 205.33s/it][38;20m2026-08-04 02:28:13 INFO quantizer.py L280: Unquantized layers: ['mlp.shared_expert_gate'][0m
[38;20m2026-08-04 02:28:13 INFO quantizer.py L280: Unquantized layers: ['mlp.shared_expert_gate'][0m
[38;20mquantized 776/777 layers in the block, loss iter 0: 0.000719 -> iter 152: 0.000425[0m
[38;20mquantized 776/777 layers in the block, loss iter 0: 0.000719 -> iter 152: 0.000425[0m
[38;20m2026-08-04 02:28:17 INFO device.py L1450: 'peak_ram': 131.17GB, 'peak_vram': 67.61GB[0m
Quantizing model.language_model.layers.36:  92%|█████████▎| 37/40 [2:14:55<10:39, 213.29s/it][38;20m2026-08-04 02:28:17 INFO device.py L1450: 'peak_ram': 131.17GB, 'peak_vram': 67.61GB[0m
Quantizing model.language_model.layers.36:  92%|█████████▎| 37/40 [2:14:55<10:39, 213.29s/it]Quantizing model.language_model.layers.37:  92%|█████████▎| 37/40 [2:14:55<10:39, 213.29s/it]Quantizing model.language_model.layers.37:  92%|█████████▎| 37/40 [2:14:55<10:39, 213.29s/it][38;20m2026-08-04 02:32:06 INFO quantizer.py L280: Unquantized layers: ['mlp.shared_expert_gate'][0m
[38;20m2026-08-04 02:32:06 INFO quantizer.py L280: Unquantized layers: ['mlp.shared_expert_gate'][0m
[38;20mquantized 776/777 layers in the block, loss iter 0: 0.001005 -> iter 198: 0.000591[0m
[38;20mquantized 776/777 layers in the block, loss iter 0: 0.001005 -> iter 198: 0.000591[0m
[38;20m2026-08-04 02:32:10 INFO device.py L1450: 'peak_ram': 131.17GB, 'peak_vram': 67.61GB[0m
Quantizing model.language_model.layers.37:  95%|█████████▌| 38/40 [2:18:49<07:18, 219.22s/it][38;20m2026-08-04 02:32:10 INFO device.py L1450: 'peak_ram': 131.17GB, 'peak_vram': 67.61GB[0m
Quantizing model.language_model.layers.37:  95%|█████████▌| 38/40 [2:18:49<07:18, 219.22s/it]Quantizing model.language_model.layers.38:  95%|█████████▌| 38/40 [2:18:49<07:18, 219.22s/it]Quantizing model.language_model.layers.38:  95%|█████████▌| 38/40 [2:18:49<07:18, 219.22s/it][38;20m2026-08-04 02:36:01 INFO quantizer.py L280: Unquantized layers: ['mlp.shared_expert_gate'][0m
[38;20m2026-08-04 02:36:01 INFO quantizer.py L280: Unquantized layers: ['mlp.shared_expert_gate'][0m
[38;20mquantized 776/777 layers in the block, loss iter 0: 0.001398 -> iter 182: 0.000829[0m
[38;20mquantized 776/777 layers in the block, loss iter 0: 0.001398 -> iter 182: 0.000829[0m
[38;20m2026-08-04 02:36:05 INFO device.py L1450: 'peak_ram': 131.17GB, 'peak_vram': 67.61GB[0m
Quantizing model.language_model.layers.38:  98%|█████████▊| 39/40 [2:22:44<03:44, 224.06s/it][38;20m2026-08-04 02:36:05 INFO device.py L1450: 'peak_ram': 131.17GB, 'peak_vram': 67.61GB[0m
Quantizing model.language_model.layers.39:  98%|█████████▊| 39/40 [2:22:44<03:44, 224.06s/it]Quantizing model.language_model.layers.38:  98%|█████████▊| 39/40 [2:22:44<03:44, 224.06s/it]Quantizing model.language_model.layers.39:  98%|█████████▊| 39/40 [2:22:44<03:44, 224.06s/it][38;20m2026-08-04 02:38:59 INFO quantizer.py L280: Unquantized layers: ['mlp.shared_expert_gate'][0m
[38;20m2026-08-04 02:38:59 INFO quantizer.py L280: Unquantized layers: ['mlp.shared_expert_gate'][0m
[38;20mquantized 775/776 layers in the block, loss iter 0: 0.003581 -> iter 197: 0.001296[0m
[38;20mquantized 775/776 layers in the block, loss iter 0: 0.003581 -> iter 197: 0.001296[0m
[38;20m2026-08-04 02:39:03 INFO device.py L1450: 'peak_ram': 131.17GB, 'peak_vram': 67.61GB[0m
Quantizing model.language_model.layers.39: 100%|██████████| 40/40 [2:25:42<00:00, 210.13s/it][38;20m2026-08-04 02:39:03 INFO device.py L1450: 'peak_ram': 131.17GB, 'peak_vram': 67.61GB[0m
Quantizing model.language_model.layers.39: 100%|██████████| 40/40 [2:25:42<00:00, 210.13s/it]Quantizing done: 100%|██████████| 40/40 [2:25:42<00:00, 210.13s/it]                          Quantizing done: 100%|██████████| 40/40 [2:25:42<00:00, 218.57s/it]
Quantizing done: 100%|██████████| 40/40 [2:25:42<00:00, 210.13s/it]                          Quantizing done: 100%|██████████| 40/40 [2:25:42<00:00, 218.57s/it]
[38;20m2026-08-04 02:39:03 INFO device.py L1450: 'peak_ram': 131.17GB, 'peak_vram': 67.61GB[0m
[38;20m2026-08-04 02:39:03 INFO device.py L1450: 'peak_ram': 131.17GB, 'peak_vram': 67.61GB[0m
[38;20m2026-08-04 02:39:03 INFO data_driven.py L873: quantization tuning time 8742.771311283112[0m
[38;20m2026-08-04 02:39:03 INFO data_driven.py L873: quantization tuning time 8742.771311283112[0m
[38;20m2026-08-04 02:39:04 INFO data_driven.py L892: Summary: quantized 31030/31181 in the model, unquantized layers: lm_head, model.language_model.layers.[0-39].mlp.shared_expert_gate, model.visual.blocks.[0-26].attn.proj, model.visual.blocks.[0-26].attn.qkv, model.visual.blocks.[0-26].mlp.linear_fc1, model.visual.blocks.[0-26].mlp.linear_fc2, model.visual.merger.linear_fc1, model.visual.merger.linear_fc2[0m
[38;20m2026-08-04 02:39:04 INFO data_driven.py L892: Summary: quantized 31030/31181 in the model, unquantized layers: lm_head, model.language_model.layers.[0-39].mlp.shared_expert_gate, model.visual.blocks.[0-26].attn.proj, model.visual.blocks.[0-26].attn.qkv, model.visual.blocks.[0-26].mlp.linear_fc1, model.visual.blocks.[0-26].mlp.linear_fc2, model.visual.merger.linear_fc1, model.visual.merger.linear_fc2[0m
02:39:04 [INFO] Saving quantized model (auto_round format)...
02:39:04 [INFO] Saving quantized model (auto_round format)...
packing:   0%|          | 0/31125 [00:00<?, ?it/s]packing:   0%|          | 0/31125 [00:00<?, ?it/s]packing:  76%|███████▌  | 23716/31125 [02:00<00:37, 197.57it/s]packing:  76%|███████▌  | 23716/31125 [02:00<00:37, 197.57it/s]packing:  76%|███████▌  | 23716/31125 [02:11<00:37, 197.57it/s]packing:  76%|███████▌  | 23716/31125 [02:11<00:37, 197.57it/s]packing: 100%|██████████| 31125/31125 [02:26<00:00, 213.11it/s]
packing: 100%|██████████| 31125/31125 [02:26<00:00, 213.11it/s]
[33;1m2026-08-04 02:41:30 WARNING export.py L345: /root/_work/1/s/auto_quant/output/runs/XYZ-Aquila-mini-AutoRound-W4A16-Tuning/quantized_model already exists, this may cause model conflict[0m
[33;1m2026-08-04 02:41:30 WARNING export.py L345: /root/_work/1/s/auto_quant/output/runs/XYZ-Aquila-mini-AutoRound-W4A16-Tuning/quantized_model already exists, this may cause model conflict[0m
02:41:42 [INFO] HTTP Request: HEAD https://huggingface.co/XYZAILab/XYZ-Aquila-mini/resolve/main/config.json "HTTP/1.1 307 Temporary Redirect"
02:41:42 [INFO] HTTP Request: HEAD https://huggingface.co/XYZAILab/XYZ-Aquila-mini/resolve/main/config.json "HTTP/1.1 307 Temporary Redirect"
02:41:42 [INFO] HTTP Request: HEAD https://huggingface.co/api/resolve-cache/models/XYZAILab/XYZ-Aquila-mini/c70d151a710715886f013423d2a9ffbcba754858/config.json "HTTP/1.1 200 OK"
02:41:42 [INFO] HTTP Request: HEAD https://huggingface.co/api/resolve-cache/models/XYZAILab/XYZ-Aquila-mini/c70d151a710715886f013423d2a9ffbcba754858/config.json "HTTP/1.1 200 OK"
02:41:42 [INFO] Quantization completed in 8928.7s
02:41:42 [INFO] Quantization completed in 8928.7s
02:41:42 [INFO] Summary written to /root/_work/1/s/auto_quant/output/runs/XYZ-Aquila-mini-AutoRound-W4A16-Tuning/quant_summary.json
02:41:42 [INFO] Summary written to /root/_work/1/s/auto_quant/output/runs/XYZ-Aquila-mini-AutoRound-W4A16-Tuning/quant_summary.json
02:41:42 [INFO] === Phase 2: DONE ===
02:41:42 [INFO] === Phase 2: DONE ===
[auto_v3] quantize fixed on attempt 1
[auto_v3] quantize fixed on attempt 1
[lesson] Saved: [fixed] ValueError: Could not load any image processor class for XYZAILab/XYZ-Aquila-min
[lesson]   Solution: FIX_PLAN:;  1. pip install Pillow (PIL backend handles Qwen2VLImageProcessorPil — avoids the torchvision wheel/cu130 matrix problem).;  2. If PIL alone isn't enough on this transformers version, fall back to also installing a torchvision wheel matched to torch 2.13.0+cu130 from the cu130 index.;  3. Verify AutoProcessor.from_pretrained for XYZAILab/XYZ-Aquila-mini now succeeds, then re-run quantize.;SMOKE_TEST: /root/.venv/bin/python -c ";
[lesson] Saved: [fixed] ValueError: Could not load any image processor class for XYZAILab/XYZ-Aquila-min
[lesson]   Solution: FIX_PLAN:;  1. pip install Pillow (PIL backend handles Qwen2VLImageProcessorPil — avoids the torchvision wheel/cu130 matrix problem).;  2. If PIL alone isn't enough on this transformers version, fall back to also installing a torchvision wheel matched to torch 2.13.0+cu130 from the cu130 index.;  3. Verify AutoProcessor.from_pretrained for XYZAILab/XYZ-Aquila-mini now succeeds, then re-run quantize.;SMOKE_TEST: /root/.venv/bin/python -c ";
[auto_v3] CUDA available at start — GPU will be enforced across fix attempts
[auto_v3] CUDA available at start — GPU will be enforced across fix attempts

═══════ Phase: evaluate ═══════


═══════ Phase: evaluate ═══════

=== Phase 3: Evaluation ===
  backend=hf
  model=/root/_work/1/s/auto_quant/output/runs/XYZ-Aquila-mini-AutoRound-W4A16-Tuning/quantized_model
  tasks=piqa,mmlu,hellaswag
  batch_size=auto
  num_gpus=1
=== Phase 3: Evaluation ===
  backend=hf
  model=/root/_work/1/s/auto_quant/output/runs/XYZ-Aquila-mini-AutoRound-W4A16-Tuning/quantized_model
  tasks=piqa,mmlu,hellaswag
  batch_size=auto
  num_gpus=1
[evaluate] Running lm_eval with hf backend...
[evaluate] Running lm_eval with hf backend...
2026-08-04:02:41:56 INFO     [_cli.run:388] Selected Tasks: ['piqa', 'mmlu', 'hellaswag']
2026-08-04:02:41:56 INFO     [_cli.run:388] Selected Tasks: ['piqa', 'mmlu', 'hellaswag']
2026-08-04:02:41:57 INFO     [evaluator:214] Setting random seed to 42 | Setting numpy seed to 42 | Setting torch manual seed to 42 | Setting fewshot manual seed to 42
2026-08-04:02:41:57 INFO     [evaluator:239] Initializing hf model, with arguments: {'pretrained': '/root/_work/1/s/auto_quant/output/runs/XYZ-Aquila-mini-AutoRound-W4A16-Tuning/quantized_model', 'dtype': 'bfloat16', 'trust_remote_code': True}
2026-08-04:02:41:57 INFO     [evaluator:214] Setting random seed to 42 | Setting numpy seed to 42 | Setting torch manual seed to 42 | Setting fewshot manual seed to 42
2026-08-04:02:41:57 INFO     [evaluator:239] Initializing hf model, with arguments: {'pretrained': '/root/_work/1/s/auto_quant/output/runs/XYZ-Aquila-mini-AutoRound-W4A16-Tuning/quantized_model', 'dtype': 'bfloat16', 'trust_remote_code': True}
2026-08-04:02:41:59 INFO     [models.huggingface:286] Using device 'cuda:0'
2026-08-04:02:41:59 INFO     [models.huggingface:286] Using device 'cuda:0'
2026-08-04:02:41:59 INFO     [models.huggingface:579] Model parallel was set to False, max memory was not set, and device map was set to {'': 'cuda:0'}
2026-08-04:02:41:59 INFO     [models.huggingface:579] Model parallel was set to False, max memory was not set, and device map was set to {'': 'cuda:0'}
/root/.venv/lib/python3.12/site-packages/transformers/quantizers/auto.py:271: UserWarning: You passed `quantization_config` or equivalent parameters to `from_pretrained` but the model you're loading already has a `quantization_config` attribute. The `quantization_config` from the model will be used.However, loading attributes (e.g. ['backend']) will be overwritten with the one you passed to `from_pretrained`. The rest will be ignored.
  warnings.warn(warning_msg)
/root/.venv/lib/python3.12/site-packages/transformers/quantizers/auto.py:271: UserWarning: You passed `quantization_config` or equivalent parameters to `from_pretrained` but the model you're loading already has a `quantization_config` attribute. The `quantization_config` from the model will be used.However, loading attributes (e.g. ['backend']) will be overwritten with the one you passed to `from_pretrained`. The rest will be ignored.
  warnings.warn(warning_msg)
[transformers] The fast path is not available because one of the required library is not installed. Falling back to torch implementation. To install follow https://github.com/fla-org/flash-linear-attention#installation and https://github.com/Dao-AILab/causal-conv1d
[transformers] The fast path is not available because one of the required library is not installed. Falling back to torch implementation. To install follow https://github.com/fla-org/flash-linear-attention#installation and https://github.com/Dao-AILab/causal-conv1d
[38;20m2026-08-04 02:42:00 INFO replace_modules.py L121: Experts (before replacement) [model.layers.0.mlp.experts] (Qwen3_5MoeExperts):
Qwen3_5MoeExperts(
  (act_fn): SiLUActivation()
)[0m
[38;20m2026-08-04 02:42:00 INFO replace_modules.py L121: Experts (before replacement) [model.layers.0.mlp.experts] (Qwen3_5MoeExperts):
Qwen3_5MoeExperts(
  (act_fn): SiLUActivation()
)[0m
[38;20m2026-08-04 02:42:00 INFO device.py L1481: [Memory Monitor] Before applying custom replacements: 'peak_ram': 1.2GB[0m
[38;20m2026-08-04 02:42:00 INFO device.py L1481: [Memory Monitor] Before applying custom replacements: 'peak_ram': 1.2GB[0m
[38;20m2026-08-04 02:42:00 INFO replace_modules.py L372: Found 40 modules to replace[0m
[38;20m2026-08-04 02:42:00 INFO replace_modules.py L372: Found 40 modules to replace[0m
Replacing modules:   0%|          | 0/40 [00:00<?, ?it/s]Replacing modules:   0%|          | 0/40 [00:00<?, ?it/s]Replacing modules: 100%|██████████| 40/40 [00:02<00:00, 16.80it/s]
[38;20m2026-08-04 02:42:02 INFO replace_modules.py L399: Replaced 40 modules[0m
Replacing modules: 100%|██████████| 40/40 [00:02<00:00, 16.80it/s]
[38;20m2026-08-04 02:42:02 INFO replace_modules.py L399: Replaced 40 modules[0m
[38;20m2026-08-04 02:42:02 INFO device.py L1484: [Memory Monitor] After applying custom replacements: 'peak_ram': 1.3GB[0m
[38;20m2026-08-04 02:42:02 INFO device.py L1484: [Memory Monitor] After applying custom replacements: 'peak_ram': 1.3GB[0m
[33;1m2026-08-04 02:42:02 WARNING modeling_utils.py L4770: `loss_type=None` was set in the config but it is unrecognized. Using the default loss: `ForCausalLMLoss`.[0m
[33;1m2026-08-04 02:42:02 WARNING modeling_utils.py L4770: `loss_type=None` was set in the config but it is unrecognized. Using the default loss: `ForCausalLMLoss`.[0m
[38;20m2026-08-04 02:42:04 INFO replace_modules.py L121: Experts (after replacement/skip) [model.layers.0.mlp.experts] (SequentialQwen3_5MoeExperts):
SequentialQwen3_5MoeExperts(
  (0-255): 256 x Qwen3_5MoeMLP(
    (gate_proj): Linear(in_features=2048, out_features=512, bias=False)
    (up_proj): Linear(in_features=2048, out_features=512, bias=False)
    (down_proj): Linear(in_features=512, out_features=2048, bias=False)
    (act_fn): SiLUActivation()
  )
)[0m
[38;20m2026-08-04 02:42:04 INFO replace_modules.py L121: Experts (after replacement/skip) [model.layers.0.mlp.experts] (SequentialQwen3_5MoeExperts):
SequentialQwen3_5MoeExperts(
  (0-255): 256 x Qwen3_5MoeMLP(
    (gate_proj): Linear(in_features=2048, out_features=512, bias=False)
    (up_proj): Linear(in_features=2048, out_features=512, bias=False)
    (down_proj): Linear(in_features=512, out_features=2048, bias=False)
    (act_fn): SiLUActivation()
  )
)[0m
[38;20m2026-08-04 02:42:04 INFO convert_model.py L233: Remapped block_name_to_quantize: ['model.language_model.layers'] -> ['model.layers'][0m
[38;20m2026-08-04 02:42:04 INFO convert_model.py L233: Remapped block_name_to_quantize: ['model.language_model.layers'] -> ['model.layers'][0m
[33;1m2026-08-04 02:42:08 WARNING backend.py L1176: Better backend is found, please install all the following requirements to enable it.[0m
[33;1m2026-08-04 02:42:08 WARNING backend.py L1176: `pip install -v "gptqmodel>=2.0" --no-build-isolation`[0m
[33;1m2026-08-04 02:42:08 WARNING backend.py L1176: Better backend is found, please install all the following requirements to enable it.[0m
[33;1m2026-08-04 02:42:08 WARNING backend.py L1176: `pip install -v "gptqmodel>=2.0" --no-build-isolation`[0m
Generating train split:   0%|          | 0/16113 [00:00<?, ? examples/s]Generating train split:   0%|          | 0/16113 [00:00<?, ? examples/s]Generating train split: 100%|██████████| 16113/16113 [00:00<00:00, 1307818.34 examples/s]
Generating train split: 100%|██████████| 16113/16113 [00:00<00:00, 1307818.34 examples/s]
Generating validation split:   0%|          | 0/1838 [00:00<?, ? examples/s]Generating validation split:   0%|          | 0/1838 [00:00<?, ? examples/s]Generating validation split: 100%|██████████| 1838/1838 [00:00<00:00, 1069079.29 examples/s]
Generating validation split: 100%|██████████| 1838/1838 [00:00<00:00, 1069079.29 examples/s]
Generating test split:   0%|          | 0/3084 [00:00<?, ? examples/s]Generating test split:   0%|          | 0/3084 [00:00<?, ? examples/s]Generating test split: 100%|██████████| 3084/3084 [00:00<00:00, 1746588.38 examples/s]
Generating test split: 100%|██████████| 3084/3084 [00:00<00:00, 1746588.38 examples/s]
Generating test split:   0%|          | 0/100 [00:00<?, ? examples/s]Generating test split:   0%|          | 0/100 [00:00<?, ? examples/s]Generating test split: 100%|██████████| 100/100 [00:00<00:00, 36039.73 examples/s]
Generating test split: 100%|██████████| 100/100 [00:00<00:00, 36039.73 examples/s]
Generating validation split:   0%|          | 0/11 [00:00<?, ? examples/s]Generating validation split:   0%|          | 0/11 [00:00<?, ? examples/s]Generating validation split: 100%|██████████| 11/11 [00:00<00:00, 6294.32 examples/s]
Generating validation split: 100%|██████████| 11/11 [00:00<00:00, 6294.32 examples/s]
Generating dev split:   0%|          | 0/5 [00:00<?, ? examples/s]Generating dev split:   0%|          | 0/5 [00:00<?, ? examples/s]Generating dev split: 100%|██████████| 5/5 [00:00<00:00, 4461.08 examples/s]
Generating dev split: 100%|██████████| 5/5 [00:00<00:00, 4461.08 examples/s]
Generating test split:   0%|          | 0/135 [00:00<?, ? examples/s]Generating test split:   0%|          | 0/135 [00:00<?, ? examples/s]Generating test split: 100%|██████████| 135/135 [00:00<00:00, 88390.73 examples/s]
Generating test split: 100%|██████████| 135/135 [00:00<00:00, 88390.73 examples/s]
Generating validation split:   0%|          | 0/14 [00:00<?, ? examples/s]Generating validation split:   0%|          | 0/14 [00:00<?, ? examples/s]Generating validation split: 100%|██████████| 14/14 [00:00<00:00, 12475.09 examples/s]
Generating validation split: 100%|██████████| 14/14 [00:00<00:00, 12475.09 examples/s]
Generating dev split:   0%|          | 0/5 [00:00<?, ? examples/s]Generating dev split:   0%|          | 0/5 [00:00<?, ? examples/s]Generating dev split: 100%|██████████| 5/5 [00:00<00:00, 4585.94 examples/s]
Generating dev split: 100%|██████████| 5/5 [00:00<00:00, 4585.94 examples/s]
Generating test split:   0%|          | 0/152 [00:00<?, ? examples/s]Generating test split:   0%|          | 0/152 [00:00<?, ? examples/s]Generating test split: 100%|██████████| 152/152 [00:00<00:00, 90443.21 examples/s]
Generating test split: 100%|██████████| 152/152 [00:00<00:00, 90443.21 examples/s]
Generating validation split:   0%|          | 0/16 [00:00<?, ? examples/s]Generating validation split:   0%|          | 0/16 [00:00<?, ? examples/s]Generating validation split: 100%|██████████| 16/16 [00:00<00:00, 15353.21 examples/s]
Generating validation split: 100%|██████████| 16/16 [00:00<00:00, 15353.21 examples/s]
Generating dev split:   0%|          | 0/5 [00:00<?, ? examples/s]Generating dev split:   0%|          | 0/5 [00:00<?, ? examples/s]Generating dev split: 100%|██████████| 5/5 [00:00<00:00, 4576.94 examples/s]
Generating dev split: 100%|██████████| 5/5 [00:00<00:00, 4576.94 examples/s]
Generating test split:   0%|          | 0/144 [00:00<?, ? examples/s]Generating test split:   0%|          | 0/144 [00:00<?, ? examples/s]Generating test split: 100%|██████████| 144/144 [00:00<00:00, 85043.62 examples/s]
Generating test split: 100%|██████████| 144/144 [00:00<00:00, 85043.62 examples/s]
Generating validation split:   0%|          | 0/16 [00:00<?, ? examples/s]Generating validation split:   0%|          | 0/16 [00:00<?, ? examples/s]Generating validation split: 100%|██████████| 16/16 [00:00<00:00, 14923.03 examples/s]
Generating validation split: 100%|██████████| 16/16 [00:00<00:00, 14923.03 examples/s]
Generating dev split:   0%|          | 0/5 [00:00<?, ? examples/s]Generating dev split:   0%|          | 0/5 [00:00<?, ? examples/s]Generating dev split: 100%|██████████| 5/5 [00:00<00:00, 4903.32 examples/s]
Generating dev split: 100%|██████████| 5/5 [00:00<00:00, 4903.32 examples/s]
Generating test split:   0%|          | 0/100 [00:00<?, ? examples/s]Generating test split:   0%|          | 0/100 [00:00<?, ? examples/s]Generating test split: 100%|██████████| 100/100 [00:00<00:00, 56458.53 examples/s]
Generating test split: 100%|██████████| 100/100 [00:00<00:00, 56458.53 examples/s]
Generating validation split:   0%|          | 0/8 [00:00<?, ? examples/s]Generating validation split:   0%|          | 0/8 [00:00<?, ? examples/s]Generating validation split: 100%|██████████| 8/8 [00:00<00:00, 8089.30 examples/s]
Generating validation split: 100%|██████████| 8/8 [00:00<00:00, 8089.30 examples/s]
Generating dev split:   0%|          | 0/5 [00:00<?, ? examples/s]Generating dev split:   0%|          | 0/5 [00:00<?, ? examples/s]Generating dev split: 100%|██████████| 5/5 [00:00<00:00, 5216.80 examples/s]
Generating dev split: 100%|██████████| 5/5 [00:00<00:00, 5216.80 examples/s]
Generating test split:   0%|          | 0/100 [00:00<?, ? examples/s]Generating test split:   0%|          | 0/100 [00:00<?, ? examples/s]Generating test split: 100%|██████████| 100/100 [00:00<00:00, 57135.32 examples/s]
Generating test split: 100%|██████████| 100/100 [00:00<00:00, 57135.32 examples/s]
Generating validation split:   0%|          | 0/11 [00:00<?, ? examples/s]Generating validation split:   0%|          | 0/11 [00:00<?, ? examples/s]Generating validation split: 100%|██████████| 11/11 [00:00<00:00, 9020.01 examples/s]
Generating validation split: 100%|██████████| 11/11 [00:00<00:00, 9020.01 examples/s]
Generating dev split:   0%|          | 0/5 [00:00<?, ? examples/s]Generating dev split:   0%|          | 0/5 [00:00<?, ? examples/s]Generating dev split: 100%|██████████| 5/5 [00:00<00:00, 4662.41 examples/s]
Generating dev split: 100%|██████████| 5/5 [00:00<00:00, 4662.41 examples/s]
Generating test split:   0%|          | 0/100 [00:00<?, ? examples/s]Generating test split:   0%|          | 0/100 [00:00<?, ? examples/s]Generating test split: 100%|██████████| 100/100 [00:00<00:00, 55812.43 examples/s]
Generating test split: 100%|██████████| 100/100 [00:00<00:00, 55812.43 examples/s]
Generating validation split:   0%|          | 0/11 [00:00<?, ? examples/s]Generating validation split:   0%|          | 0/11 [00:00<?, ? examples/s]Generating validation split: 100%|██████████| 11/11 [00:00<00:00, 10393.63 examples/s]
Generating validation split: 100%|██████████| 11/11 [00:00<00:00, 10393.63 examples/s]
Generating dev split:   0%|          | 0/5 [00:00<?, ? examples/s]Generating dev split:   0%|          | 0/5 [00:00<?, ? examples/s]Generating dev split: 100%|██████████| 5/5 [00:00<00:00, 3916.98 examples/s]
Generating dev split: 100%|██████████| 5/5 [00:00<00:00, 3916.98 examples/s]
Generating test split:   0%|          | 0/102 [00:00<?, ? examples/s]Generating test split:   0%|          | 0/102 [00:00<?, ? examples/s]Generating test split: 100%|██████████| 102/102 [00:00<00:00, 62684.10 examples/s]
Generating test split: 100%|██████████| 102/102 [00:00<00:00, 62684.10 examples/s]
Generating validation split:   0%|          | 0/11 [00:00<?, ? examples/s]Generating validation split:   0%|          | 0/11 [00:00<?, ? examples/s]Generating validation split: 100%|██████████| 11/11 [00:00<00:00, 10606.29 examples/s]
Generating validation split: 100%|██████████| 11/11 [00:00<00:00, 10606.29 examples/s]
Generating dev split:   0%|          | 0/5 [00:00<?, ? examples/s]Generating dev split:   0%|          | 0/5 [00:00<?, ? examples/s]Generating dev split: 100%|██████████| 5/5 [00:00<00:00, 4874.83 examples/s]
Generating dev split: 100%|██████████| 5/5 [00:00<00:00, 4874.83 examples/s]
Generating test split:   0%|          | 0/100 [00:00<?, ? examples/s]Generating test split:   0%|          | 0/100 [00:00<?, ? examples/s]Generating test split: 100%|██████████| 100/100 [00:00<00:00, 52520.71 examples/s]
Generating test split: 100%|██████████| 100/100 [00:00<00:00, 52520.71 examples/s]
Generating validation split:   0%|          | 0/11 [00:00<?, ? examples/s]Generating validation split:   0%|          | 0/11 [00:00<?, ? examples/s]Generating validation split: 100%|██████████| 11/11 [00:00<00:00, 9892.23 examples/s]
Generating validation split: 100%|██████████| 11/11 [00:00<00:00, 9892.23 examples/s]
Generating dev split:   0%|          | 0/5 [00:00<?, ? examples/s]Generating dev split:   0%|          | 0/5 [00:00<?, ? examples/s]Generating dev split: 100%|██████████| 5/5 [00:00<00:00, 4316.02 examples/s]
Generating dev split: 100%|██████████| 5/5 [00:00<00:00, 4316.02 examples/s]
Generating test split:   0%|          | 0/235 [00:00<?, ? examples/s]Generating test split:   0%|          | 0/235 [00:00<?, ? examples/s]Generating test split: 100%|██████████| 235/235 [00:00<00:00, 113138.37 examples/s]
Generating test split: 100%|██████████| 235/235 [00:00<00:00, 113138.37 examples/s]
Generating validation split:   0%|          | 0/26 [00:00<?, ? examples/s]Generating validation split:   0%|          | 0/26 [00:00<?, ? examples/s]Generating validation split: 100%|██████████| 26/26 [00:00<00:00, 25313.81 examples/s]
Generating validation split: 100%|██████████| 26/26 [00:00<00:00, 25313.81 examples/s]
Generating dev split:   0%|          | 0/5 [00:00<?, ? examples/s]Generating dev split:   0%|          | 0/5 [00:00<?, ? examples/s]Generating dev split: 100%|██████████| 5/5 [00:00<00:00, 4891.89 examples/s]
Generating dev split: 100%|██████████| 5/5 [00:00<00:00, 4891.89 examples/s]
Generating test split:   0%|          | 0/145 [00:00<?, ? examples/s]Generating test split:   0%|          | 0/145 [00:00<?, ? examples/s]Generating test split: 100%|██████████| 145/145 [00:00<00:00, 68627.18 examples/s]
Generating test split: 100%|██████████| 145/145 [00:00<00:00, 68627.18 examples/s]
Generating validation split:   0%|          | 0/16 [00:00<?, ? examples/s]Generating validation split:   0%|          | 0/16 [00:00<?, ? examples/s]Generating validation split: 100%|██████████| 16/16 [00:00<00:00, 15753.25 examples/s]
Generating validation split: 100%|██████████| 16/16 [00:00<00:00, 15753.25 examples/s]
Generating dev split:   0%|          | 0/5 [00:00<?, ? examples/s]Generating dev split:   0%|          | 0/5 [00:00<?, ? examples/s]Generating dev split: 100%|██████████| 5/5 [00:00<00:00, 4445.94 examples/s]
Generating dev split: 100%|██████████| 5/5 [00:00<00:00, 4445.94 examples/s]
Generating test split:   0%|          | 0/378 [00:00<?, ? examples/s]Generating test split:   0%|          | 0/378 [00:00<?, ? examples/s]Generating test split: 100%|██████████| 378/378 [00:00<00:00, 171048.32 examples/s]
Generating test split: 100%|██████████| 378/378 [00:00<00:00, 171048.32 examples/s]
Generating validation split:   0%|          | 0/41 [00:00<?, ? examples/s]Generating validation split:   0%|          | 0/41 [00:00<?, ? examples/s]Generating validation split: 100%|██████████| 41/41 [00:00<00:00, 33547.89 examples/s]
Generating validation split: 100%|██████████| 41/41 [00:00<00:00, 33547.89 examples/s]
Generating dev split:   0%|          | 0/5 [00:00<?, ? examples/s]Generating dev split:   0%|          | 0/5 [00:00<?, ? examples/s]Generating dev split: 100%|██████████| 5/5 [00:00<00:00, 4401.16 examples/s]
Generating dev split: 100%|██████████| 5/5 [00:00<00:00, 4401.16 examples/s]
Generating test split:   0%|          | 0/310 [00:00<?, ? examples/s]Generating test split:   0%|          | 0/310 [00:00<?, ? examples/s]Generating test split: 100%|██████████| 310/310 [00:00<00:00, 150420.43 examples/s]
Generating test split: 100%|██████████| 310/310 [00:00<00:00, 150420.43 examples/s]
Generating validation split:   0%|          | 0/32 [00:00<?, ? examples/s]Generating validation split:   0%|          | 0/32 [00:00<?, ? examples/s]Generating validation split: 100%|██████████| 32/32 [00:00<00:00, 26026.32 examples/s]
Generating validation split: 100%|██████████| 32/32 [00:00<00:00, 26026.32 examples/s]
Generating dev split:   0%|          | 0/5 [00:00<?, ? examples/s]Generating dev split:   0%|          | 0/5 [00:00<?, ? examples/s]Generating dev split: 100%|██████████| 5/5 [00:00<00:00, 4912.51 examples/s]
Generating dev split: 100%|██████████| 5/5 [00:00<00:00, 4912.51 examples/s]
Generating test split:   0%|          | 0/203 [00:00<?, ? examples/s]Generating test split:   0%|          | 0/203 [00:00<?, ? examples/s]Generating test split: 100%|██████████| 203/203 [00:00<00:00, 108713.45 examples/s]
Generating test split: 100%|██████████| 203/203 [00:00<00:00, 108713.45 examples/s]
Generating validation split:   0%|          | 0/22 [00:00<?, ? examples/s]Generating validation split:   0%|          | 0/22 [00:00<?, ? examples/s]Generating validation split: 100%|██████████| 22/22 [00:00<00:00, 20090.29 examples/s]
Generating validation split: 100%|██████████| 22/22 [00:00<00:00, 20090.29 examples/s]
Generating dev split:   0%|          | 0/5 [00:00<?, ? examples/s]Generating dev split:   0%|          | 0/5 [00:00<?, ? examples/s]Generating dev split: 100%|██████████| 5/5 [00:00<00:00, 4217.92 examples/s]
Generating dev split: 100%|██████████| 5/5 [00:00<00:00, 4217.92 examples/s]
Generating test split:   0%|          | 0/100 [00:00<?, ? examples/s]Generating test split:   0%|          | 0/100 [00:00<?, ? examples/s]Generating test split: 100%|██████████| 100/100 [00:00<00:00, 56375.05 examples/s]
Generating test split: 100%|██████████| 100/100 [00:00<00:00, 56375.05 examples/s]
Generating validation split:   0%|          | 0/9 [00:00<?, ? examples/s]Generating validation split:   0%|          | 0/9 [00:00<?, ? examples/s]Generating validation split: 100%|██████████| 9/9 [00:00<00:00, 7387.23 examples/s]
Generating validation split: 100%|██████████| 9/9 [00:00<00:00, 7387.23 examples/s]
Generating dev split:   0%|          | 0/5 [00:00<?, ? examples/s]Generating dev split:   0%|          | 0/5 [00:00<?, ? examples/s]Generating dev split: 100%|██████████| 5/5 [00:00<00:00, 4930.99 examples/s]
Generating dev split: 100%|██████████| 5/5 [00:00<00:00, 4930.99 examples/s]
Generating test split:   0%|          | 0/270 [00:00<?, ? examples/s]Generating test split:   0%|          | 0/270 [00:00<?, ? examples/s]Generating test split: 100%|██████████| 270/270 [00:00<00:00, 127114.39 examples/s]
Generating test split: 100%|██████████| 270/270 [00:00<00:00, 127114.39 examples/s]
Generating validation split:   0%|          | 0/29 [00:00<?, ? examples/s]Generating validation split:   0%|          | 0/29 [00:00<?, ? examples/s]Generating validation split: 100%|██████████| 29/29 [00:00<00:00, 25136.35 examples/s]
Generating validation split: 100%|██████████| 29/29 [00:00<00:00, 25136.35 examples/s]
Generating dev split:   0%|          | 0/5 [00:00<?, ? examples/s]Generating dev split:   0%|          | 0/5 [00:00<?, ? examples/s]Generating dev split: 100%|██████████| 5/5 [00:00<00:00, 4467.73 examples/s]
Generating dev split: 100%|██████████| 5/5 [00:00<00:00, 4467.73 examples/s]
Generating test split:   0%|          | 0/151 [00:00<?, ? examples/s]Generating test split:   0%|          | 0/151 [00:00<?, ? examples/s]Generating test split: 100%|██████████| 151/151 [00:00<00:00, 74466.77 examples/s]
Generating test split: 100%|██████████| 151/151 [00:00<00:00, 74466.77 examples/s]
Generating validation split:   0%|          | 0/17 [00:00<?, ? examples/s]Generating validation split:   0%|          | 0/17 [00:00<?, ? examples/s]Generating validation split: 100%|██████████| 17/17 [00:00<00:00, 16150.21 examples/s]
Generating validation split: 100%|██████████| 17/17 [00:00<00:00, 16150.21 examples/s]
Generating dev split:   0%|          | 0/5 [00:00<?, ? examples/s]Generating dev split:   0%|          | 0/5 [00:00<?, ? examples/s]Generating dev split: 100%|██████████| 5/5 [00:00<00:00, 4061.89 examples/s]
Generating dev split: 100%|██████████| 5/5 [00:00<00:00, 4061.89 examples/s]
Generating test split:   0%|          | 0/216 [00:00<?, ? examples/s]Generating test split:   0%|          | 0/216 [00:00<?, ? examples/s]Generating test split: 100%|██████████| 216/216 [00:00<00:00, 96492.67 examples/s]
Generating test split: 100%|██████████| 216/216 [00:00<00:00, 96492.67 examples/s]
Generating validation split:   0%|          | 0/23 [00:00<?, ? examples/s]Generating validation split:   0%|          | 0/23 [00:00<?, ? examples/s]Generating validation split: 100%|██████████| 23/23 [00:00<00:00, 20569.08 examples/s]
Generating validation split: 100%|██████████| 23/23 [00:00<00:00, 20569.08 examples/s]
Generating dev split:   0%|          | 0/5 [00:00<?, ? examples/s]Generating dev split:   0%|          | 0/5 [00:00<?, ? examples/s]Generating dev split: 100%|██████████| 5/5 [00:00<00:00, 4434.66 examples/s]
Generating dev split: 100%|██████████| 5/5 [00:00<00:00, 4434.66 examples/s]
Generating test split:   0%|          | 0/112 [00:00<?, ? examples/s]Generating test split:   0%|          | 0/112 [00:00<?, ? examples/s]Generating test split: 100%|██████████| 112/112 [00:00<00:00, 55612.89 examples/s]
Generating test split: 100%|██████████| 112/112 [00:00<00:00, 55612.89 examples/s]
Generating validation split:   0%|          | 0/11 [00:00<?, ? examples/s]Generating validation split:   0%|          | 0/11 [00:00<?, ? examples/s]Generating validation split: 100%|██████████| 11/11 [00:00<00:00, 10815.13 examples/s]
Generating validation split: 100%|██████████| 11/11 [00:00<00:00, 10815.13 examples/s]
Generating dev split:   0%|          | 0/5 [00:00<?, ? examples/s]Generating dev split:   0%|          | 0/5 [00:00<?, ? examples/s]Generating dev split: 100%|██████████| 5/5 [00:00<00:00, 5054.60 examples/s]
Generating dev split: 100%|██████████| 5/5 [00:00<00:00, 5054.60 examples/s]
Generating test split:   0%|          | 0/100 [00:00<?, ? examples/s]Generating test split:   0%|          | 0/100 [00:00<?, ? examples/s]Generating test split: 100%|██████████| 100/100 [00:00<00:00, 51986.91 examples/s]
Generating test split: 100%|██████████| 100/100 [00:00<00:00, 51986.91 examples/s]
Generating validation split:   0%|          | 0/11 [00:00<?, ? examples/s]Generating validation split:   0%|          | 0/11 [00:00<?, ? examples/s]Generating validation split: 100%|██████████| 11/11 [00:00<00:00, 9975.64 examples/s]
Generating validation split: 100%|██████████| 11/11 [00:00<00:00, 9975.64 examples/s]
Generating dev split:   0%|          | 0/5 [00:00<?, ? examples/s]Generating dev split:   0%|          | 0/5 [00:00<?, ? examples/s]Generating dev split: 100%|██████████| 5/5 [00:00<00:00, 4005.26 examples/s]
Generating dev split: 100%|██████████| 5/5 [00:00<00:00, 4005.26 examples/s]
Generating test split:   0%|          | 0/265 [00:00<?, ? examples/s]Generating test split:   0%|          | 0/265 [00:00<?, ? examples/s]Generating test split: 100%|██████████| 265/265 [00:00<00:00, 143307.19 examples/s]
Generating test split: 100%|██████████| 265/265 [00:00<00:00, 143307.19 examples/s]
Generating validation split:   0%|          | 0/29 [00:00<?, ? examples/s]Generating validation split:   0%|          | 0/29 [00:00<?, ? examples/s]Generating validation split: 100%|██████████| 29/29 [00:00<00:00, 24523.15 examples/s]
Generating validation split: 100%|██████████| 29/29 [00:00<00:00, 24523.15 examples/s]
Generating dev split:   0%|          | 0/5 [00:00<?, ? examples/s]Generating dev split:   0%|          | 0/5 [00:00<?, ? examples/s]Generating dev split: 100%|██████████| 5/5 [00:00<00:00, 4195.98 examples/s]
Generating dev split: 100%|██████████| 5/5 [00:00<00:00, 4195.98 examples/s]
Generating test split:   0%|          | 0/173 [00:00<?, ? examples/s]Generating test split:   0%|          | 0/173 [00:00<?, ? examples/s]Generating test split: 100%|██████████| 173/173 [00:00<00:00, 75123.16 examples/s]
Generating test split: 100%|██████████| 173/173 [00:00<00:00, 75123.16 examples/s]
Generating validation split:   0%|          | 0/22 [00:00<?, ? examples/s]Generating validation split:   0%|          | 0/22 [00:00<?, ? examples/s]Generating validation split: 100%|██████████| 22/22 [00:00<00:00, 18473.41 examples/s]
Generating validation split: 100%|██████████| 22/22 [00:00<00:00, 18473.41 examples/s]
Generating dev split:   0%|          | 0/5 [00:00<?, ? examples/s]Generating dev split:   0%|          | 0/5 [00:00<?, ? examples/s]Generating dev split: 100%|██████████| 5/5 [00:00<00:00, 4711.64 examples/s]
Generating dev split: 100%|██████████| 5/5 [00:00<00:00, 4711.64 examples/s]
Generating test split:   0%|          | 0/100 [00:00<?, ? examples/s]Generating test split:   0%|          | 0/100 [00:00<?, ? examples/s]Generating test split: 100%|██████████| 100/100 [00:00<00:00, 58751.98 examples/s]
Generating test split: 100%|██████████| 100/100 [00:00<00:00, 58751.98 examples/s]
Generating validation split:   0%|          | 0/10 [00:00<?, ? examples/s]Generating validation split:   0%|          | 0/10 [00:00<?, ? examples/s]Generating validation split: 100%|██████████| 10/10 [00:00<00:00, 8271.16 examples/s]
Generating validation split: 100%|██████████| 10/10 [00:00<00:00, 8271.16 examples/s]
Generating dev split:   0%|          | 0/5 [00:00<?, ? examples/s]Generating dev split:   0%|          | 0/5 [00:00<?, ? examples/s]Generating dev split: 100%|██████████| 5/5 [00:00<00:00, 5037.60 examples/s]
Generating dev split: 100%|██████████| 5/5 [00:00<00:00, 5037.60 examples/s]
Generating test split:   0%|          | 0/223 [00:00<?, ? examples/s]Generating test split:   0%|          | 0/223 [00:00<?, ? examples/s]Generating test split: 100%|██████████| 223/223 [00:00<00:00, 144541.77 examples/s]
Generating test split: 100%|██████████| 223/223 [00:00<00:00, 144541.77 examples/s]
Generating validation split:   0%|          | 0/23 [00:00<?, ? examples/s]Generating validation split:   0%|          | 0/23 [00:00<?, ? examples/s]Generating validation split: 100%|██████████| 23/23 [00:00<00:00, 23569.26 examples/s]
Generating validation split: 100%|██████████| 23/23 [00:00<00:00, 23569.26 examples/s]
Generating dev split:   0%|          | 0/5 [00:00<?, ? examples/s]Generating dev split:   0%|          | 0/5 [00:00<?, ? examples/s]Generating dev split: 100%|██████████| 5/5 [00:00<00:00, 4682.19 examples/s]
Generating dev split: 100%|██████████| 5/5 [00:00<00:00, 4682.19 examples/s]
Generating test split:   0%|          | 0/103 [00:00<?, ? examples/s]Generating test split:   0%|          | 0/103 [00:00<?, ? examples/s]Generating test split: 100%|██████████| 103/103 [00:00<00:00, 60693.08 examples/s]
Generating test split: 100%|██████████| 103/103 [00:00<00:00, 60693.08 examples/s]
Generating validation split:   0%|          | 0/11 [00:00<?, ? examples/s]Generating validation split:   0%|          | 0/11 [00:00<?, ? examples/s]Generating validation split: 100%|██████████| 11/11 [00:00<00:00, 10155.70 examples/s]
Generating validation split: 100%|██████████| 11/11 [00:00<00:00, 10155.70 examples/s]
Generating dev split:   0%|          | 0/5 [00:00<?, ? examples/s]Generating dev split:   0%|          | 0/5 [00:00<?, ? examples/s]Generating dev split: 100%|██████████| 5/5 [00:00<00:00, 4836.61 examples/s]
Generating dev split: 100%|██████████| 5/5 [00:00<00:00, 4836.61 examples/s]
Generating test split:   0%|          | 0/234 [00:00<?, ? examples/s]Generating test split:   0%|          | 0/234 [00:00<?, ? examples/s]Generating test split: 100%|██████████| 234/234 [00:00<00:00, 111378.48 examples/s]
Generating test split: 100%|██████████| 234/234 [00:00<00:00, 111378.48 examples/s]
Generating validation split:   0%|          | 0/25 [00:00<?, ? examples/s]Generating validation split:   0%|          | 0/25 [00:00<?, ? examples/s]Generating validation split: 100%|██████████| 25/25 [00:00<00:00, 22545.17 examples/s]
Generating validation split: 100%|██████████| 25/25 [00:00<00:00, 22545.17 examples/s]
Generating dev split:   0%|          | 0/5 [00:00<?, ? examples/s]Generating dev split:   0%|          | 0/5 [00:00<?, ? examples/s]Generating dev split: 100%|██████████| 5/5 [00:00<00:00, 4663.45 examples/s]
Generating dev split: 100%|██████████| 5/5 [00:00<00:00, 4663.45 examples/s]
Generating test split:   0%|          | 0/100 [00:00<?, ? examples/s]Generating test split:   0%|          | 0/100 [00:00<?, ? examples/s]Generating test split: 100%|██████████| 100/100 [00:00<00:00, 50503.36 examples/s]
Generating test split: 100%|██████████| 100/100 [00:00<00:00, 50503.36 examples/s]
Generating validation split:   0%|          | 0/11 [00:00<?, ? examples/s]Generating validation split:   0%|          | 0/11 [00:00<?, ? examples/s]Generating validation split: 100%|██████████| 11/11 [00:00<00:00, 9824.82 examples/s]
Generating validation split: 100%|██████████| 11/11 [00:00<00:00, 9824.82 examples/s]
Generating dev split:   0%|          | 0/5 [00:00<?, ? examples/s]Generating dev split:   0%|          | 0/5 [00:00<?, ? examples/s]Generating dev split: 100%|██████████| 5/5 [00:00<00:00, 5065.58 examples/s]
Generating dev split: 100%|██████████| 5/5 [00:00<00:00, 5065.58 examples/s]
Generating test split:   0%|          | 0/783 [00:00<?, ? examples/s]Generating test split:   0%|          | 0/783 [00:00<?, ? examples/s]Generating test split: 100%|██████████| 783/783 [00:00<00:00, 410261.09 examples/s]
Generating test split: 100%|██████████| 783/783 [00:00<00:00, 410261.09 examples/s]
Generating validation split:   0%|          | 0/86 [00:00<?, ? examples/s]Generating validation split:   0%|          | 0/86 [00:00<?, ? examples/s]Generating validation split: 100%|██████████| 86/86 [00:00<00:00, 69314.02 examples/s]
Generating validation split: 100%|██████████| 86/86 [00:00<00:00, 69314.02 examples/s]
Generating dev split:   0%|          | 0/5 [00:00<?, ? examples/s]Generating dev split:   0%|          | 0/5 [00:00<?, ? examples/s]Generating dev split: 100%|██████████| 5/5 [00:00<00:00, 4866.91 examples/s]
Generating dev split: 100%|██████████| 5/5 [00:00<00:00, 4866.91 examples/s]
Generating test split:   0%|          | 0/306 [00:00<?, ? examples/s]Generating test split:   0%|          | 0/306 [00:00<?, ? examples/s]Generating test split: 100%|██████████| 306/306 [00:00<00:00, 141241.01 examples/s]
Generating test split: 100%|██████████| 306/306 [00:00<00:00, 141241.01 examples/s]
Generating validation split:   0%|          | 0/33 [00:00<?, ? examples/s]Generating validation split:   0%|          | 0/33 [00:00<?, ? examples/s]Generating validation split: 100%|██████████| 33/33 [00:00<00:00, 31702.25 examples/s]
Generating validation split: 100%|██████████| 33/33 [00:00<00:00, 31702.25 examples/s]
Generating dev split:   0%|          | 0/5 [00:00<?, ? examples/s]Generating dev split:   0%|          | 0/5 [00:00<?, ? examples/s]Generating dev split: 100%|██████████| 5/5 [00:00<00:00, 4728.64 examples/s]
Generating dev split: 100%|██████████| 5/5 [00:00<00:00, 4728.64 examples/s]
Generating test split:   0%|          | 0/282 [00:00<?, ? examples/s]Generating test split:   0%|          | 0/282 [00:00<?, ? examples/s]Generating test split: 100%|██████████| 282/282 [00:00<00:00, 179374.24 examples/s]
Generating test split: 100%|██████████| 282/282 [00:00<00:00, 179374.24 examples/s]
Generating validation split:   0%|          | 0/31 [00:00<?, ? examples/s]Generating validation split:   0%|          | 0/31 [00:00<?, ? examples/s]Generating validation split: 100%|██████████| 31/31 [00:00<00:00, 26400.70 examples/s]
Generating validation split: 100%|██████████| 31/31 [00:00<00:00, 26400.70 examples/s]
Generating dev split:   0%|          | 0/5 [00:00<?, ? examples/s]Generating dev split:   0%|          | 0/5 [00:00<?, ? examples/s]Generating dev split: 100%|██████████| 5/5 [00:00<00:00, 4381.85 examples/s]
Generating dev split: 100%|██████████| 5/5 [00:00<00:00, 4381.85 examples/s]
Generating test split:   0%|          | 0/272 [00:00<?, ? examples/s]Generating test split:   0%|          | 0/272 [00:00<?, ? examples/s]Generating test split: 100%|██████████| 272/272 [00:00<00:00, 127043.51 examples/s]
Generating test split: 100%|██████████| 272/272 [00:00<00:00, 127043.51 examples/s]
Generating validation split:   0%|          | 0/31 [00:00<?, ? examples/s]Generating validation split:   0%|          | 0/31 [00:00<?, ? examples/s]Generating validation split: 100%|██████████| 31/31 [00:00<00:00, 26831.08 examples/s]
Generating validation split: 100%|██████████| 31/31 [00:00<00:00, 26831.08 examples/s]
Generating dev split:   0%|          | 0/5 [00:00<?, ? examples/s]Generating dev split:   0%|          | 0/5 [00:00<?, ? examples/s]Generating dev split: 100%|██████████| 5/5 [00:00<00:00, 4069.77 examples/s]
Generating dev split: 100%|██████████| 5/5 [00:00<00:00, 4069.77 examples/s]
Generating test split:   0%|          | 0/166 [00:00<?, ? examples/s]Generating test split:   0%|          | 0/166 [00:00<?, ? examples/s]Generating test split: 100%|██████████| 166/166 [00:00<00:00, 99721.35 examples/s]
Generating test split: 100%|██████████| 166/166 [00:00<00:00, 99721.35 examples/s]
Generating validation split:   0%|          | 0/18 [00:00<?, ? examples/s]Generating validation split:   0%|          | 0/18 [00:00<?, ? examples/s]Generating validation split: 100%|██████████| 18/18 [00:00<00:00, 16758.60 examples/s]
Generating validation split: 100%|██████████| 18/18 [00:00<00:00, 16758.60 examples/s]
Generating dev split:   0%|          | 0/5 [00:00<?, ? examples/s]Generating dev split:   0%|          | 0/5 [00:00<?, ? examples/s]Generating dev split: 100%|██████████| 5/5 [00:00<00:00, 5426.01 examples/s]
Generating dev split: 100%|██████████| 5/5 [00:00<00:00, 5426.01 examples/s]
Generating test split:   0%|          | 0/114 [00:00<?, ? examples/s]Generating test split:   0%|          | 0/114 [00:00<?, ? examples/s]Generating test split: 100%|██████████| 114/114 [00:00<00:00, 55930.59 examples/s]
Generating test split: 100%|██████████| 114/114 [00:00<00:00, 55930.59 examples/s]
Generating validation split:   0%|          | 0/12 [00:00<?, ? examples/s]Generating validation split:   0%|          | 0/12 [00:00<?, ? examples/s]Generating validation split: 100%|██████████| 12/12 [00:00<00:00, 11626.62 examples/s]
Generating validation split: 100%|██████████| 12/12 [00:00<00:00, 11626.62 examples/s]
Generating dev split:   0%|          | 0/5 [00:00<?, ? examples/s]Generating dev split:   0%|          | 0/5 [00:00<?, ? examples/s]Generating dev split: 100%|██████████| 5/5 [00:00<00:00, 4598.01 examples/s]
Generating dev split: 100%|██████████| 5/5 [00:00<00:00, 4598.01 examples/s]
Generating test split:   0%|          | 0/198 [00:00<?, ? examples/s]Generating test split:   0%|          | 0/198 [00:00<?, ? examples/s]Generating test split: 100%|██████████| 198/198 [00:00<00:00, 118520.36 examples/s]
Generating test split: 100%|██████████| 198/198 [00:00<00:00, 118520.36 examples/s]
Generating validation split:   0%|          | 0/22 [00:00<?, ? examples/s]Generating validation split:   0%|          | 0/22 [00:00<?, ? examples/s]Generating validation split: 100%|██████████| 22/22 [00:00<00:00, 19512.52 examples/s]
Generating validation split: 100%|██████████| 22/22 [00:00<00:00, 19512.52 examples/s]
Generating dev split:   0%|          | 0/5 [00:00<?, ? examples/s]Generating dev split:   0%|          | 0/5 [00:00<?, ? examples/s]Generating dev split: 100%|██████████| 5/5 [00:00<00:00, 4553.09 examples/s]
Generating dev split: 100%|██████████| 5/5 [00:00<00:00, 4553.09 examples/s]
Generating test split:   0%|          | 0/193 [00:00<?, ? examples/s]Generating test split:   0%|          | 0/193 [00:00<?, ? examples/s]Generating test split: 100%|██████████| 193/193 [00:00<00:00, 91201.07 examples/s]
Generating test split: 100%|██████████| 193/193 [00:00<00:00, 91201.07 examples/s]
Generating validation split:   0%|          | 0/21 [00:00<?, ? examples/s]Generating validation split:   0%|          | 0/21 [00:00<?, ? examples/s]Generating validation split: 100%|██████████| 21/21 [00:00<00:00, 18832.67 examples/s]
Generating validation split: 100%|██████████| 21/21 [00:00<00:00, 18832.67 examples/s]
Generating dev split:   0%|          | 0/5 [00:00<?, ? examples/s]Generating dev split:   0%|          | 0/5 [00:00<?, ? examples/s]Generating dev split: 100%|██████████| 5/5 [00:00<00:00, 5210.32 examples/s]
Generating dev split: 100%|██████████| 5/5 [00:00<00:00, 5210.32 examples/s]
Generating test split:   0%|          | 0/390 [00:00<?, ? examples/s]Generating test split:   0%|          | 0/390 [00:00<?, ? examples/s]Generating test split: 100%|██████████| 390/390 [00:00<00:00, 239955.78 examples/s]
Generating test split: 100%|██████████| 390/390 [00:00<00:00, 239955.78 examples/s]
Generating validation split:   0%|          | 0/43 [00:00<?, ? examples/s]Generating validation split:   0%|          | 0/43 [00:00<?, ? examples/s]Generating validation split: 100%|██████████| 43/43 [00:00<00:00, 39456.37 examples/s]
Generating validation split: 100%|██████████| 43/43 [00:00<00:00, 39456.37 examples/s]
Generating dev split:   0%|          | 0/5 [00:00<?, ? examples/s]Generating dev split:   0%|          | 0/5 [00:00<?, ? examples/s]Generating dev split: 100%|██████████| 5/5 [00:00<00:00, 4684.28 examples/s]
Generating dev split: 100%|██████████| 5/5 [00:00<00:00, 4684.28 examples/s]
Generating test split:   0%|          | 0/238 [00:00<?, ? examples/s]Generating test split:   0%|          | 0/238 [00:00<?, ? examples/s]Generating test split: 100%|██████████| 238/238 [00:00<00:00, 157179.08 examples/s]
Generating test split: 100%|██████████| 238/238 [00:00<00:00, 157179.08 examples/s]
Generating validation split:   0%|          | 0/26 [00:00<?, ? examples/s]Generating validation split:   0%|          | 0/26 [00:00<?, ? examples/s]Generating validation split: 100%|██████████| 26/26 [00:00<00:00, 22466.40 examples/s]
Generating validation split: 100%|██████████| 26/26 [00:00<00:00, 22466.40 examples/s]
Generating dev split:   0%|          | 0/5 [00:00<?, ? examples/s]Generating dev split:   0%|          | 0/5 [00:00<?, ? examples/s]Generating dev split: 100%|██████████| 5/5 [00:00<00:00, 4784.74 examples/s]
Generating dev split: 100%|██████████| 5/5 [00:00<00:00, 4784.74 examples/s]
Generating test split:   0%|          | 0/545 [00:00<?, ? examples/s]Generating test split:   0%|          | 0/545 [00:00<?, ? examples/s]Generating test split: 100%|██████████| 545/545 [00:00<00:00, 225968.34 examples/s]
Generating test split: 100%|██████████| 545/545 [00:00<00:00, 225968.34 examples/s]
Generating validation split:   0%|          | 0/60 [00:00<?, ? examples/s]Generating validation split:   0%|          | 0/60 [00:00<?, ? examples/s]Generating validation split: 100%|██████████| 60/60 [00:00<00:00, 55998.72 examples/s]
Generating validation split: 100%|██████████| 60/60 [00:00<00:00, 55998.72 examples/s]
Generating dev split:   0%|          | 0/5 [00:00<?, ? examples/s]Generating dev split:   0%|          | 0/5 [00:00<?, ? examples/s]Generating dev split: 100%|██████████| 5/5 [00:00<00:00, 4723.32 examples/s]
Generating dev split: 100%|██████████| 5/5 [00:00<00:00, 4723.32 examples/s]
Generating test split:   0%|          | 0/131 [00:00<?, ? examples/s]Generating test split:   0%|          | 0/131 [00:00<?, ? examples/s]Generating test split: 100%|██████████| 131/131 [00:00<00:00, 70065.52 examples/s]
Generating test split: 100%|██████████| 131/131 [00:00<00:00, 70065.52 examples/s]
Generating validation split:   0%|          | 0/12 [00:00<?, ? examples/s]Generating validation split:   0%|          | 0/12 [00:00<?, ? examples/s]Generating validation split: 100%|██████████| 12/12 [00:00<00:00, 10889.58 examples/s]
Generating validation split: 100%|██████████| 12/12 [00:00<00:00, 10889.58 examples/s]
Generating dev split:   0%|          | 0/5 [00:00<?, ? examples/s]Generating dev split:   0%|          | 0/5 [00:00<?, ? examples/s]Generating dev split: 100%|██████████| 5/5 [00:00<00:00, 4924.05 examples/s]
Generating dev split: 100%|██████████| 5/5 [00:00<00:00, 4924.05 examples/s]
Generating test split:   0%|          | 0/612 [00:00<?, ? examples/s]Generating test split:   0%|          | 0/612 [00:00<?, ? examples/s]Generating test split: 100%|██████████| 612/612 [00:00<00:00, 287416.20 examples/s]
Generating test split: 100%|██████████| 612/612 [00:00<00:00, 287416.20 examples/s]
Generating validation split:   0%|          | 0/69 [00:00<?, ? examples/s]Generating validation split:   0%|          | 0/69 [00:00<?, ? examples/s]Generating validation split: 100%|██████████| 69/69 [00:00<00:00, 63134.16 examples/s]
Generating validation split: 100%|██████████| 69/69 [00:00<00:00, 63134.16 examples/s]
Generating dev split:   0%|          | 0/5 [00:00<?, ? examples/s]Generating dev split:   0%|          | 0/5 [00:00<?, ? examples/s]Generating dev split: 100%|██████████| 5/5 [00:00<00:00, 5166.67 examples/s]
Generating dev split: 100%|██████████| 5/5 [00:00<00:00, 5166.67 examples/s]
Generating test split:   0%|          | 0/110 [00:00<?, ? examples/s]Generating test split:   0%|          | 0/110 [00:00<?, ? examples/s]Generating test split: 100%|██████████| 110/110 [00:00<00:00, 73997.34 examples/s]
Generating test split: 100%|██████████| 110/110 [00:00<00:00, 73997.34 examples/s]
Generating validation split:   0%|          | 0/12 [00:00<?, ? examples/s]Generating validation split:   0%|          | 0/12 [00:00<?, ? examples/s]Generating validation split: 100%|██████████| 12/12 [00:00<00:00, 11202.24 examples/s]
Generating validation split: 100%|██████████| 12/12 [00:00<00:00, 11202.24 examples/s]
Generating dev split:   0%|          | 0/5 [00:00<?, ? examples/s]Generating dev split:   0%|          | 0/5 [00:00<?, ? examples/s]Generating dev split: 100%|██████████| 5/5 [00:00<00:00, 4514.86 examples/s]
Generating dev split: 100%|██████████| 5/5 [00:00<00:00, 4514.86 examples/s]
Generating test split:   0%|          | 0/245 [00:00<?, ? examples/s]Generating test split:   0%|          | 0/245 [00:00<?, ? examples/s]Generating test split: 100%|██████████| 245/245 [00:00<00:00, 117199.42 examples/s]
Generating test split: 100%|██████████| 245/245 [00:00<00:00, 117199.42 examples/s]
Generating validation split:   0%|          | 0/27 [00:00<?, ? examples/s]Generating validation split:   0%|          | 0/27 [00:00<?, ? examples/s]Generating validation split: 100%|██████████| 27/27 [00:00<00:00, 25598.15 examples/s]
Generating validation split: 100%|██████████| 27/27 [00:00<00:00, 25598.15 examples/s]
Generating dev split:   0%|          | 0/5 [00:00<?, ? examples/s]Generating dev split:   0%|          | 0/5 [00:00<?, ? examples/s]Generating dev split: 100%|██████████| 5/5 [00:00<00:00, 4873.70 examples/s]
Generating dev split: 100%|██████████| 5/5 [00:00<00:00, 4873.70 examples/s]
Generating test split:   0%|          | 0/201 [00:00<?, ? examples/s]Generating test split:   0%|          | 0/201 [00:00<?, ? examples/s]Generating test split: 100%|██████████| 201/201 [00:00<00:00, 120298.96 examples/s]
Generating test split: 100%|██████████| 201/201 [00:00<00:00, 120298.96 examples/s]
Generating validation split:   0%|          | 0/22 [00:00<?, ? examples/s]Generating validation split:   0%|          | 0/22 [00:00<?, ? examples/s]Generating validation split: 100%|██████████| 22/22 [00:00<00:00, 21276.16 examples/s]
Generating validation split: 100%|██████████| 22/22 [00:00<00:00, 21276.16 examples/s]
Generating dev split:   0%|          | 0/5 [00:00<?, ? examples/s]Generating dev split:   0%|          | 0/5 [00:00<?, ? examples/s]Generating dev split: 100%|██████████| 5/5 [00:00<00:00, 4821.04 examples/s]
Generating dev split: 100%|██████████| 5/5 [00:00<00:00, 4821.04 examples/s]
Generating test split:   0%|          | 0/100 [00:00<?, ? examples/s]Generating test split:   0%|          | 0/100 [00:00<?, ? examples/s]Generating test split: 100%|██████████| 100/100 [00:00<00:00, 55916.60 examples/s]
Generating test split: 100%|██████████| 100/100 [00:00<00:00, 55916.60 examples/s]
Generating validation split:   0%|          | 0/11 [00:00<?, ? examples/s]Generating validation split:   0%|          | 0/11 [00:00<?, ? examples/s]Generating validation split: 100%|██████████| 11/11 [00:00<00:00, 9866.84 examples/s]
Generating validation split: 100%|██████████| 11/11 [00:00<00:00, 9866.84 examples/s]
Generating dev split:   0%|          | 0/5 [00:00<?, ? examples/s]Generating dev split:   0%|          | 0/5 [00:00<?, ? examples/s]Generating dev split: 100%|██████████| 5/5 [00:00<00:00, 4586.95 examples/s]
Generating dev split: 100%|██████████| 5/5 [00:00<00:00, 4586.95 examples/s]
Generating test split:   0%|          | 0/126 [00:00<?, ? examples/s]Generating test split:   0%|          | 0/126 [00:00<?, ? examples/s]Generating test split: 100%|██████████| 126/126 [00:00<00:00, 64964.02 examples/s]
Generating test split: 100%|██████████| 126/126 [00:00<00:00, 64964.02 examples/s]
Generating validation split:   0%|          | 0/14 [00:00<?, ? examples/s]Generating validation split:   0%|          | 0/14 [00:00<?, ? examples/s]Generating validation split: 100%|██████████| 14/14 [00:00<00:00, 12996.96 examples/s]
Generating validation split: 100%|██████████| 14/14 [00:00<00:00, 12996.96 examples/s]
Generating dev split:   0%|          | 0/5 [00:00<?, ? examples/s]Generating dev split:   0%|          | 0/5 [00:00<?, ? examples/s]Generating dev split: 100%|██████████| 5/5 [00:00<00:00, 4796.78 examples/s]
Generating dev split: 100%|██████████| 5/5 [00:00<00:00, 4796.78 examples/s]
Generating test split:   0%|          | 0/165 [00:00<?, ? examples/s]Generating test split:   0%|          | 0/165 [00:00<?, ? examples/s]Generating test split: 100%|██████████| 165/165 [00:00<00:00, 59434.92 examples/s]
Generating test split: 100%|██████████| 165/165 [00:00<00:00, 59434.92 examples/s]
Generating validation split:   0%|          | 0/18 [00:00<?, ? examples/s]Generating validation split:   0%|          | 0/18 [00:00<?, ? examples/s]Generating validation split: 100%|██████████| 18/18 [00:00<00:00, 15270.52 examples/s]
Generating validation split: 100%|██████████| 18/18 [00:00<00:00, 15270.52 examples/s]
Generating dev split:   0%|          | 0/5 [00:00<?, ? examples/s]Generating dev split:   0%|          | 0/5 [00:00<?, ? examples/s]Generating dev split: 100%|██████████| 5/5 [00:00<00:00, 4318.68 examples/s]
Generating dev split: 100%|██████████| 5/5 [00:00<00:00, 4318.68 examples/s]
Generating test split:   0%|          | 0/204 [00:00<?, ? examples/s]Generating test split:   0%|          | 0/204 [00:00<?, ? examples/s]Generating test split: 100%|██████████| 204/204 [00:00<00:00, 90371.57 examples/s]
Generating test split: 100%|██████████| 204/204 [00:00<00:00, 90371.57 examples/s]
Generating validation split:   0%|          | 0/22 [00:00<?, ? examples/s]Generating validation split:   0%|          | 0/22 [00:00<?, ? examples/s]Generating validation split: 100%|██████████| 22/22 [00:00<00:00, 18873.94 examples/s]
Generating validation split: 100%|██████████| 22/22 [00:00<00:00, 18873.94 examples/s]
Generating dev split:   0%|          | 0/5 [00:00<?, ? examples/s]Generating dev split:   0%|          | 0/5 [00:00<?, ? examples/s]Generating dev split: 100%|██████████| 5/5 [00:00<00:00, 4204.39 examples/s]
Generating dev split: 100%|██████████| 5/5 [00:00<00:00, 4204.39 examples/s]
Generating test split:   0%|          | 0/237 [00:00<?, ? examples/s]Generating test split:   0%|          | 0/237 [00:00<?, ? examples/s]Generating test split: 100%|██████████| 237/237 [00:00<00:00, 104482.87 examples/s]
Generating test split: 100%|██████████| 237/237 [00:00<00:00, 104482.87 examples/s]
Generating validation split:   0%|          | 0/26 [00:00<?, ? examples/s]Generating validation split:   0%|          | 0/26 [00:00<?, ? examples/s]Generating validation split: 100%|██████████| 26/26 [00:00<00:00, 22310.13 examples/s]
Generating validation split: 100%|██████████| 26/26 [00:00<00:00, 22310.13 examples/s]
Generating dev split:   0%|          | 0/5 [00:00<?, ? examples/s]Generating dev split:   0%|          | 0/5 [00:00<?, ? examples/s]Generating dev split: 100%|██████████| 5/5 [00:00<00:00, 4548.15 examples/s]
Generating dev split: 100%|██████████| 5/5 [00:00<00:00, 4548.15 examples/s]
Generating test split:   0%|          | 0/121 [00:00<?, ? examples/s]Generating test split:   0%|          | 0/121 [00:00<?, ? examples/s]Generating test split: 100%|██████████| 121/121 [00:00<00:00, 50812.05 examples/s]
Generating test split: 100%|██████████| 121/121 [00:00<00:00, 50812.05 examples/s]
Generating validation split:   0%|          | 0/13 [00:00<?, ? examples/s]Generating validation split:   0%|          | 0/13 [00:00<?, ? examples/s]Generating validation split: 100%|██████████| 13/13 [00:00<00:00, 9295.25 examples/s]
Generating validation split: 100%|██████████| 13/13 [00:00<00:00, 9295.25 examples/s]
Generating dev split:   0%|          | 0/5 [00:00<?, ? examples/s]Generating dev split:   0%|          | 0/5 [00:00<?, ? examples/s]Generating dev split: 100%|██████████| 5/5 [00:00<00:00, 3972.63 examples/s]
Generating dev split: 100%|██████████| 5/5 [00:00<00:00, 3972.63 examples/s]
Generating test split:   0%|          | 0/108 [00:00<?, ? examples/s]Generating test split:   0%|          | 0/108 [00:00<?, ? examples/s]Generating test split: 100%|██████████| 108/108 [00:00<00:00, 49114.70 examples/s]
Generating test split: 100%|██████████| 108/108 [00:00<00:00, 49114.70 examples/s]
Generating validation split:   0%|          | 0/11 [00:00<?, ? examples/s]Generating validation split:   0%|          | 0/11 [00:00<?, ? examples/s]Generating validation split: 100%|██████████| 11/11 [00:00<00:00, 10431.23 examples/s]
Generating validation split: 100%|██████████| 11/11 [00:00<00:00, 10431.23 examples/s]
Generating dev split:   0%|          | 0/5 [00:00<?, ? examples/s]Generating dev split:   0%|          | 0/5 [00:00<?, ? examples/s]Generating dev split: 100%|██████████| 5/5 [00:00<00:00, 4895.31 examples/s]
Generating dev split: 100%|██████████| 5/5 [00:00<00:00, 4895.31 examples/s]
Generating test split:   0%|          | 0/163 [00:00<?, ? examples/s]Generating test split:   0%|          | 0/163 [00:00<?, ? examples/s]Generating test split: 100%|██████████| 163/163 [00:00<00:00, 73766.89 examples/s]
Generating test split: 100%|██████████| 163/163 [00:00<00:00, 73766.89 examples/s]
Generating validation split:   0%|          | 0/18 [00:00<?, ? examples/s]Generating validation split:   0%|          | 0/18 [00:00<?, ? examples/s]Generating validation split: 100%|██████████| 18/18 [00:00<00:00, 18052.96 examples/s]
Generating validation split: 100%|██████████| 18/18 [00:00<00:00, 18052.96 examples/s]
Generating dev split:   0%|          | 0/5 [00:00<?, ? examples/s]Generating dev split:   0%|          | 0/5 [00:00<?, ? examples/s]Generating dev split: 100%|██████████| 5/5 [00:00<00:00, 4446.89 examples/s]
Generating dev split: 100%|██████████| 5/5 [00:00<00:00, 4446.89 examples/s]
Generating test split:   0%|          | 0/346 [00:00<?, ? examples/s]Generating test split:   0%|          | 0/346 [00:00<?, ? examples/s]Generating test split: 100%|██████████| 346/346 [00:00<00:00, 196457.18 examples/s]
Generating test split: 100%|██████████| 346/346 [00:00<00:00, 196457.18 examples/s]
Generating validation split:   0%|          | 0/38 [00:00<?, ? examples/s]Generating validation split:   0%|          | 0/38 [00:00<?, ? examples/s]Generating validation split: 100%|██████████| 38/38 [00:00<00:00, 35632.36 examples/s]
Generating validation split: 100%|██████████| 38/38 [00:00<00:00, 35632.36 examples/s]
Generating dev split:   0%|          | 0/5 [00:00<?, ? examples/s]Generating dev split:   0%|          | 0/5 [00:00<?, ? examples/s]Generating dev split: 100%|██████████| 5/5 [00:00<00:00, 4794.59 examples/s]
Generating dev split: 100%|██████████| 5/5 [00:00<00:00, 4794.59 examples/s]
Generating test split:   0%|          | 0/895 [00:00<?, ? examples/s]Generating test split:   0%|          | 0/895 [00:00<?, ? examples/s]Generating test split: 100%|██████████| 895/895 [00:00<00:00, 394856.64 examples/s]
Generating test split: 100%|██████████| 895/895 [00:00<00:00, 394856.64 examples/s]
Generating validation split:   0%|          | 0/100 [00:00<?, ? examples/s]Generating validation split:   0%|          | 0/100 [00:00<?, ? examples/s]Generating validation split: 100%|██████████| 100/100 [00:00<00:00, 82483.85 examples/s]
Generating validation split: 100%|██████████| 100/100 [00:00<00:00, 82483.85 examples/s]
Generating dev split:   0%|          | 0/5 [00:00<?, ? examples/s]Generating dev split:   0%|          | 0/5 [00:00<?, ? examples/s]Generating dev split: 100%|██████████| 5/5 [00:00<00:00, 4932.15 examples/s]
Generating dev split: 100%|██████████| 5/5 [00:00<00:00, 4932.15 examples/s]
Generating test split:   0%|          | 0/311 [00:00<?, ? examples/s]Generating test split:   0%|          | 0/311 [00:00<?, ? examples/s]Generating test split: 100%|██████████| 311/311 [00:00<00:00, 182565.23 examples/s]
Generating test split: 100%|██████████| 311/311 [00:00<00:00, 182565.23 examples/s]
Generating validation split:   0%|          | 0/34 [00:00<?, ? examples/s]Generating validation split:   0%|          | 0/34 [00:00<?, ? examples/s]Generating validation split: 100%|██████████| 34/34 [00:00<00:00, 32169.26 examples/s]
Generating validation split: 100%|██████████| 34/34 [00:00<00:00, 32169.26 examples/s]
Generating dev split:   0%|          | 0/5 [00:00<?, ? examples/s]Generating dev split:   0%|          | 0/5 [00:00<?, ? examples/s]Generating dev split: 100%|██████████| 5/5 [00:00<00:00, 5042.44 examples/s]
Generating dev split: 100%|██████████| 5/5 [00:00<00:00, 5042.44 examples/s]
Generating test split:   0%|          | 0/324 [00:00<?, ? examples/s]Generating test split:   0%|          | 0/324 [00:00<?, ? examples/s]Generating test split: 100%|██████████| 324/324 [00:00<00:00, 167544.63 examples/s]
Generating test split: 100%|██████████| 324/324 [00:00<00:00, 167544.63 examples/s]
Generating validation split:   0%|          | 0/35 [00:00<?, ? examples/s]Generating validation split:   0%|          | 0/35 [00:00<?, ? examples/s]Generating validation split: 100%|██████████| 35/35 [00:00<00:00, 32731.47 examples/s]
Generating validation split: 100%|██████████| 35/35 [00:00<00:00, 32731.47 examples/s]
Generating dev split:   0%|          | 0/5 [00:00<?, ? examples/s]Generating dev split:   0%|          | 0/5 [00:00<?, ? examples/s]Generating dev split: 100%|██████████| 5/5 [00:00<00:00, 4786.93 examples/s]
Generating dev split: 100%|██████████| 5/5 [00:00<00:00, 4786.93 examples/s]
Generating test split:   0%|          | 0/1534 [00:00<?, ? examples/s]Generating test split:   0%|          | 0/1534 [00:00<?, ? examples/s]Generating test split: 100%|██████████| 1534/1534 [00:00<00:00, 336157.91 examples/s]
Generating test split: 100%|██████████| 1534/1534 [00:00<00:00, 336157.91 examples/s]
Generating validation split:   0%|          | 0/170 [00:00<?, ? examples/s]Generating validation split:   0%|          | 0/170 [00:00<?, ? examples/s]Generating validation split: 100%|██████████| 170/170 [00:00<00:00, 116508.44 examples/s]
Generating validation split: 100%|██████████| 170/170 [00:00<00:00, 116508.44 examples/s]
Generating dev split:   0%|          | 0/5 [00:00<?, ? examples/s]Generating dev split:   0%|          | 0/5 [00:00<?, ? examples/s]Generating dev split: 100%|██████████| 5/5 [00:00<00:00, 5214.20 examples/s]
Generating dev split: 100%|██████████| 5/5 [00:00<00:00, 5214.20 examples/s]
Generating test split:   0%|          | 0/171 [00:00<?, ? examples/s]Generating test split:   0%|          | 0/171 [00:00<?, ? examples/s]Generating test split: 100%|██████████| 171/171 [00:00<00:00, 78214.39 examples/s]
Generating test split: 100%|██████████| 171/171 [00:00<00:00, 78214.39 examples/s]
Generating validation split:   0%|          | 0/19 [00:00<?, ? examples/s]Generating validation split:   0%|          | 0/19 [00:00<?, ? examples/s]Generating validation split: 100%|██████████| 19/19 [00:00<00:00, 17380.98 examples/s]
Generating validation split: 100%|██████████| 19/19 [00:00<00:00, 17380.98 examples/s]
Generating dev split:   0%|          | 0/5 [00:00<?, ? examples/s]Generating dev split:   0%|          | 0/5 [00:00<?, ? examples/s]Generating dev split: 100%|██████████| 5/5 [00:00<00:00, 4869.17 examples/s]
Generating dev split: 100%|██████████| 5/5 [00:00<00:00, 4869.17 examples/s]
Generating train split:   0%|          | 0/39905 [00:00<?, ? examples/s]Generating train split:   0%|          | 0/39905 [00:00<?, ? examples/s]Generating train split: 100%|██████████| 39905/39905 [00:00<00:00, 578019.72 examples/s]
Generating train split: 100%|██████████| 39905/39905 [00:00<00:00, 578019.72 examples/s]
Generating test split:   0%|          | 0/10003 [00:00<?, ? examples/s]Generating test split:   0%|          | 0/10003 [00:00<?, ? examples/s]Generating test split: 100%|██████████| 10003/10003 [00:00<00:00, 597513.75 examples/s]
Generating test split: 100%|██████████| 10003/10003 [00:00<00:00, 597513.75 examples/s]
Generating validation split:   0%|          | 0/10042 [00:00<?, ? examples/s]Generating validation split:   0%|          | 0/10042 [00:00<?, ? examples/s]Generating validation split: 100%|██████████| 10042/10042 [00:00<00:00, 645010.73 examples/s]
Generating validation split: 100%|██████████| 10042/10042 [00:00<00:00, 645010.73 examples/s]
Map:   0%|          | 0/39905 [00:00<?, ? examples/s]Map:   0%|          | 0/39905 [00:00<?, ? examples/s]Map: 100%|██████████| 39905/39905 [00:02<00:00, 17419.48 examples/s]
Map: 100%|██████████| 39905/39905 [00:02<00:00, 17419.48 examples/s]
Map:   0%|          | 0/10042 [00:00<?, ? examples/s]Map:   0%|          | 0/10042 [00:00<?, ? examples/s]Map: 100%|██████████| 10042/10042 [00:01<00:00, 8334.27 examples/s]
Map: 100%|██████████| 10042/10042 [00:01<00:00, 8334.27 examples/s]
2026-08-04:02:43:43 INFO     [evaluator_utils:446] Selected tasks:
2026-08-04:02:43:43 INFO     [evaluator_utils:462] Group: mmlu
2026-08-04:02:43:43 INFO     [evaluator_utils:462]   Group: mmlu_stem
2026-08-04:02:43:43 INFO     [evaluator_utils:446] Selected tasks:
2026-08-04:02:43:43 INFO     [evaluator_utils:462] Group: mmlu
2026-08-04:02:43:43 INFO     [evaluator_utils:462]   Group: mmlu_stem
2026-08-04:02:43:43 INFO     [evaluator_utils:470]     Task: mmlu_abstract_algebra (mmlu/default/mmlu_abstract_algebra.yaml)
2026-08-04:02:43:43 INFO     [evaluator_utils:470]     Task: mmlu_abstract_algebra (mmlu/default/mmlu_abstract_algebra.yaml)
2026-08-04:02:43:43 INFO     [evaluator_utils:470]     Task: mmlu_anatomy (mmlu/default/mmlu_anatomy.yaml)
2026-08-04:02:43:43 INFO     [evaluator_utils:470]     Task: mmlu_anatomy (mmlu/default/mmlu_anatomy.yaml)
2026-08-04:02:43:43 INFO     [evaluator_utils:470]     Task: mmlu_astronomy (mmlu/default/mmlu_astronomy.yaml)
2026-08-04:02:43:43 INFO     [evaluator_utils:470]     Task: mmlu_astronomy (mmlu/default/mmlu_astronomy.yaml)
2026-08-04:02:43:43 INFO     [evaluator_utils:470]     Task: mmlu_college_biology (mmlu/default/mmlu_college_biology.yaml)
2026-08-04:02:43:43 INFO     [evaluator_utils:470]     Task: mmlu_college_biology (mmlu/default/mmlu_college_biology.yaml)
2026-08-04:02:43:43 INFO     [evaluator_utils:470]     Task: mmlu_college_chemistry (mmlu/default/mmlu_college_chemistry.yaml)
2026-08-04:02:43:43 INFO     [evaluator_utils:470]     Task: mmlu_college_chemistry (mmlu/default/mmlu_college_chemistry.yaml)
2026-08-04:02:43:43 INFO     [evaluator_utils:470]     Task: mmlu_college_computer_science (mmlu/default/mmlu_college_computer_science.yaml)
2026-08-04:02:43:43 INFO     [evaluator_utils:470]     Task: mmlu_college_computer_science (mmlu/default/mmlu_college_computer_science.yaml)
2026-08-04:02:43:43 INFO     [evaluator_utils:470]     Task: mmlu_college_mathematics (mmlu/default/mmlu_college_mathematics.yaml)
2026-08-04:02:43:43 INFO     [evaluator_utils:470]     Task: mmlu_college_mathematics (mmlu/default/mmlu_college_mathematics.yaml)
2026-08-04:02:43:43 INFO     [evaluator_utils:470]     Task: mmlu_college_physics (mmlu/default/mmlu_college_physics.yaml)
2026-08-04:02:43:43 INFO     [evaluator_utils:470]     Task: mmlu_college_physics (mmlu/default/mmlu_college_physics.yaml)
2026-08-04:02:43:43 INFO     [evaluator_utils:470]     Task: mmlu_computer_security (mmlu/default/mmlu_computer_security.yaml)
2026-08-04:02:43:43 INFO     [evaluator_utils:470]     Task: mmlu_computer_security (mmlu/default/mmlu_computer_security.yaml)
2026-08-04:02:43:43 INFO     [evaluator_utils:470]     Task: mmlu_conceptual_physics (mmlu/default/mmlu_conceptual_physics.yaml)
2026-08-04:02:43:43 INFO     [evaluator_utils:470]     Task: mmlu_conceptual_physics (mmlu/default/mmlu_conceptual_physics.yaml)
2026-08-04:02:43:43 INFO     [evaluator_utils:470]     Task: mmlu_electrical_engineering (mmlu/default/mmlu_electrical_engineering.yaml)
2026-08-04:02:43:43 INFO     [evaluator_utils:470]     Task: mmlu_electrical_engineering (mmlu/default/mmlu_electrical_engineering.yaml)
2026-08-04:02:43:43 INFO     [evaluator_utils:470]     Task: mmlu_elementary_mathematics (mmlu/default/mmlu_elementary_mathematics.yaml)
2026-08-04:02:43:43 INFO     [evaluator_utils:470]     Task: mmlu_elementary_mathematics (mmlu/default/mmlu_elementary_mathematics.yaml)
2026-08-04:02:43:43 INFO     [evaluator_utils:470]     Task: mmlu_high_school_biology (mmlu/default/mmlu_high_school_biology.yaml)
2026-08-04:02:43:43 INFO     [evaluator_utils:470]     Task: mmlu_high_school_biology (mmlu/default/mmlu_high_school_biology.yaml)
2026-08-04:02:43:43 INFO     [evaluator_utils:470]     Task: mmlu_high_school_chemistry (mmlu/default/mmlu_high_school_chemistry.yaml)
2026-08-04:02:43:43 INFO     [evaluator_utils:470]     Task: mmlu_high_school_chemistry (mmlu/default/mmlu_high_school_chemistry.yaml)
2026-08-04:02:43:43 INFO     [evaluator_utils:470]     Task: mmlu_high_school_computer_science (mmlu/default/mmlu_high_school_computer_science.yaml)
2026-08-04:02:43:43 INFO     [evaluator_utils:470]     Task: mmlu_high_school_computer_science (mmlu/default/mmlu_high_school_computer_science.yaml)
2026-08-04:02:43:43 INFO     [evaluator_utils:470]     Task: mmlu_high_school_mathematics (mmlu/default/mmlu_high_school_mathematics.yaml)
2026-08-04:02:43:43 INFO     [evaluator_utils:470]     Task: mmlu_high_school_mathematics (mmlu/default/mmlu_high_school_mathematics.yaml)
2026-08-04:02:43:43 INFO     [evaluator_utils:470]     Task: mmlu_high_school_physics (mmlu/default/mmlu_high_school_physics.yaml)
2026-08-04:02:43:43 INFO     [evaluator_utils:470]     Task: mmlu_high_school_physics (mmlu/default/mmlu_high_school_physics.yaml)
2026-08-04:02:43:43 INFO     [evaluator_utils:470]     Task: mmlu_high_school_statistics (mmlu/default/mmlu_high_school_statistics.yaml)
2026-08-04:02:43:43 INFO     [evaluator_utils:470]     Task: mmlu_high_school_statistics (mmlu/default/mmlu_high_school_statistics.yaml)
2026-08-04:02:43:43 INFO     [evaluator_utils:470]     Task: mmlu_machine_learning (mmlu/default/mmlu_machine_learning.yaml)
2026-08-04:02:43:43 INFO     [evaluator_utils:470]     Task: mmlu_machine_learning (mmlu/default/mmlu_machine_learning.yaml)
2026-08-04:02:43:43 INFO     [evaluator_utils:462]   Group: mmlu_other
2026-08-04:02:43:43 INFO     [evaluator_utils:462]   Group: mmlu_other
2026-08-04:02:43:43 INFO     [evaluator_utils:470]     Task: mmlu_business_ethics (mmlu/default/mmlu_business_ethics.yaml)
2026-08-04:02:43:43 INFO     [evaluator_utils:470]     Task: mmlu_business_ethics (mmlu/default/mmlu_business_ethics.yaml)
2026-08-04:02:43:43 INFO     [evaluator_utils:470]     Task: mmlu_clinical_knowledge (mmlu/default/mmlu_clinical_knowledge.yaml)
2026-08-04:02:43:43 INFO     [evaluator_utils:470]     Task: mmlu_clinical_knowledge (mmlu/default/mmlu_clinical_knowledge.yaml)
2026-08-04:02:43:43 INFO     [evaluator_utils:470]     Task: mmlu_college_medicine (mmlu/default/mmlu_college_medicine.yaml)
2026-08-04:02:43:43 INFO     [evaluator_utils:470]     Task: mmlu_college_medicine (mmlu/default/mmlu_college_medicine.yaml)
2026-08-04:02:43:43 INFO     [evaluator_utils:470]     Task: mmlu_global_facts (mmlu/default/mmlu_global_facts.yaml)
2026-08-04:02:43:43 INFO     [evaluator_utils:470]     Task: mmlu_global_facts (mmlu/default/mmlu_global_facts.yaml)
2026-08-04:02:43:43 INFO     [evaluator_utils:470]     Task: mmlu_human_aging (mmlu/default/mmlu_human_aging.yaml)
2026-08-04:02:43:43 INFO     [evaluator_utils:470]     Task: mmlu_human_aging (mmlu/default/mmlu_human_aging.yaml)
2026-08-04:02:43:43 INFO     [evaluator_utils:470]     Task: mmlu_management (mmlu/default/mmlu_management.yaml)
2026-08-04:02:43:43 INFO     [evaluator_utils:470]     Task: mmlu_management (mmlu/default/mmlu_management.yaml)
2026-08-04:02:43:43 INFO     [evaluator_utils:470]     Task: mmlu_marketing (mmlu/default/mmlu_marketing.yaml)
2026-08-04:02:43:43 INFO     [evaluator_utils:470]     Task: mmlu_marketing (mmlu/default/mmlu_marketing.yaml)
2026-08-04:02:43:43 INFO     [evaluator_utils:470]     Task: mmlu_medical_genetics (mmlu/default/mmlu_medical_genetics.yaml)
2026-08-04:02:43:43 INFO     [evaluator_utils:470]     Task: mmlu_medical_genetics (mmlu/default/mmlu_medical_genetics.yaml)
2026-08-04:02:43:43 INFO     [evaluator_utils:470]     Task: mmlu_miscellaneous (mmlu/default/mmlu_miscellaneous.yaml)
2026-08-04:02:43:43 INFO     [evaluator_utils:470]     Task: mmlu_miscellaneous (mmlu/default/mmlu_miscellaneous.yaml)
2026-08-04:02:43:43 INFO     [evaluator_utils:470]     Task: mmlu_nutrition (mmlu/default/mmlu_nutrition.yaml)
2026-08-04:02:43:43 INFO     [evaluator_utils:470]     Task: mmlu_nutrition (mmlu/default/mmlu_nutrition.yaml)
2026-08-04:02:43:43 INFO     [evaluator_utils:470]     Task: mmlu_professional_accounting (mmlu/default/mmlu_professional_accounting.yaml)
2026-08-04:02:43:43 INFO     [evaluator_utils:470]     Task: mmlu_professional_accounting (mmlu/default/mmlu_professional_accounting.yaml)
2026-08-04:02:43:43 INFO     [evaluator_utils:470]     Task: mmlu_professional_medicine (mmlu/default/mmlu_professional_medicine.yaml)
2026-08-04:02:43:43 INFO     [evaluator_utils:470]     Task: mmlu_professional_medicine (mmlu/default/mmlu_professional_medicine.yaml)
2026-08-04:02:43:43 INFO     [evaluator_utils:470]     Task: mmlu_virology (mmlu/default/mmlu_virology.yaml)
2026-08-04:02:43:43 INFO     [evaluator_utils:462]   Group: mmlu_social_sciences
2026-08-04:02:43:43 INFO     [evaluator_utils:470]     Task: mmlu_virology (mmlu/default/mmlu_virology.yaml)
2026-08-04:02:43:43 INFO     [evaluator_utils:462]   Group: mmlu_social_sciences
2026-08-04:02:43:43 INFO     [evaluator_utils:470]     Task: mmlu_econometrics (mmlu/default/mmlu_econometrics.yaml)
2026-08-04:02:43:43 INFO     [evaluator_utils:470]     Task: mmlu_econometrics (mmlu/default/mmlu_econometrics.yaml)
2026-08-04:02:43:43 INFO     [evaluator_utils:470]     Task: mmlu_high_school_geography (mmlu/default/mmlu_high_school_geography.yaml)
2026-08-04:02:43:43 INFO     [evaluator_utils:470]     Task: mmlu_high_school_geography (mmlu/default/mmlu_high_school_geography.yaml)
2026-08-04:02:43:43 INFO     [evaluator_utils:470]     Task: mmlu_high_school_government_and_politics (mmlu/default/mmlu_high_school_government_and_politics.yaml)
2026-08-04:02:43:43 INFO     [evaluator_utils:470]     Task: mmlu_high_school_government_and_politics (mmlu/default/mmlu_high_school_government_and_politics.yaml)
2026-08-04:02:43:43 INFO     [evaluator_utils:470]     Task: mmlu_high_school_macroeconomics (mmlu/default/mmlu_high_school_macroeconomics.yaml)
2026-08-04:02:43:43 INFO     [evaluator_utils:470]     Task: mmlu_high_school_macroeconomics (mmlu/default/mmlu_high_school_macroeconomics.yaml)
2026-08-04:02:43:43 INFO     [evaluator_utils:470]     Task: mmlu_high_school_microeconomics (mmlu/default/mmlu_high_school_microeconomics.yaml)
2026-08-04:02:43:43 INFO     [evaluator_utils:470]     Task: mmlu_high_school_microeconomics (mmlu/default/mmlu_high_school_microeconomics.yaml)
2026-08-04:02:43:43 INFO     [evaluator_utils:470]     Task: mmlu_high_school_psychology (mmlu/default/mmlu_high_school_psychology.yaml)
2026-08-04:02:43:43 INFO     [evaluator_utils:470]     Task: mmlu_high_school_psychology (mmlu/default/mmlu_high_school_psychology.yaml)
2026-08-04:02:43:43 INFO     [evaluator_utils:470]     Task: mmlu_human_sexuality (mmlu/default/mmlu_human_sexuality.yaml)
2026-08-04:02:43:43 INFO     [evaluator_utils:470]     Task: mmlu_human_sexuality (mmlu/default/mmlu_human_sexuality.yaml)
2026-08-04:02:43:43 INFO     [evaluator_utils:470]     Task: mmlu_professional_psychology (mmlu/default/mmlu_professional_psychology.yaml)
2026-08-04:02:43:43 INFO     [evaluator_utils:470]     Task: mmlu_professional_psychology (mmlu/default/mmlu_professional_psychology.yaml)
2026-08-04:02:43:43 INFO     [evaluator_utils:470]     Task: mmlu_public_relations (mmlu/default/mmlu_public_relations.yaml)
2026-08-04:02:43:43 INFO     [evaluator_utils:470]     Task: mmlu_public_relations (mmlu/default/mmlu_public_relations.yaml)
2026-08-04:02:43:43 INFO     [evaluator_utils:470]     Task: mmlu_security_studies (mmlu/default/mmlu_security_studies.yaml)
2026-08-04:02:43:43 INFO     [evaluator_utils:470]     Task: mmlu_security_studies (mmlu/default/mmlu_security_studies.yaml)
2026-08-04:02:43:43 INFO     [evaluator_utils:470]     Task: mmlu_sociology (mmlu/default/mmlu_sociology.yaml)
2026-08-04:02:43:43 INFO     [evaluator_utils:470]     Task: mmlu_sociology (mmlu/default/mmlu_sociology.yaml)
2026-08-04:02:43:43 INFO     [evaluator_utils:470]     Task: mmlu_us_foreign_policy (mmlu/default/mmlu_us_foreign_policy.yaml)
2026-08-04:02:43:43 INFO     [evaluator_utils:470]     Task: mmlu_us_foreign_policy (mmlu/default/mmlu_us_foreign_policy.yaml)
2026-08-04:02:43:43 INFO     [evaluator_utils:462]   Group: mmlu_humanities
2026-08-04:02:43:43 INFO     [evaluator_utils:462]   Group: mmlu_humanities
2026-08-04:02:43:43 INFO     [evaluator_utils:470]     Task: mmlu_formal_logic (mmlu/default/mmlu_formal_logic.yaml)
2026-08-04:02:43:43 INFO     [evaluator_utils:470]     Task: mmlu_formal_logic (mmlu/default/mmlu_formal_logic.yaml)
2026-08-04:02:43:43 INFO     [evaluator_utils:470]     Task: mmlu_high_school_european_history (mmlu/default/mmlu_high_school_european_history.yaml)
2026-08-04:02:43:43 INFO     [evaluator_utils:470]     Task: mmlu_high_school_european_history (mmlu/default/mmlu_high_school_european_history.yaml)
2026-08-04:02:43:43 INFO     [evaluator_utils:470]     Task: mmlu_high_school_us_history (mmlu/default/mmlu_high_school_us_history.yaml)
2026-08-04:02:43:43 INFO     [evaluator_utils:470]     Task: mmlu_high_school_us_history (mmlu/default/mmlu_high_school_us_history.yaml)
2026-08-04:02:43:43 INFO     [evaluator_utils:470]     Task: mmlu_high_school_world_history (mmlu/default/mmlu_high_school_world_history.yaml)
2026-08-04:02:43:43 INFO     [evaluator_utils:470]     Task: mmlu_high_school_world_history (mmlu/default/mmlu_high_school_world_history.yaml)
2026-08-04:02:43:43 INFO     [evaluator_utils:470]     Task: mmlu_international_law (mmlu/default/mmlu_international_law.yaml)
2026-08-04:02:43:43 INFO     [evaluator_utils:470]     Task: mmlu_international_law (mmlu/default/mmlu_international_law.yaml)
2026-08-04:02:43:43 INFO     [evaluator_utils:470]     Task: mmlu_jurisprudence (mmlu/default/mmlu_jurisprudence.yaml)
2026-08-04:02:43:43 INFO     [evaluator_utils:470]     Task: mmlu_jurisprudence (mmlu/default/mmlu_jurisprudence.yaml)
2026-08-04:02:43:43 INFO     [evaluator_utils:470]     Task: mmlu_logical_fallacies (mmlu/default/mmlu_logical_fallacies.yaml)
2026-08-04:02:43:43 INFO     [evaluator_utils:470]     Task: mmlu_logical_fallacies (mmlu/default/mmlu_logical_fallacies.yaml)
2026-08-04:02:43:43 INFO     [evaluator_utils:470]     Task: mmlu_moral_disputes (mmlu/default/mmlu_moral_disputes.yaml)
2026-08-04:02:43:43 INFO     [evaluator_utils:470]     Task: mmlu_moral_disputes (mmlu/default/mmlu_moral_disputes.yaml)
2026-08-04:02:43:43 INFO     [evaluator_utils:470]     Task: mmlu_moral_scenarios (mmlu/default/mmlu_moral_scenarios.yaml)
2026-08-04:02:43:43 INFO     [evaluator_utils:470]     Task: mmlu_moral_scenarios (mmlu/default/mmlu_moral_scenarios.yaml)
2026-08-04:02:43:43 INFO     [evaluator_utils:470]     Task: mmlu_philosophy (mmlu/default/mmlu_philosophy.yaml)
2026-08-04:02:43:43 INFO     [evaluator_utils:470]     Task: mmlu_philosophy (mmlu/default/mmlu_philosophy.yaml)
2026-08-04:02:43:43 INFO     [evaluator_utils:470]     Task: mmlu_prehistory (mmlu/default/mmlu_prehistory.yaml)
2026-08-04:02:43:43 INFO     [evaluator_utils:470]     Task: mmlu_prehistory (mmlu/default/mmlu_prehistory.yaml)
2026-08-04:02:43:43 INFO     [evaluator_utils:470]     Task: mmlu_professional_law (mmlu/default/mmlu_professional_law.yaml)
2026-08-04:02:43:43 INFO     [evaluator_utils:470]     Task: mmlu_professional_law (mmlu/default/mmlu_professional_law.yaml)
2026-08-04:02:43:43 INFO     [evaluator_utils:470]     Task: mmlu_world_religions (mmlu/default/mmlu_world_religions.yaml)
2026-08-04:02:43:43 INFO     [evaluator_utils:470]     Task: mmlu_world_religions (mmlu/default/mmlu_world_religions.yaml)
2026-08-04:02:43:43 INFO     [evaluator_utils:480] Task: hellaswag (hellaswag/hellaswag.yaml)
2026-08-04:02:43:43 INFO     [evaluator_utils:480] Task: hellaswag (hellaswag/hellaswag.yaml)
2026-08-04:02:43:43 INFO     [evaluator_utils:480] Task: piqa (piqa/piqa.yaml)
2026-08-04:02:43:43 INFO     [evaluator_utils:480] Task: piqa (piqa/piqa.yaml)
2026-08-04:02:43:43 INFO     [api.task:312] Building contexts for piqa on rank 0...
2026-08-04:02:43:43 INFO     [api.task:312] Building contexts for piqa on rank 0...
  0%|          | 0/1838 [00:00<?, ?it/s]  0%|          | 0/1838 [00:00<?, ?it/s]100%|██████████| 1838/1838 [00:00<00:00, 2313.73it/s]
100%|██████████| 1838/1838 [00:00<00:00, 2313.73it/s]
2026-08-04:02:43:44 INFO     [api.task:312] Building contexts for mmlu_abstract_algebra on rank 0...
2026-08-04:02:43:44 INFO     [api.task:312] Building contexts for mmlu_abstract_algebra on rank 0...
  0%|          | 0/100 [00:00<?, ?it/s]  0%|          | 0/100 [00:00<?, ?it/s]100%|██████████| 100/100 [00:00<00:00, 1794.60it/s]
100%|██████████| 100/100 [00:00<00:00, 1794.60it/s]
2026-08-04:02:43:44 INFO     [api.task:312] Building contexts for mmlu_anatomy on rank 0...
2026-08-04:02:43:44 INFO     [api.task:312] Building contexts for mmlu_anatomy on rank 0...
  0%|          | 0/135 [00:00<?, ?it/s]  0%|          | 0/135 [00:00<?, ?it/s]100%|██████████| 135/135 [00:00<00:00, 1928.55it/s]
100%|██████████| 135/135 [00:00<00:00, 1928.55it/s]
2026-08-04:02:43:44 INFO     [api.task:312] Building contexts for mmlu_astronomy on rank 0...
2026-08-04:02:43:44 INFO     [api.task:312] Building contexts for mmlu_astronomy on rank 0...
  0%|          | 0/152 [00:00<?, ?it/s]  0%|          | 0/152 [00:00<?, ?it/s]100%|██████████| 152/152 [00:00<00:00, 1934.27it/s]
100%|██████████| 152/152 [00:00<00:00, 1934.27it/s]
2026-08-04:02:43:44 INFO     [api.task:312] Building contexts for mmlu_college_biology on rank 0...
2026-08-04:02:43:44 INFO     [api.task:312] Building contexts for mmlu_college_biology on rank 0...
  0%|          | 0/144 [00:00<?, ?it/s]  0%|          | 0/144 [00:00<?, ?it/s]100%|██████████| 144/144 [00:00<00:00, 1940.02it/s]
100%|██████████| 144/144 [00:00<00:00, 1940.02it/s]
2026-08-04:02:43:44 INFO     [api.task:312] Building contexts for mmlu_college_chemistry on rank 0...
2026-08-04:02:43:44 INFO     [api.task:312] Building contexts for mmlu_college_chemistry on rank 0...
  0%|          | 0/100 [00:00<?, ?it/s]  0%|          | 0/100 [00:00<?, ?it/s]100%|██████████| 100/100 [00:00<00:00, 1928.30it/s]
100%|██████████| 100/100 [00:00<00:00, 1928.30it/s]
2026-08-04:02:43:44 INFO     [api.task:312] Building contexts for mmlu_college_computer_science on rank 0...
2026-08-04:02:43:44 INFO     [api.task:312] Building contexts for mmlu_college_computer_science on rank 0...
  0%|          | 0/100 [00:00<?, ?it/s]  0%|          | 0/100 [00:00<?, ?it/s]100%|██████████| 100/100 [00:00<00:00, 1902.40it/s]
100%|██████████| 100/100 [00:00<00:00, 1902.40it/s]
2026-08-04:02:43:44 INFO     [api.task:312] Building contexts for mmlu_college_mathematics on rank 0...
2026-08-04:02:43:44 INFO     [api.task:312] Building contexts for mmlu_college_mathematics on rank 0...
  0%|          | 0/100 [00:00<?, ?it/s]  0%|          | 0/100 [00:00<?, ?it/s]100%|██████████| 100/100 [00:00<00:00, 1914.15it/s]
100%|██████████| 100/100 [00:00<00:00, 1914.15it/s]
2026-08-04:02:43:44 INFO     [api.task:312] Building contexts for mmlu_college_physics on rank 0...
2026-08-04:02:43:44 INFO     [api.task:312] Building contexts for mmlu_college_physics on rank 0...
  0%|          | 0/102 [00:00<?, ?it/s]  0%|          | 0/102 [00:00<?, ?it/s]100%|██████████| 102/102 [00:00<00:00, 1928.10it/s]
100%|██████████| 102/102 [00:00<00:00, 1928.10it/s]
2026-08-04:02:43:44 INFO     [api.task:312] Building contexts for mmlu_computer_security on rank 0...
2026-08-04:02:43:44 INFO     [api.task:312] Building contexts for mmlu_computer_security on rank 0...
  0%|          | 0/100 [00:00<?, ?it/s]  0%|          | 0/100 [00:00<?, ?it/s]100%|██████████| 100/100 [00:00<00:00, 1919.19it/s]
100%|██████████| 100/100 [00:00<00:00, 1919.19it/s]
2026-08-04:02:43:44 INFO     [api.task:312] Building contexts for mmlu_conceptual_physics on rank 0...
2026-08-04:02:43:44 INFO     [api.task:312] Building contexts for mmlu_conceptual_physics on rank 0...
  0%|          | 0/235 [00:00<?, ?it/s]  0%|          | 0/235 [00:00<?, ?it/s]100%|██████████| 235/235 [00:00<00:00, 1909.35it/s]
100%|██████████| 235/235 [00:00<00:00, 1909.35it/s]
2026-08-04:02:43:44 INFO     [api.task:312] Building contexts for mmlu_electrical_engineering on rank 0...
2026-08-04:02:43:44 INFO     [api.task:312] Building contexts for mmlu_electrical_engineering on rank 0...
  0%|          | 0/145 [00:00<?, ?it/s]  0%|          | 0/145 [00:00<?, ?it/s]100%|██████████| 145/145 [00:00<00:00, 1909.13it/s]
100%|██████████| 145/145 [00:00<00:00, 1909.13it/s]
2026-08-04:02:43:44 INFO     [api.task:312] Building contexts for mmlu_elementary_mathematics on rank 0...
2026-08-04:02:43:44 INFO     [api.task:312] Building contexts for mmlu_elementary_mathematics on rank 0...
  0%|          | 0/378 [00:00<?, ?it/s]  0%|          | 0/378 [00:00<?, ?it/s]100%|██████████| 378/378 [00:00<00:00, 1923.92it/s]
100%|██████████| 378/378 [00:00<00:00, 1923.92it/s]
2026-08-04:02:43:45 INFO     [api.task:312] Building contexts for mmlu_high_school_biology on rank 0...
2026-08-04:02:43:45 INFO     [api.task:312] Building contexts for mmlu_high_school_biology on rank 0...
  0%|          | 0/310 [00:00<?, ?it/s]  0%|          | 0/310 [00:00<?, ?it/s]100%|██████████| 310/310 [00:00<00:00, 1920.66it/s]
100%|██████████| 310/310 [00:00<00:00, 1920.66it/s]
2026-08-04:02:43:45 INFO     [api.task:312] Building contexts for mmlu_high_school_chemistry on rank 0...
2026-08-04:02:43:45 INFO     [api.task:312] Building contexts for mmlu_high_school_chemistry on rank 0...
  0%|          | 0/203 [00:00<?, ?it/s]  0%|          | 0/203 [00:00<?, ?it/s]100%|██████████| 203/203 [00:00<00:00, 1895.20it/s]
100%|██████████| 203/203 [00:00<00:00, 1895.20it/s]
2026-08-04:02:43:45 INFO     [api.task:312] Building contexts for mmlu_high_school_computer_science on rank 0...
2026-08-04:02:43:45 INFO     [api.task:312] Building contexts for mmlu_high_school_computer_science on rank 0...
  0%|          | 0/100 [00:00<?, ?it/s]  0%|          | 0/100 [00:00<?, ?it/s]100%|██████████| 100/100 [00:00<00:00, 1878.55it/s]
100%|██████████| 100/100 [00:00<00:00, 1878.55it/s]
2026-08-04:02:43:45 INFO     [api.task:312] Building contexts for mmlu_high_school_mathematics on rank 0...
2026-08-04:02:43:45 INFO     [api.task:312] Building contexts for mmlu_high_school_mathematics on rank 0...
  0%|          | 0/270 [00:00<?, ?it/s]  0%|          | 0/270 [00:00<?, ?it/s]100%|██████████| 270/270 [00:00<00:00, 1900.32it/s]
100%|██████████| 270/270 [00:00<00:00, 1900.32it/s]
2026-08-04:02:43:45 INFO     [api.task:312] Building contexts for mmlu_high_school_physics on rank 0...
2026-08-04:02:43:45 INFO     [api.task:312] Building contexts for mmlu_high_school_physics on rank 0...
  0%|          | 0/151 [00:00<?, ?it/s]  0%|          | 0/151 [00:00<?, ?it/s]100%|██████████| 151/151 [00:00<00:00, 1890.92it/s]
100%|██████████| 151/151 [00:00<00:00, 1890.92it/s]
2026-08-04:02:43:45 INFO     [api.task:312] Building contexts for mmlu_high_school_statistics on rank 0...
2026-08-04:02:43:45 INFO     [api.task:312] Building contexts for mmlu_high_school_statistics on rank 0...
  0%|          | 0/216 [00:00<?, ?it/s]  0%|          | 0/216 [00:00<?, ?it/s]100%|██████████| 216/216 [00:00<00:00, 1905.17it/s]
100%|██████████| 216/216 [00:00<00:00, 1905.17it/s]
2026-08-04:02:43:45 INFO     [api.task:312] Building contexts for mmlu_machine_learning on rank 0...
2026-08-04:02:43:45 INFO     [api.task:312] Building contexts for mmlu_machine_learning on rank 0...
  0%|          | 0/112 [00:00<?, ?it/s]  0%|          | 0/112 [00:00<?, ?it/s]100%|██████████| 112/112 [00:00<00:00, 1888.65it/s]
100%|██████████| 112/112 [00:00<00:00, 1888.65it/s]
2026-08-04:02:43:45 INFO     [api.task:312] Building contexts for mmlu_business_ethics on rank 0...
2026-08-04:02:43:45 INFO     [api.task:312] Building contexts for mmlu_business_ethics on rank 0...
  0%|          | 0/100 [00:00<?, ?it/s]  0%|          | 0/100 [00:00<?, ?it/s]100%|██████████| 100/100 [00:00<00:00, 1890.97it/s]
100%|██████████| 100/100 [00:00<00:00, 1890.97it/s]
2026-08-04:02:43:45 INFO     [api.task:312] Building contexts for mmlu_clinical_knowledge on rank 0...
2026-08-04:02:43:45 INFO     [api.task:312] Building contexts for mmlu_clinical_knowledge on rank 0...
  0%|          | 0/265 [00:00<?, ?it/s]  0%|          | 0/265 [00:00<?, ?it/s]100%|██████████| 265/265 [00:00<00:00, 1889.84it/s]
100%|██████████| 265/265 [00:00<00:00, 1889.84it/s]
2026-08-04:02:43:46 INFO     [api.task:312] Building contexts for mmlu_college_medicine on rank 0...
2026-08-04:02:43:46 INFO     [api.task:312] Building contexts for mmlu_college_medicine on rank 0...
  0%|          | 0/173 [00:00<?, ?it/s]  0%|          | 0/173 [00:00<?, ?it/s]100%|██████████| 173/173 [00:00<00:00, 1895.97it/s]
100%|██████████| 173/173 [00:00<00:00, 1895.97it/s]
2026-08-04:02:43:46 INFO     [api.task:312] Building contexts for mmlu_global_facts on rank 0...
2026-08-04:02:43:46 INFO     [api.task:312] Building contexts for mmlu_global_facts on rank 0...
  0%|          | 0/100 [00:00<?, ?it/s]  0%|          | 0/100 [00:00<?, ?it/s]100%|██████████| 100/100 [00:00<00:00, 1896.03it/s]
100%|██████████| 100/100 [00:00<00:00, 1896.03it/s]
2026-08-04:02:43:46 INFO     [api.task:312] Building contexts for mmlu_human_aging on rank 0...
2026-08-04:02:43:46 INFO     [api.task:312] Building contexts for mmlu_human_aging on rank 0...
  0%|          | 0/223 [00:00<?, ?it/s]  0%|          | 0/223 [00:00<?, ?it/s]100%|██████████| 223/223 [00:00<00:00, 1921.12it/s]
100%|██████████| 223/223 [00:00<00:00, 1921.12it/s]
2026-08-04:02:43:46 INFO     [api.task:312] Building contexts for mmlu_management on rank 0...
2026-08-04:02:43:46 INFO     [api.task:312] Building contexts for mmlu_management on rank 0...
  0%|          | 0/103 [00:00<?, ?it/s]  0%|          | 0/103 [00:00<?, ?it/s]100%|██████████| 103/103 [00:00<00:00, 1907.43it/s]
100%|██████████| 103/103 [00:00<00:00, 1907.43it/s]
2026-08-04:02:43:46 INFO     [api.task:312] Building contexts for mmlu_marketing on rank 0...
2026-08-04:02:43:46 INFO     [api.task:312] Building contexts for mmlu_marketing on rank 0...
  0%|          | 0/234 [00:00<?, ?it/s]  0%|          | 0/234 [00:00<?, ?it/s]100%|██████████| 234/234 [00:00<00:00, 1912.54it/s]
100%|██████████| 234/234 [00:00<00:00, 1912.54it/s]
2026-08-04:02:43:46 INFO     [api.task:312] Building contexts for mmlu_medical_genetics on rank 0...
2026-08-04:02:43:46 INFO     [api.task:312] Building contexts for mmlu_medical_genetics on rank 0...
  0%|          | 0/100 [00:00<?, ?it/s]  0%|          | 0/100 [00:00<?, ?it/s]100%|██████████| 100/100 [00:00<00:00, 1893.34it/s]
100%|██████████| 100/100 [00:00<00:00, 1893.34it/s]
2026-08-04:02:43:46 INFO     [api.task:312] Building contexts for mmlu_miscellaneous on rank 0...
2026-08-04:02:43:46 INFO     [api.task:312] Building contexts for mmlu_miscellaneous on rank 0...
  0%|          | 0/783 [00:00<?, ?it/s]  0%|          | 0/783 [00:00<?, ?it/s]100%|██████████| 783/783 [00:00<00:00, 1941.41it/s]
100%|██████████| 783/783 [00:00<00:00, 1941.41it/s]
2026-08-04:02:43:46 INFO     [api.task:312] Building contexts for mmlu_nutrition on rank 0...
2026-08-04:02:43:46 INFO     [api.task:312] Building contexts for mmlu_nutrition on rank 0...
  0%|          | 0/306 [00:00<?, ?it/s]  0%|          | 0/306 [00:00<?, ?it/s]100%|██████████| 306/306 [00:00<00:00, 1939.20it/s]
100%|██████████| 306/306 [00:00<00:00, 1939.20it/s]
2026-08-04:02:43:47 INFO     [api.task:312] Building contexts for mmlu_professional_accounting on rank 0...
2026-08-04:02:43:47 INFO     [api.task:312] Building contexts for mmlu_professional_accounting on rank 0...
  0%|          | 0/282 [00:00<?, ?it/s]  0%|          | 0/282 [00:00<?, ?it/s]100%|██████████| 282/282 [00:00<00:00, 1932.84it/s]
100%|██████████| 282/282 [00:00<00:00, 1932.84it/s]
2026-08-04:02:43:47 INFO     [api.task:312] Building contexts for mmlu_professional_medicine on rank 0...
2026-08-04:02:43:47 INFO     [api.task:312] Building contexts for mmlu_professional_medicine on rank 0...
  0%|          | 0/272 [00:00<?, ?it/s]  0%|          | 0/272 [00:00<?, ?it/s]100%|██████████| 272/272 [00:00<00:00, 1934.83it/s]
100%|██████████| 272/272 [00:00<00:00, 1934.83it/s]
2026-08-04:02:43:47 INFO     [api.task:312] Building contexts for mmlu_virology on rank 0...
2026-08-04:02:43:47 INFO     [api.task:312] Building contexts for mmlu_virology on rank 0...
  0%|          | 0/166 [00:00<?, ?it/s]  0%|          | 0/166 [00:00<?, ?it/s]100%|██████████| 166/166 [00:00<00:00, 1919.92it/s]
2026-08-04:02:43:47 INFO     [api.task:312] Building contexts for mmlu_econometrics on rank 0...
100%|██████████| 166/166 [00:00<00:00, 1919.92it/s]
2026-08-04:02:43:47 INFO     [api.task:312] Building contexts for mmlu_econometrics on rank 0...
  0%|          | 0/114 [00:00<?, ?it/s]  0%|          | 0/114 [00:00<?, ?it/s]100%|██████████| 114/114 [00:00<00:00, 1920.48it/s]
100%|██████████| 114/114 [00:00<00:00, 1920.48it/s]
2026-08-04:02:43:47 INFO     [api.task:312] Building contexts for mmlu_high_school_geography on rank 0...
2026-08-04:02:43:47 INFO     [api.task:312] Building contexts for mmlu_high_school_geography on rank 0...
  0%|          | 0/198 [00:00<?, ?it/s]  0%|          | 0/198 [00:00<?, ?it/s]100%|██████████| 198/198 [00:00<00:00, 1930.88it/s]
100%|██████████| 198/198 [00:00<00:00, 1930.88it/s]
2026-08-04:02:43:47 INFO     [api.task:312] Building contexts for mmlu_high_school_government_and_politics on rank 0...
2026-08-04:02:43:47 INFO     [api.task:312] Building contexts for mmlu_high_school_government_and_politics on rank 0...
  0%|          | 0/193 [00:00<?, ?it/s]  0%|          | 0/193 [00:00<?, ?it/s]100%|██████████| 193/193 [00:00<00:00, 1943.41it/s]
100%|██████████| 193/193 [00:00<00:00, 1943.41it/s]
2026-08-04:02:43:47 INFO     [api.task:312] Building contexts for mmlu_high_school_macroeconomics on rank 0...
2026-08-04:02:43:47 INFO     [api.task:312] Building contexts for mmlu_high_school_macroeconomics on rank 0...
  0%|          | 0/390 [00:00<?, ?it/s]  0%|          | 0/390 [00:00<?, ?it/s]100%|██████████| 390/390 [00:00<00:00, 1944.33it/s]
100%|██████████| 390/390 [00:00<00:00, 1944.33it/s]
2026-08-04:02:43:47 INFO     [api.task:312] Building contexts for mmlu_high_school_microeconomics on rank 0...
2026-08-04:02:43:47 INFO     [api.task:312] Building contexts for mmlu_high_school_microeconomics on rank 0...
  0%|          | 0/238 [00:00<?, ?it/s]  0%|          | 0/238 [00:00<?, ?it/s]100%|██████████| 238/238 [00:00<00:00, 1942.87it/s]
100%|██████████| 238/238 [00:00<00:00, 1942.87it/s]
2026-08-04:02:43:48 INFO     [api.task:312] Building contexts for mmlu_high_school_psychology on rank 0...
2026-08-04:02:43:48 INFO     [api.task:312] Building contexts for mmlu_high_school_psychology on rank 0...
  0%|          | 0/545 [00:00<?, ?it/s]  0%|          | 0/545 [00:00<?, ?it/s]100%|██████████| 545/545 [00:00<00:00, 1945.19it/s]
100%|██████████| 545/545 [00:00<00:00, 1945.19it/s]
2026-08-04:02:43:48 INFO     [api.task:312] Building contexts for mmlu_human_sexuality on rank 0...
2026-08-04:02:43:48 INFO     [api.task:312] Building contexts for mmlu_human_sexuality on rank 0...
  0%|          | 0/131 [00:00<?, ?it/s]  0%|          | 0/131 [00:00<?, ?it/s]100%|██████████| 131/131 [00:00<00:00, 1903.34it/s]
100%|██████████| 131/131 [00:00<00:00, 1903.34it/s]
2026-08-04:02:43:48 INFO     [api.task:312] Building contexts for mmlu_professional_psychology on rank 0...
2026-08-04:02:43:48 INFO     [api.task:312] Building contexts for mmlu_professional_psychology on rank 0...
  0%|          | 0/612 [00:00<?, ?it/s]  0%|          | 0/612 [00:00<?, ?it/s]100%|██████████| 612/612 [00:00<00:00, 1927.22it/s]
100%|██████████| 612/612 [00:00<00:00, 1927.22it/s]
2026-08-04:02:43:48 INFO     [api.task:312] Building contexts for mmlu_public_relations on rank 0...
2026-08-04:02:43:48 INFO     [api.task:312] Building contexts for mmlu_public_relations on rank 0...
  0%|          | 0/110 [00:00<?, ?it/s]  0%|          | 0/110 [00:00<?, ?it/s]100%|██████████| 110/110 [00:00<00:00, 1915.53it/s]
2026-08-04:02:43:48 INFO     [api.task:312] Building contexts for mmlu_security_studies on rank 0...
100%|██████████| 110/110 [00:00<00:00, 1915.53it/s]
2026-08-04:02:43:48 INFO     [api.task:312] Building contexts for mmlu_security_studies on rank 0...
  0%|          | 0/245 [00:00<?, ?it/s]  0%|          | 0/245 [00:00<?, ?it/s]100%|██████████| 245/245 [00:00<00:00, 1936.32it/s]
100%|██████████| 245/245 [00:00<00:00, 1936.32it/s]
2026-08-04:02:43:48 INFO     [api.task:312] Building contexts for mmlu_sociology on rank 0...
2026-08-04:02:43:48 INFO     [api.task:312] Building contexts for mmlu_sociology on rank 0...
  0%|          | 0/201 [00:00<?, ?it/s]  0%|          | 0/201 [00:00<?, ?it/s]100%|██████████| 201/201 [00:00<00:00, 1934.35it/s]
100%|██████████| 201/201 [00:00<00:00, 1934.35it/s]
2026-08-04:02:43:49 INFO     [api.task:312] Building contexts for mmlu_us_foreign_policy on rank 0...
2026-08-04:02:43:49 INFO     [api.task:312] Building contexts for mmlu_us_foreign_policy on rank 0...
  0%|          | 0/100 [00:00<?, ?it/s]  0%|          | 0/100 [00:00<?, ?it/s]100%|██████████| 100/100 [00:00<00:00, 1928.71it/s]
2026-08-04:02:43:49 INFO     [api.task:312] Building contexts for mmlu_formal_logic on rank 0...
100%|██████████| 100/100 [00:00<00:00, 1928.71it/s]
2026-08-04:02:43:49 INFO     [api.task:312] Building contexts for mmlu_formal_logic on rank 0...
  0%|          | 0/126 [00:00<?, ?it/s]  0%|          | 0/126 [00:00<?, ?it/s]100%|██████████| 126/126 [00:00<00:00, 1919.96it/s]
2026-08-04:02:43:49 INFO     [api.task:312] Building contexts for mmlu_high_school_european_history on rank 0...
100%|██████████| 126/126 [00:00<00:00, 1919.96it/s]
2026-08-04:02:43:49 INFO     [api.task:312] Building contexts for mmlu_high_school_european_history on rank 0...
  0%|          | 0/165 [00:00<?, ?it/s]  0%|          | 0/165 [00:00<?, ?it/s]100%|██████████| 165/165 [00:00<00:00, 1924.25it/s]
100%|██████████| 165/165 [00:00<00:00, 1924.25it/s]
2026-08-04:02:43:49 INFO     [api.task:312] Building contexts for mmlu_high_school_us_history on rank 0...
2026-08-04:02:43:49 INFO     [api.task:312] Building contexts for mmlu_high_school_us_history on rank 0...
  0%|          | 0/204 [00:00<?, ?it/s]  0%|          | 0/204 [00:00<?, ?it/s]100%|██████████| 204/204 [00:00<00:00, 1927.76it/s]
100%|██████████| 204/204 [00:00<00:00, 1927.76it/s]
2026-08-04:02:43:49 INFO     [api.task:312] Building contexts for mmlu_high_school_world_history on rank 0...
2026-08-04:02:43:49 INFO     [api.task:312] Building contexts for mmlu_high_school_world_history on rank 0...
  0%|          | 0/237 [00:00<?, ?it/s]  0%|          | 0/237 [00:00<?, ?it/s]100%|██████████| 237/237 [00:00<00:00, 1935.86it/s]
100%|██████████| 237/237 [00:00<00:00, 1935.86it/s]
2026-08-04:02:43:49 INFO     [api.task:312] Building contexts for mmlu_international_law on rank 0...
2026-08-04:02:43:49 INFO     [api.task:312] Building contexts for mmlu_international_law on rank 0...
  0%|          | 0/121 [00:00<?, ?it/s]  0%|          | 0/121 [00:00<?, ?it/s]100%|██████████| 121/121 [00:00<00:00, 1944.55it/s]
2026-08-04:02:43:49 INFO     [api.task:312] Building contexts for mmlu_jurisprudence on rank 0...
100%|██████████| 121/121 [00:00<00:00, 1944.55it/s]
2026-08-04:02:43:49 INFO     [api.task:312] Building contexts for mmlu_jurisprudence on rank 0...
  0%|          | 0/108 [00:00<?, ?it/s]  0%|          | 0/108 [00:00<?, ?it/s]100%|██████████| 108/108 [00:00<00:00, 1940.32it/s]
2026-08-04:02:43:49 INFO     [api.task:312] Building contexts for mmlu_logical_fallacies on rank 0...
100%|██████████| 108/108 [00:00<00:00, 1940.32it/s]
2026-08-04:02:43:49 INFO     [api.task:312] Building contexts for mmlu_logical_fallacies on rank 0...
  0%|          | 0/163 [00:00<?, ?it/s]  0%|          | 0/163 [00:00<?, ?it/s]100%|██████████| 163/163 [00:00<00:00, 1936.25it/s]
2026-08-04:02:43:49 INFO     [api.task:312] Building contexts for mmlu_moral_disputes on rank 0...
100%|██████████| 163/163 [00:00<00:00, 1936.25it/s]
2026-08-04:02:43:49 INFO     [api.task:312] Building contexts for mmlu_moral_disputes on rank 0...
  0%|          | 0/346 [00:00<?, ?it/s]  0%|          | 0/346 [00:00<?, ?it/s]100%|██████████| 346/346 [00:00<00:00, 1936.94it/s]
100%|██████████| 346/346 [00:00<00:00, 1936.94it/s]
2026-08-04:02:43:49 INFO     [api.task:312] Building contexts for mmlu_moral_scenarios on rank 0...
2026-08-04:02:43:49 INFO     [api.task:312] Building contexts for mmlu_moral_scenarios on rank 0...
  0%|          | 0/895 [00:00<?, ?it/s]  0%|          | 0/895 [00:00<?, ?it/s]100%|██████████| 895/895 [00:00<00:00, 1934.30it/s]
100%|██████████| 895/895 [00:00<00:00, 1934.30it/s]
2026-08-04:02:43:50 INFO     [api.task:312] Building contexts for mmlu_philosophy on rank 0...
2026-08-04:02:43:50 INFO     [api.task:312] Building contexts for mmlu_philosophy on rank 0...
  0%|          | 0/311 [00:00<?, ?it/s]  0%|          | 0/311 [00:00<?, ?it/s]100%|██████████| 311/311 [00:00<00:00, 1926.44it/s]
100%|██████████| 311/311 [00:00<00:00, 1926.44it/s]
2026-08-04:02:43:50 INFO     [api.task:312] Building contexts for mmlu_prehistory on rank 0...
2026-08-04:02:43:50 INFO     [api.task:312] Building contexts for mmlu_prehistory on rank 0...
  0%|          | 0/324 [00:00<?, ?it/s]  0%|          | 0/324 [00:00<?, ?it/s]100%|██████████| 324/324 [00:00<00:00, 1892.56it/s]
100%|██████████| 324/324 [00:00<00:00, 1892.56it/s]
2026-08-04:02:43:50 INFO     [api.task:312] Building contexts for mmlu_professional_law on rank 0...
2026-08-04:02:43:50 INFO     [api.task:312] Building contexts for mmlu_professional_law on rank 0...
  0%|          | 0/1534 [00:00<?, ?it/s]  0%|          | 0/1534 [00:00<?, ?it/s]100%|██████████| 1534/1534 [00:00<00:00, 1932.52it/s]
100%|██████████| 1534/1534 [00:00<00:00, 1932.52it/s]
2026-08-04:02:43:51 INFO     [api.task:312] Building contexts for mmlu_world_religions on rank 0...
2026-08-04:02:43:51 INFO     [api.task:312] Building contexts for mmlu_world_religions on rank 0...
  0%|          | 0/171 [00:00<?, ?it/s]  0%|          | 0/171 [00:00<?, ?it/s]100%|██████████| 171/171 [00:00<00:00, 1944.24it/s]
100%|██████████| 171/171 [00:00<00:00, 1944.24it/s]
2026-08-04:02:43:51 INFO     [api.task:312] Building contexts for hellaswag on rank 0...
2026-08-04:02:43:51 INFO     [api.task:312] Building contexts for hellaswag on rank 0...
  0%|          | 0/10042 [00:00<?, ?it/s]  0%|          | 0/10042 [00:00<?, ?it/s]100%|██████████| 10042/10042 [00:02<00:00, 4754.26it/s]
100%|██████████| 10042/10042 [00:02<00:00, 4754.26it/s]
2026-08-04:02:43:54 INFO     [evaluator:585] Running loglikelihood requests
2026-08-04:02:43:54 INFO     [evaluator:585] Running loglikelihood requests
Tokenizing inputs:   0%|          | 0/100012 [00:00<?, ?it/s]Tokenizing inputs:   0%|          | 0/100012 [00:00<?, ?it/s]Tokenizing inputs: 100%|██████████| 100012/100012 [00:24<00:00, 4164.41it/s]
Tokenizing inputs: 100%|██████████| 100012/100012 [00:24<00:00, 4164.41it/s]
Running loglikelihood requests:   0%|          | 0/100012 [00:00<?, ?it/s]Running loglikelihood requests:   0%|          | 0/100012 [00:00<?, ?it/s]Passed argument batch_size = auto:1. Detecting largest batch size
Passed argument batch_size = auto:1. Detecting largest batch size
[W804 02:44:34.621257335 CUDACachingAllocator.cpp:3933] memory allocation failed with OOM on device 0 while trying to allocate 32168214528 bytes (free: 28328067072, total: 101973950464).
[W804 02:44:34.621257335 CUDACachingAllocator.cpp:3933] memory allocation failed with OOM on device 0 while trying to allocate 32168214528 bytes (free: 28328067072, total: 101973950464).
[W804 02:44:41.097172413 CUDACachingAllocator.cpp:3933] memory allocation failed with OOM on device 0 while trying to allocate 32168214528 bytes (free: 414973952, total: 101973950464).
[W804 02:44:41.097172413 CUDACachingAllocator.cpp:3933] memory allocation failed with OOM on device 0 while trying to allocate 32168214528 bytes (free: 414973952, total: 101973950464).
[W804 02:44:41.258623174 CUDACachingAllocator.cpp:3933] memory allocation failed with OOM on device 0 while trying to allocate 32168214528 bytes (free: 421265408, total: 101973950464).
[W804 02:44:41.258623174 CUDACachingAllocator.cpp:3933] memory allocation failed with OOM on device 0 while trying to allocate 32168214528 bytes (free: 421265408, total: 101973950464).
[W804 02:44:56.655720924 CUDACachingAllocator.cpp:3933] memory allocation failed with OOM on device 0 while trying to allocate 28649193472 bytes (free: 410779648, total: 101973950464).
[W804 02:44:56.655720924 CUDACachingAllocator.cpp:3933] memory allocation failed with OOM on device 0 while trying to allocate 28649193472 bytes (free: 410779648, total: 101973950464).
[W804 02:44:56.803093165 CUDACachingAllocator.cpp:3933] memory allocation failed with OOM on device 0 while trying to allocate 28649193472 bytes (free: 412876800, total: 101973950464).
[W804 02:44:56.803093165 CUDACachingAllocator.cpp:3933] memory allocation failed with OOM on device 0 while trying to allocate 28649193472 bytes (free: 412876800, total: 101973950464).
[W804 02:45:09.851313035 CUDACachingAllocator.cpp:3933] memory allocation failed with OOM on device 0 while trying to allocate 25633488896 bytes (free: 406585344, total: 101973950464).
[W804 02:45:09.851313035 CUDACachingAllocator.cpp:3933] memory allocation failed with OOM on device 0 while trying to allocate 25633488896 bytes (free: 406585344, total: 101973950464).
[W804 02:45:09.982503472 CUDACachingAllocator.cpp:3933] memory allocation failed with OOM on device 0 while trying to allocate 25633488896 bytes (free: 408682496, total: 101973950464).
[W804 02:45:09.982503472 CUDACachingAllocator.cpp:3933] memory allocation failed with OOM on device 0 while trying to allocate 25633488896 bytes (free: 408682496, total: 101973950464).
[W804 02:45:21.860902791 CUDACachingAllocator.cpp:3933] memory allocation failed with OOM on device 0 while trying to allocate 22617784320 bytes (free: 404488192, total: 101973950464).
[W804 02:45:21.860902791 CUDACachingAllocator.cpp:3933] memory allocation failed with OOM on device 0 while trying to allocate 22617784320 bytes (free: 404488192, total: 101973950464).
[W804 02:45:21.975525222 CUDACachingAllocator.cpp:3933] memory allocation failed with OOM on device 0 while trying to allocate 22617784320 bytes (free: 406585344, total: 101973950464).
[W804 02:45:21.975525222 CUDACachingAllocator.cpp:3933] memory allocation failed with OOM on device 0 while trying to allocate 22617784320 bytes (free: 406585344, total: 101973950464).
[W804 02:45:32.776469828 CUDACachingAllocator.cpp:3933] memory allocation failed with OOM on device 0 while trying to allocate 20105396224 bytes (free: 404488192, total: 101973950464).
[W804 02:45:32.776469828 CUDACachingAllocator.cpp:3933] memory allocation failed with OOM on device 0 while trying to allocate 20105396224 bytes (free: 404488192, total: 101973950464).
[W804 02:45:32.878123449 CUDACachingAllocator.cpp:3933] memory allocation failed with OOM on device 0 while trying to allocate 20105396224 bytes (free: 406585344, total: 101973950464).
[W804 02:45:32.878123449 CUDACachingAllocator.cpp:3933] memory allocation failed with OOM on device 0 while trying to allocate 20105396224 bytes (free: 406585344, total: 101973950464).
[W804 02:45:42.890672841 CUDACachingAllocator.cpp:3933] memory allocation failed with OOM on device 0 while trying to allocate 18094227456 bytes (free: 402391040, total: 101973950464).
[W804 02:45:42.890672841 CUDACachingAllocator.cpp:3933] memory allocation failed with OOM on device 0 while trying to allocate 18094227456 bytes (free: 402391040, total: 101973950464).
[W804 02:45:42.982157953 CUDACachingAllocator.cpp:3933] memory allocation failed with OOM on device 0 while trying to allocate 18094227456 bytes (free: 406585344, total: 101973950464).
[W804 02:45:42.982157953 CUDACachingAllocator.cpp:3933] memory allocation failed with OOM on device 0 while trying to allocate 18094227456 bytes (free: 406585344, total: 101973950464).
Determined largest batch size: 32
Determined largest batch size: 32
Running loglikelihood requests:   0%|          | 257/100012 [02:02<13:11:33,  2.10it/s]Running loglikelihood requests:   0%|          | 257/100012 [02:02<13:11:33,  2.10it/s]Running loglikelihood requests:   1%|          | 640/100012 [02:12<13:08:30,  2.10it/s]Running loglikelihood requests:   1%|          | 640/100012 [02:12<13:08:30,  2.10it/s]Running loglikelihood requests:   5%|▍         | 4737/100012 [04:05<1:10:59, 22.37it/s]Running loglikelihood requests:   5%|▍         | 4737/100012 [04:05<1:10:59, 22.37it/s]Running loglikelihood requests:   6%|▌         | 5504/100012 [04:22<1:10:25, 22.37it/s]Running loglikelihood requests:   6%|▌         | 5504/100012 [04:22<1:10:25, 22.37it/s]Running loglikelihood requests:  10%|▉         | 9699/100012 [06:06<48:58, 30.73it/s]  Running loglikelihood requests:  10%|▉         | 9699/100012 [06:06<48:58, 30.73it/s]  Running loglikelihood requests:  10%|█         | 10460/100012 [06:22<48:33, 30.73it/s]Running loglikelihood requests:  10%|█         | 10460/100012 [06:22<48:33, 30.73it/s]Running loglikelihood requests:  15%|█▍        | 14774/100012 [08:09<40:39, 34.94it/s]Running loglikelihood requests:  15%|█▍        | 14774/100012 [08:09<40:39, 34.94it/s]Running loglikelihood requests:  15%|█▌        | 15317/100012 [08:22<40:23, 34.94it/s]Running loglikelihood requests:  15%|█▌        | 15317/100012 [08:22<40:23, 34.94it/s]Running loglikelihood requests:  18%|█▊        | 18161/100012 [10:10<42:05, 32.41it/s]Running loglikelihood requests:  18%|█▊        | 18161/100012 [10:10<42:05, 32.41it/s]Running loglikelihood requests:  19%|█▊        | 18621/100012 [10:22<41:51, 32.41it/s]Running loglikelihood requests:  19%|█▊        | 18621/100012 [10:22<41:51, 32.41it/s]Running loglikelihood requests:  21%|██        | 20816/100012 [12:13<45:54, 28.75it/s]Running loglikelihood requests:  21%|██        | 20816/100012 [12:13<45:54, 28.75it/s]Running loglikelihood requests:  21%|██▏       | 21279/100012 [12:32<45:38, 28.75it/s]Running loglikelihood requests:  21%|██▏       | 21279/100012 [12:32<45:38, 28.75it/s]Running loglikelihood requests:  23%|██▎       | 23173/100012 [14:15<49:56, 25.64it/s]Running loglikelihood requests:  23%|██▎       | 23173/100012 [14:15<49:56, 25.64it/s]Running loglikelihood requests:  24%|██▎       | 23519/100012 [14:32<49:42, 25.64it/s]Running loglikelihood requests:  24%|██▎       | 23519/100012 [14:32<49:42, 25.64it/s]Running loglikelihood requests:  25%|██▌       | 25370/100012 [16:17<53:34, 23.22it/s]Running loglikelihood requests:  25%|██▌       | 25370/100012 [16:17<53:34, 23.22it/s]Running loglikelihood requests:  26%|██▌       | 25561/100012 [16:32<53:26, 23.22it/s]Running loglikelihood requests:  26%|██▌       | 25561/100012 [16:32<53:26, 23.22it/s]Running loglikelihood requests:  27%|██▋       | 27271/100012 [18:19<58:07, 20.86it/s]Running loglikelihood requests:  27%|██▋       | 27271/100012 [18:19<58:07, 20.86it/s]Running loglikelihood requests:  28%|██▊       | 27628/100012 [18:32<57:49, 20.86it/s]Running loglikelihood requests:  28%|██▊       | 27628/100012 [18:32<57:49, 20.86it/s]Running loglikelihood requests:  29%|██▉       | 29355/100012 [20:19<59:35, 19.76it/s]Running loglikelihood requests:  29%|██▉       | 29355/100012 [20:19<59:35, 19.76it/s]Running loglikelihood requests:  30%|██▉       | 29515/100012 [20:32<59:27, 19.76it/s]Running loglikelihood requests:  30%|██▉       | 29515/100012 [20:32<59:27, 19.76it/s]Running loglikelihood requests:  31%|███▏      | 31274/100012 [22:22<1:01:54, 18.50it/s]Running loglikelihood requests:  31%|███▏      | 31274/100012 [22:22<1:01:54, 18.50it/s]Running loglikelihood requests:  31%|███▏      | 31401/100012 [22:32<1:01:48, 18.50it/s]Running loglikelihood requests:  31%|███▏      | 31401/100012 [22:32<1:01:48, 18.50it/s]Running loglikelihood requests:  33%|███▎      | 33192/100012 [24:22<1:02:50, 17.72it/s]Running loglikelihood requests:  33%|███▎      | 33192/100012 [24:22<1:02:50, 17.72it/s]Running loglikelihood requests:  33%|███▎      | 33448/100012 [24:42<1:02:36, 17.72it/s]Running loglikelihood requests:  33%|███▎      | 33448/100012 [24:42<1:02:36, 17.72it/s]Running loglikelihood requests:  35%|███▌      | 35128/100012 [26:23<1:02:48, 17.22it/s]Running loglikelihood requests:  35%|███▌      | 35128/100012 [26:23<1:02:48, 17.22it/s]Running loglikelihood requests:  35%|███▌      | 35384/100012 [26:42<1:02:33, 17.22it/s]Running loglikelihood requests:  35%|███▌      | 35384/100012 [26:42<1:02:33, 17.22it/s]Running loglikelihood requests:  37%|███▋      | 37076/100012 [28:26<1:02:22, 16.81it/s]Running loglikelihood requests:  37%|███▋      | 37076/100012 [28:26<1:02:22, 16.81it/s]Running loglikelihood requests:  37%|███▋      | 37299/100012 [28:42<1:02:09, 16.81it/s]Running loglikelihood requests:  37%|███▋      | 37299/100012 [28:42<1:02:09, 16.81it/s]Running loglikelihood requests:  39%|███▉      | 39090/100012 [30:28<1:00:42, 16.73it/s]Running loglikelihood requests:  39%|███▉      | 39090/100012 [30:28<1:00:42, 16.73it/s]Running loglikelihood requests:  39%|███▉      | 39282/100012 [30:42<1:00:30, 16.73it/s]Running loglikelihood requests:  39%|███▉      | 39282/100012 [30:42<1:00:30, 16.73it/s]Running loglikelihood requests:  41%|████      | 41200/100012 [32:29<57:58, 16.91it/s]  Running loglikelihood requests:  41%|████      | 41200/100012 [32:29<57:58, 16.91it/s]  Running loglikelihood requests:  41%|████▏     | 41391/100012 [32:42<57:47, 16.91it/s]Running loglikelihood requests:  41%|████▏     | 41391/100012 [32:42<57:47, 16.91it/s]Running loglikelihood requests:  43%|████▎     | 43345/100012 [34:30<54:59, 17.17it/s]Running loglikelihood requests:  43%|████▎     | 43345/100012 [34:30<54:59, 17.17it/s]Running loglikelihood requests:  43%|████▎     | 43504/100012 [34:42<54:50, 17.17it/s]Running loglikelihood requests:  43%|████▎     | 43504/100012 [34:42<54:50, 17.17it/s]Running loglikelihood requests:  45%|████▌     | 45312/100012 [36:31<54:01, 16.88it/s]Running loglikelihood requests:  45%|████▌     | 45312/100012 [36:31<54:01, 16.88it/s]Running loglikelihood requests:  46%|████▌     | 45732/100012 [36:42<53:36, 16.88it/s]Running loglikelihood requests:  46%|████▌     | 45732/100012 [36:42<53:36, 16.88it/s]Running loglikelihood requests:  47%|████▋     | 47425/100012 [38:34<51:35, 16.99it/s]Running loglikelihood requests:  47%|████▋     | 47425/100012 [38:34<51:35, 16.99it/s]Running loglikelihood requests:  48%|████▊     | 47982/100012 [38:52<51:02, 16.99it/s]Running loglikelihood requests:  48%|████▊     | 47982/100012 [38:52<51:02, 16.99it/s]Running loglikelihood requests:  50%|████▉     | 49604/100012 [40:34<48:31, 17.31it/s]Running loglikelihood requests:  50%|████▉     | 49604/100012 [40:34<48:31, 17.31it/s]Running loglikelihood requests:  50%|█████     | 50139/100012 [40:52<48:00, 17.31it/s]Running loglikelihood requests:  50%|█████     | 50139/100012 [40:52<48:00, 17.31it/s]Running loglikelihood requests:  52%|█████▏    | 51730/100012 [42:34<46:09, 17.43it/s]Running loglikelihood requests:  52%|█████▏    | 51730/100012 [42:34<46:09, 17.43it/s]Running loglikelihood requests:  52%|█████▏    | 52304/100012 [42:52<45:36, 17.43it/s]Running loglikelihood requests:  52%|█████▏    | 52304/100012 [42:52<45:36, 17.43it/s]Running loglikelihood requests:  54%|█████▍    | 54302/100012 [44:37<41:09, 18.51it/s]Running loglikelihood requests:  54%|█████▍    | 54302/100012 [44:37<41:09, 18.51it/s]Running loglikelihood requests:  55%|█████▍    | 54526/100012 [44:52<40:57, 18.51it/s]Running loglikelihood requests:  55%|█████▍    | 54526/100012 [44:52<40:57, 18.51it/s]Running loglikelihood requests:  57%|█████▋    | 56653/100012 [46:39<38:33, 18.74it/s]Running loglikelihood requests:  57%|█████▋    | 56653/100012 [46:39<38:33, 18.74it/s]Running loglikelihood requests:  57%|█████▋    | 56844/100012 [46:52<38:23, 18.74it/s]Running loglikelihood requests:  57%|█████▋    | 56844/100012 [46:52<38:23, 18.74it/s]Running loglikelihood requests:  59%|█████▉    | 59140/100012 [48:39<35:17, 19.30it/s]Running loglikelihood requests:  59%|█████▉    | 59140/100012 [48:39<35:17, 19.30it/s]Running loglikelihood requests:  60%|█████▉    | 59611/100012 [48:52<34:53, 19.30it/s]Running loglikelihood requests:  60%|█████▉    | 59611/100012 [48:52<34:53, 19.30it/s]Running loglikelihood requests:  62%|██████▏   | 61944/100012 [50:40<30:57, 20.50it/s]Running loglikelihood requests:  62%|██████▏   | 61944/100012 [50:40<30:57, 20.50it/s]Running loglikelihood requests:  62%|██████▏   | 62406/100012 [50:52<30:34, 20.50it/s]Running loglikelihood requests:  62%|██████▏   | 62406/100012 [50:52<30:34, 20.50it/s]Running loglikelihood requests:  65%|██████▍   | 64887/100012 [52:42<27:06, 21.60it/s]Running loglikelihood requests:  65%|██████▍   | 64887/100012 [52:42<27:06, 21.60it/s]Running loglikelihood requests:  65%|██████▌   | 65387/100012 [52:52<26:43, 21.60it/s]Running loglikelihood requests:  65%|██████▌   | 65387/100012 [52:52<26:43, 21.60it/s]Running loglikelihood requests:  68%|██████▊   | 68019/100012 [54:43<23:20, 22.84it/s]Running loglikelihood requests:  68%|██████▊   | 68019/100012 [54:43<23:20, 22.84it/s]Running loglikelihood requests:  68%|██████▊   | 68359/100012 [55:02<23:05, 22.84it/s]Running loglikelihood requests:  68%|██████▊   | 68359/100012 [55:02<23:05, 22.84it/s]Running loglikelihood requests:  71%|███████▏  | 71395/100012 [56:46<19:39, 24.26it/s]Running loglikelihood requests:  71%|███████▏  | 71395/100012 [56:46<19:39, 24.26it/s]Running loglikelihood requests:  72%|███████▏  | 71942/100012 [57:02<19:16, 24.26it/s]Running loglikelihood requests:  72%|███████▏  | 71942/100012 [57:02<19:16, 24.26it/s]Running loglikelihood requests:  75%|███████▌  | 75439/100012 [58:48<15:12, 26.92it/s]Running loglikelihood requests:  75%|███████▌  | 75439/100012 [58:48<15:12, 26.92it/s]Running loglikelihood requests:  76%|███████▌  | 75765/100012 [59:02<15:00, 26.92it/s]Running loglikelihood requests:  76%|███████▌  | 75765/100012 [59:02<15:00, 26.92it/s]Running loglikelihood requests:  79%|███████▉  | 79397/100012 [1:00:49<12:00, 28.62it/s]Running loglikelihood requests:  79%|███████▉  | 79397/100012 [1:00:49<12:00, 28.62it/s]Running loglikelihood requests:  80%|███████▉  | 79673/100012 [1:01:02<11:50, 28.62it/s]Running loglikelihood requests:  80%|███████▉  | 79673/100012 [1:01:02<11:50, 28.62it/s]Running loglikelihood requests:  83%|████████▎ | 82777/100012 [1:02:51<10:07, 28.36it/s]Running loglikelihood requests:  83%|████████▎ | 82777/100012 [1:02:51<10:07, 28.36it/s]Running loglikelihood requests:  83%|████████▎ | 83263/100012 [1:03:02<09:50, 28.36it/s]Running loglikelihood requests:  83%|████████▎ | 83263/100012 [1:03:02<09:50, 28.36it/s]Running loglikelihood requests:  86%|████████▌ | 85995/100012 [1:04:53<08:23, 27.81it/s]Running loglikelihood requests:  86%|████████▌ | 85995/100012 [1:04:53<08:23, 27.81it/s]Running loglikelihood requests:  86%|████████▋ | 86414/100012 [1:05:12<08:08, 27.81it/s]Running loglikelihood requests:  86%|████████▋ | 86414/100012 [1:05:12<08:08, 27.81it/s]Running loglikelihood requests:  88%|████████▊ | 88434/100012 [1:06:53<07:32, 25.57it/s]Running loglikelihood requests:  88%|████████▊ | 88434/100012 [1:06:53<07:32, 25.57it/s]Running loglikelihood requests:  89%|████████▉ | 88884/100012 [1:07:12<07:15, 25.57it/s]Running loglikelihood requests:  89%|████████▉ | 88884/100012 [1:07:12<07:15, 25.57it/s]Running loglikelihood requests:  91%|█████████ | 90536/100012 [1:08:55<06:50, 23.07it/s]Running loglikelihood requests:  91%|█████████ | 90536/100012 [1:08:55<06:50, 23.07it/s]Running loglikelihood requests:  91%|█████████ | 90806/100012 [1:09:12<06:39, 23.07it/s]Running loglikelihood requests:  91%|█████████ | 90806/100012 [1:09:12<06:39, 23.07it/s]Running loglikelihood requests:  92%|█████████▏| 92387/100012 [1:10:56<06:08, 20.71it/s]Running loglikelihood requests:  92%|█████████▏| 92387/100012 [1:10:56<06:08, 20.71it/s]Running loglikelihood requests:  93%|█████████▎| 92642/100012 [1:11:12<05:55, 20.71it/s]Running loglikelihood requests:  93%|█████████▎| 92642/100012 [1:11:12<05:55, 20.71it/s]Running loglikelihood requests:  94%|█████████▍| 94275/100012 [1:12:57<04:58, 19.21it/s]Running loglikelihood requests:  94%|█████████▍| 94275/100012 [1:12:57<04:58, 19.21it/s]Running loglikelihood requests:  95%|█████████▍| 94531/100012 [1:13:12<04:45, 19.21it/s]Running loglikelihood requests:  95%|█████████▍| 94531/100012 [1:13:12<04:45, 19.21it/s]Running loglikelihood requests:  96%|█████████▌| 96196/100012 [1:14:58<03:29, 18.19it/s]Running loglikelihood requests:  96%|█████████▌| 96196/100012 [1:14:58<03:29, 18.19it/s]Running loglikelihood requests:  96%|█████████▋| 96419/100012 [1:15:12<03:17, 18.19it/s]Running loglikelihood requests:  96%|█████████▋| 96419/100012 [1:15:12<03:17, 18.19it/s]Running loglikelihood requests:  98%|█████████▊| 98150/100012 [1:16:58<01:45, 17.61it/s]Running loglikelihood requests:  98%|█████████▊| 98150/100012 [1:16:58<01:45, 17.61it/s]Running loglikelihood requests:  98%|█████████▊| 98406/100012 [1:17:12<01:31, 17.61it/s]Running loglikelihood requests:  98%|█████████▊| 98406/100012 [1:17:12<01:31, 17.61it/s]Running loglikelihood requests: 100%|██████████| 100012/100012 [1:18:41<00:00, 21.18it/s]
Running loglikelihood requests: 100%|██████████| 100012/100012 [1:18:41<00:00, 21.18it/s]
2026-08-04:04:03:05 INFO     [loggers.evaluation_tracker:247] Saving results aggregated
2026-08-04:04:03:05 INFO     [loggers.evaluation_tracker:247] Saving results aggregated
2026-08-04:04:03:05 INFO     [loggers.evaluation_tracker:119] Saving per-task samples to /root/_work/1/s/auto_quant/output/runs/XYZ-Aquila-mini-AutoRound-W4A16-Tuning/lm_eval_results/__root___work__1__s__auto_quant__output__runs__XYZ-Aquila-mini-AutoRound-W4A16-Tuning__quantized_model/*.jsonl
2026-08-04:04:03:05 INFO     [loggers.evaluation_tracker:119] Saving per-task samples to /root/_work/1/s/auto_quant/output/runs/XYZ-Aquila-mini-AutoRound-W4A16-Tuning/lm_eval_results/__root___work__1__s__auto_quant__output__runs__XYZ-Aquila-mini-AutoRound-W4A16-Tuning__quantized_model/*.jsonl
hf ({'pretrained': '/root/_work/1/s/auto_quant/output/runs/XYZ-Aquila-mini-AutoRound-W4A16-Tuning/quantized_model', 'dtype': 'bfloat16'}), gen_kwargs: ({}), limit: None, num_fewshot: None, batch_size: auto (32)
hf ({'pretrained': '/root/_work/1/s/auto_quant/output/runs/XYZ-Aquila-mini-AutoRound-W4A16-Tuning/quantized_model', 'dtype': 'bfloat16'}), gen_kwargs: ({}), limit: None, num_fewshot: None, batch_size: auto (32)
|                 Tasks                 |Version|Filter|n-shot| Metric |   |Value |   |Stderr|
|---------------------------------------|------:|------|-----:|--------|---|-----:|---|-----:|
|mmlu                                   |      2|none  |      |acc     |   |0.8149|±  |0.0031|
| - humanities                          |      2|none  |     0|acc     |↑  |0.7496|±  |0.0061|
|  - formal_logic                       |      1|none  |     0|acc     |↑  |0.6825|±  |0.0416|
|  - high_school_european_history       |      1|none  |     0|acc     |↑  |0.8545|±  |0.0275|
|  - high_school_us_history             |      1|none  |     0|acc     |↑  |0.9216|±  |0.0189|
|  - high_school_world_history          |      1|none  |     0|acc     |↑  |0.9198|±  |0.0177|
|  - international_law                  |      1|none  |     0|acc     |↑  |0.9339|±  |0.0227|
|  - jurisprudence                      |      1|none  |     0|acc     |↑  |0.8796|±  |0.0315|
|  - logical_fallacies                  |      1|none  |     0|acc     |↑  |0.8712|±  |0.0263|
|  - moral_disputes                     |      1|none  |     0|acc     |↑  |0.8266|±  |0.0204|
|  - moral_scenarios                    |      1|none  |     0|acc     |↑  |0.5888|±  |0.0165|
|  - philosophy                         |      1|none  |     0|acc     |↑  |0.8714|±  |0.0190|
|  - prehistory                         |      1|none  |     0|acc     |↑  |0.8889|±  |0.0175|
|  - professional_law                   |      1|none  |     0|acc     |↑  |0.6643|±  |0.0121|
|  - world_religions                    |      1|none  |     0|acc     |↑  |0.8947|±  |0.0235|
| - other                               |      2|none  |     0|acc     |↑  |0.8471|±  |0.0062|
|  - business_ethics                    |      1|none  |     0|acc     |↑  |0.8400|±  |0.0368|
|  - clinical_knowledge                 |      1|none  |     0|acc     |↑  |0.8717|±  |0.0206|
|  - college_medicine                   |      1|none  |     0|acc     |↑  |0.8266|±  |0.0289|
|  - global_facts                       |      1|none  |     0|acc     |↑  |0.5000|±  |0.0503|
|  - human_aging                        |      1|none  |     0|acc     |↑  |0.8206|±  |0.0257|
|  - management                         |      1|none  |     0|acc     |↑  |0.8932|±  |0.0306|
|  - marketing                          |      1|none  |     0|acc     |↑  |0.9316|±  |0.0165|
|  - medical_genetics                   |      1|none  |     0|acc     |↑  |0.9100|±  |0.0288|
|  - miscellaneous                      |      1|none  |     0|acc     |↑  |0.9298|±  |0.0091|
|  - nutrition                          |      1|none  |     0|acc     |↑  |0.8725|±  |0.0191|
|  - professional_accounting            |      1|none  |     0|acc     |↑  |0.7340|±  |0.0264|
|  - professional_medicine              |      1|none  |     0|acc     |↑  |0.9007|±  |0.0182|
|  - virology                           |      1|none  |     0|acc     |↑  |0.5602|±  |0.0386|
| - social sciences                     |      2|none  |     0|acc     |↑  |0.8999|±  |0.0053|
|  - econometrics                       |      1|none  |     0|acc     |↑  |0.7982|±  |0.0378|
|  - high_school_geography              |      1|none  |     0|acc     |↑  |0.9495|±  |0.0156|
|  - high_school_government_and_politics|      1|none  |     0|acc     |↑  |0.9585|±  |0.0144|
|  - high_school_macroeconomics         |      1|none  |     0|acc     |↑  |0.8795|±  |0.0165|
|  - high_school_microeconomics         |      1|none  |     0|acc     |↑  |0.9412|±  |0.0153|
|  - high_school_psychology             |      1|none  |     0|acc     |↑  |0.9523|±  |0.0091|
|  - human_sexuality                    |      1|none  |     0|acc     |↑  |0.8931|±  |0.0271|
|  - professional_psychology            |      1|none  |     0|acc     |↑  |0.8791|±  |0.0132|
|  - public_relations                   |      1|none  |     0|acc     |↑  |0.7455|±  |0.0417|
|  - security_studies                   |      1|none  |     0|acc     |↑  |0.8122|±  |0.0250|
|  - sociology                          |      1|none  |     0|acc     |↑  |0.9453|±  |0.0161|
|  - us_foreign_policy                  |      1|none  |     0|acc     |↑  |0.9300|±  |0.0256|
| - stem                                |      2|none  |     0|acc     |↑  |0.7977|±  |0.0068|
|  - abstract_algebra                   |      1|none  |     0|acc     |↑  |0.6200|±  |0.0488|
|  - anatomy                            |      1|none  |     0|acc     |↑  |0.8370|±  |0.0319|
|  - astronomy                          |      1|none  |     0|acc     |↑  |0.9474|±  |0.0182|
|  - college_biology                    |      1|none  |     0|acc     |↑  |0.9306|±  |0.0213|
|  - college_chemistry                  |      1|none  |     0|acc     |↑  |0.6200|±  |0.0488|
|  - college_computer_science           |      1|none  |     0|acc     |↑  |0.7300|±  |0.0446|
|  - college_mathematics                |      1|none  |     0|acc     |↑  |0.6300|±  |0.0485|
|  - college_physics                    |      1|none  |     0|acc     |↑  |0.6961|±  |0.0458|
|  - computer_security                  |      1|none  |     0|acc     |↑  |0.8500|±  |0.0359|
|  - conceptual_physics                 |      1|none  |     0|acc     |↑  |0.9234|±  |0.0174|
|  - electrical_engineering             |      1|none  |     0|acc     |↑  |0.8069|±  |0.0329|
|  - elementary_mathematics             |      1|none  |     0|acc     |↑  |0.8042|±  |0.0204|
|  - high_school_biology                |      1|none  |     0|acc     |↑  |0.9581|±  |0.0114|
|  - high_school_chemistry              |      1|none  |     0|acc     |↑  |0.7882|±  |0.0287|
|  - high_school_computer_science       |      1|none  |     0|acc     |↑  |0.9200|±  |0.0273|
|  - high_school_mathematics            |      1|none  |     0|acc     |↑  |0.5444|±  |0.0304|
|  - high_school_physics                |      1|none  |     0|acc     |↑  |0.7748|±  |0.0341|
|  - high_school_statistics             |      1|none  |     0|acc     |↑  |0.8194|±  |0.0262|
|  - machine_learning                   |      1|none  |     0|acc     |↑  |0.7143|±  |0.0429|
|hellaswag                              |      1|none  |     0|acc     |↑  |0.6417|±  |0.0048|
|                                       |       |none  |     0|acc_norm|↑  |0.8299|±  |0.0037|
|piqa                                   |      1|none  |     0|acc     |↑  |0.8047|±  |0.0092|
|                                       |       |none  |     0|acc_norm|↑  |0.8183|±  |0.0090|

|                 Tasks                 |Version|Filter|n-shot| Metric |   |Value |   |Stderr|
|---------------------------------------|------:|------|-----:|--------|---|-----:|---|-----:|
|mmlu                                   |      2|none  |      |acc     |   |0.8149|±  |0.0031|
| - humanities                          |      2|none  |     0|acc     |↑  |0.7496|±  |0.0061|
|  - formal_logic                       |      1|none  |     0|acc     |↑  |0.6825|±  |0.0416|
|  - high_school_european_history       |      1|none  |     0|acc     |↑  |0.8545|±  |0.0275|
|  - high_school_us_history             |      1|none  |     0|acc     |↑  |0.9216|±  |0.0189|
|  - high_school_world_history          |      1|none  |     0|acc     |↑  |0.9198|±  |0.0177|
|  - international_law                  |      1|none  |     0|acc     |↑  |0.9339|±  |0.0227|
|  - jurisprudence                      |      1|none  |     0|acc     |↑  |0.8796|±  |0.0315|
|  - logical_fallacies                  |      1|none  |     0|acc     |↑  |0.8712|±  |0.0263|
|  - moral_disputes                     |      1|none  |     0|acc     |↑  |0.8266|±  |0.0204|
|  - moral_scenarios                    |      1|none  |     0|acc     |↑  |0.5888|±  |0.0165|
|  - philosophy                         |      1|none  |     0|acc     |↑  |0.8714|±  |0.0190|
|  - prehistory                         |      1|none  |     0|acc     |↑  |0.8889|±  |0.0175|
|  - professional_law                   |      1|none  |     0|acc     |↑  |0.6643|±  |0.0121|
|  - world_religions                    |      1|none  |     0|acc     |↑  |0.8947|±  |0.0235|
| - other                               |      2|none  |     0|acc     |↑  |0.8471|±  |0.0062|
|  - business_ethics                    |      1|none  |     0|acc     |↑  |0.8400|±  |0.0368|
|  - clinical_knowledge                 |      1|none  |     0|acc     |↑  |0.8717|±  |0.0206|
|  - college_medicine                   |      1|none  |     0|acc     |↑  |0.8266|±  |0.0289|
|  - global_facts                       |      1|none  |     0|acc     |↑  |0.5000|±  |0.0503|
|  - human_aging                        |      1|none  |     0|acc     |↑  |0.8206|±  |0.0257|
|  - management                         |      1|none  |     0|acc     |↑  |0.8932|±  |0.0306|
|  - marketing                          |      1|none  |     0|acc     |↑  |0.9316|±  |0.0165|
|  - medical_genetics                   |      1|none  |     0|acc     |↑  |0.9100|±  |0.0288|
|  - miscellaneous                      |      1|none  |     0|acc     |↑  |0.9298|±  |0.0091|
|  - nutrition                          |      1|none  |     0|acc     |↑  |0.8725|±  |0.0191|
|  - professional_accounting            |      1|none  |     0|acc     |↑  |0.7340|±  |0.0264|
|  - professional_medicine              |      1|none  |     0|acc     |↑  |0.9007|±  |0.0182|
|  - virology                           |      1|none  |     0|acc     |↑  |0.5602|±  |0.0386|
| - social sciences                     |      2|none  |     0|acc     |↑  |0.8999|±  |0.0053|
|  - econometrics                       |      1|none  |     0|acc     |↑  |0.7982|±  |0.0378|
|  - high_school_geography              |      1|none  |     0|acc     |↑  |0.9495|±  |0.0156|
|  - high_school_government_and_politics|      1|none  |     0|acc     |↑  |0.9585|±  |0.0144|
|  - high_school_macroeconomics         |      1|none  |     0|acc     |↑  |0.8795|±  |0.0165|
|  - high_school_microeconomics         |      1|none  |     0|acc     |↑  |0.9412|±  |0.0153|
|  - high_school_psychology             |      1|none  |     0|acc     |↑  |0.9523|±  |0.0091|
|  - human_sexuality                    |      1|none  |     0|acc     |↑  |0.8931|±  |0.0271|
|  - professional_psychology            |      1|none  |     0|acc     |↑  |0.8791|±  |0.0132|
|  - public_relations                   |      1|none  |     0|acc     |↑  |0.7455|±  |0.0417|
|  - security_studies                   |      1|none  |     0|acc     |↑  |0.8122|±  |0.0250|
|  - sociology                          |      1|none  |     0|acc     |↑  |0.9453|±  |0.0161|
|  - us_foreign_policy                  |      1|none  |     0|acc     |↑  |0.9300|±  |0.0256|
| - stem                                |      2|none  |     0|acc     |↑  |0.7977|±  |0.0068|
|  - abstract_algebra                   |      1|none  |     0|acc     |↑  |0.6200|±  |0.0488|
|  - anatomy                            |      1|none  |     0|acc     |↑  |0.8370|±  |0.0319|
|  - astronomy                          |      1|none  |     0|acc     |↑  |0.9474|±  |0.0182|
|  - college_biology                    |      1|none  |     0|acc     |↑  |0.9306|±  |0.0213|
|  - college_chemistry                  |      1|none  |     0|acc     |↑  |0.6200|±  |0.0488|
|  - college_computer_science           |      1|none  |     0|acc     |↑  |0.7300|±  |0.0446|
|  - college_mathematics                |      1|none  |     0|acc     |↑  |0.6300|±  |0.0485|
|  - college_physics                    |      1|none  |     0|acc     |↑  |0.6961|±  |0.0458|
|  - computer_security                  |      1|none  |     0|acc     |↑  |0.8500|±  |0.0359|
|  - conceptual_physics                 |      1|none  |     0|acc     |↑  |0.9234|±  |0.0174|
|  - electrical_engineering             |      1|none  |     0|acc     |↑  |0.8069|±  |0.0329|
|  - elementary_mathematics             |      1|none  |     0|acc     |↑  |0.8042|±  |0.0204|
|  - high_school_biology                |      1|none  |     0|acc     |↑  |0.9581|±  |0.0114|
|  - high_school_chemistry              |      1|none  |     0|acc     |↑  |0.7882|±  |0.0287|
|  - high_school_computer_science       |      1|none  |     0|acc     |↑  |0.9200|±  |0.0273|
|  - high_school_mathematics            |      1|none  |     0|acc     |↑  |0.5444|±  |0.0304|
|  - high_school_physics                |      1|none  |     0|acc     |↑  |0.7748|±  |0.0341|
|  - high_school_statistics             |      1|none  |     0|acc     |↑  |0.8194|±  |0.0262|
|  - machine_learning                   |      1|none  |     0|acc     |↑  |0.7143|±  |0.0429|
|hellaswag                              |      1|none  |     0|acc     |↑  |0.6417|±  |0.0048|
|                                       |       |none  |     0|acc_norm|↑  |0.8299|±  |0.0037|
|piqa                                   |      1|none  |     0|acc     |↑  |0.8047|±  |0.0092|
|                                       |       |none  |     0|acc_norm|↑  |0.8183|±  |0.0090|

|      Groups      |Version|Filter|n-shot|Metric|   |Value |   |Stderr|
|------------------|------:|------|-----:|------|---|-----:|---|-----:|
|mmlu              |      2|none  |      |acc   |   |0.8149|±  |0.0031|
| - humanities     |      2|none  |     0|acc   |↑  |0.7496|±  |0.0061|
| - other          |      2|none  |     0|acc   |↑  |0.8471|±  |0.0062|
| - social sciences|      2|none  |     0|acc   |↑  |0.8999|±  |0.0053|
| - stem           |      2|none  |     0|acc   |↑  |0.7977|±  |0.0068|

|      Groups      |Version|Filter|n-shot|Metric|   |Value |   |Stderr|
|------------------|------:|------|-----:|------|---|-----:|---|-----:|
|mmlu              |      2|none  |      |acc   |   |0.8149|±  |0.0031|
| - humanities     |      2|none  |     0|acc   |↑  |0.7496|±  |0.0061|
| - other          |      2|none  |     0|acc   |↑  |0.8471|±  |0.0062|
| - social sciences|      2|none  |     0|acc   |↑  |0.8999|±  |0.0053|
| - stem           |      2|none  |     0|acc   |↑  |0.7977|±  |0.0068|

[evaluate] Parsing evaluation results...
[evaluate] Parsing evaluation results...
[evaluate] accuracy.json written to /root/_work/1/s/auto_quant/output/runs/XYZ-Aquila-mini-AutoRound-W4A16-Tuning/accuracy.json
[evaluate] Status: success
  piqa: 0.804679
  mmlu_abstract_algebra: 0.62
  mmlu_anatomy: 0.837037
  mmlu_astronomy: 0.947368
  mmlu_college_biology: 0.930556
  mmlu_college_chemistry: 0.62
  mmlu_college_computer_science: 0.73
  mmlu_college_mathematics: 0.63
  mmlu_college_physics: 0.696078
  mmlu_computer_security: 0.85
  mmlu_conceptual_physics: 0.923404
  mmlu_electrical_engineering: 0.806897
  mmlu_elementary_mathematics: 0.804233
  mmlu_high_school_biology: 0.958065
  mmlu_high_school_chemistry: 0.788177
  mmlu_high_school_computer_science: 0.92
  mmlu_high_school_mathematics: 0.544444
  mmlu_high_school_physics: 0.774834
  mmlu_high_school_statistics: 0.819444
  mmlu_machine_learning: 0.714286
  mmlu_business_ethics: 0.84
  mmlu_clinical_knowledge: 0.871698
  mmlu_college_medicine: 0.82659
  mmlu_global_facts: 0.5
  mmlu_human_aging: 0.820628
  mmlu_management: 0.893204
  mmlu_marketing: 0.931624
  mmlu_medical_genetics: 0.91
  mmlu_miscellaneous: 0.929757
  mmlu_nutrition: 0.872549
  mmlu_professional_accounting: 0.734043
  mmlu_professional_medicine: 0.900735
  mmlu_virology: 0.560241
  mmlu_econometrics: 0.798246
  mmlu_high_school_geography: 0.949495
  mmlu_high_school_government_and_politics: 0.958549
  mmlu_high_school_macroeconomics: 0.879487
  mmlu_high_school_microeconomics: 0.941176
  mmlu_high_school_psychology: 0.952294
  mmlu_human_sexuality: 0.89313
  mmlu_professional_psychology: 0.879085
  mmlu_public_relations: 0.745455
  mmlu_security_studies: 0.812245
  mmlu_sociology: 0.945274
  mmlu_us_foreign_policy: 0.93
  mmlu_formal_logic: 0.68254
  mmlu_high_school_european_history: 0.854545
  mmlu_high_school_us_history: 0.921569
  mmlu_high_school_world_history: 0.919831
  mmlu_international_law: 0.933884
  mmlu_jurisprudence: 0.87963
  mmlu_logical_fallacies: 0.871166
  mmlu_moral_disputes: 0.82659
  mmlu_moral_scenarios: 0.588827
  mmlu_philosophy: 0.871383
  mmlu_prehistory: 0.888889
  mmlu_professional_law: 0.664276
  mmlu_world_religions: 0.894737
  hellaswag: 0.641705
  mmlu_stem: 0.797653
  mmlu_other: 0.847119
  mmlu_social_sciences: 0.899903
  mmlu_humanities: 0.749628
  mmlu: 0.814912
[evaluate] accuracy.json written to /root/_work/1/s/auto_quant/output/runs/XYZ-Aquila-mini-AutoRound-W4A16-Tuning/accuracy.json
[evaluate] Status: success
  piqa: 0.804679
  mmlu_abstract_algebra: 0.62
  mmlu_anatomy: 0.837037
  mmlu_astronomy: 0.947368
  mmlu_college_biology: 0.930556
  mmlu_college_chemistry: 0.62
  mmlu_college_computer_science: 0.73
  mmlu_college_mathematics: 0.63
  mmlu_college_physics: 0.696078
  mmlu_computer_security: 0.85
  mmlu_conceptual_physics: 0.923404
  mmlu_electrical_engineering: 0.806897
  mmlu_elementary_mathematics: 0.804233
  mmlu_high_school_biology: 0.958065
  mmlu_high_school_chemistry: 0.788177
  mmlu_high_school_computer_science: 0.92
  mmlu_high_school_mathematics: 0.544444
  mmlu_high_school_physics: 0.774834
  mmlu_high_school_statistics: 0.819444
  mmlu_machine_learning: 0.714286
  mmlu_business_ethics: 0.84
  mmlu_clinical_knowledge: 0.871698
  mmlu_college_medicine: 0.82659
  mmlu_global_facts: 0.5
  mmlu_human_aging: 0.820628
  mmlu_management: 0.893204
  mmlu_marketing: 0.931624
  mmlu_medical_genetics: 0.91
  mmlu_miscellaneous: 0.929757
  mmlu_nutrition: 0.872549
  mmlu_professional_accounting: 0.734043
  mmlu_professional_medicine: 0.900735
  mmlu_virology: 0.560241
  mmlu_econometrics: 0.798246
  mmlu_high_school_geography: 0.949495
  mmlu_high_school_government_and_politics: 0.958549
  mmlu_high_school_macroeconomics: 0.879487
  mmlu_high_school_microeconomics: 0.941176
  mmlu_high_school_psychology: 0.952294
  mmlu_human_sexuality: 0.89313
  mmlu_professional_psychology: 0.879085
  mmlu_public_relations: 0.745455
  mmlu_security_studies: 0.812245
  mmlu_sociology: 0.945274
  mmlu_us_foreign_policy: 0.93
  mmlu_formal_logic: 0.68254
  mmlu_high_school_european_history: 0.854545
  mmlu_high_school_us_history: 0.921569
  mmlu_high_school_world_history: 0.919831
  mmlu_international_law: 0.933884
  mmlu_jurisprudence: 0.87963
  mmlu_logical_fallacies: 0.871166
  mmlu_moral_disputes: 0.82659
  mmlu_moral_scenarios: 0.588827
  mmlu_philosophy: 0.871383
  mmlu_prehistory: 0.888889
  mmlu_professional_law: 0.664276
  mmlu_world_religions: 0.894737
  hellaswag: 0.641705
  mmlu_stem: 0.797653
  mmlu_other: 0.847119
  mmlu_social_sciences: 0.899903
  mmlu_humanities: 0.749628
  mmlu: 0.814912

=== Phase 3: DONE ===

=== Phase 3: DONE ===
[auto_v3] evaluate succeeded
[auto_v3] evaluate succeeded
[auto_v3] Pipeline completed successfully in 14654s
[auto_v3] Pipeline completed successfully in 14654s
[auto_v3] Collected 1 openclaw session(s)
[auto_v3] Collected 1 openclaw session(s)
[format_sessions] Wrote /root/_work/1/s/auto_quant/output/runs/XYZ-Aquila-mini-AutoRound-W4A16-Tuning/session_fix_quantize_365_1785801569.md
[format_sessions] Wrote /root/_work/1/s/auto_quant/output/runs/XYZ-Aquila-mini-AutoRound-W4A16-Tuning/session_fix_quantize_365_1785801569.md
[auto_v3] Generating run report...
[auto_v3] Generating run report...
[report] Written to: /root/_work/1/s/auto_quant/output/runs/XYZ-Aquila-mini-AutoRound-W4A16-Tuning/run_report.md
[report] Written to: /root/_work/1/s/auto_quant/output/runs/XYZ-Aquila-mini-AutoRound-W4A16-Tuning/run_report.md

═══════ Upload Results ═══════

[auto_v3] Uploading quantized model to HuggingFace Hub...

═══════ Upload Results ═══════

[auto_v3] Uploading quantized model to HuggingFace Hub...
[HF] Uploading model: XYZ-Aquila-mini-AutoRound-W4A16-Tuning
[HF] Source path: /root/_work/1/s/auto_quant/output/runs/XYZ-Aquila-mini-AutoRound-W4A16-Tuning/quantized_model
[HF] Estimated upload size: 19.08 GiB
[HF] Accounts available: 1
[HF] Uploading model: XYZ-Aquila-mini-AutoRound-W4A16-Tuning
[HF] Source path: /root/_work/1/s/auto_quant/output/runs/XYZ-Aquila-mini-AutoRound-W4A16-Tuning/quantized_model
[HF] Estimated upload size: 19.08 GiB
[HF] Accounts available: 1
[HF] Generated model card: /root/_work/1/s/auto_quant/output/runs/XYZ-Aquila-mini-AutoRound-W4A16-Tuning/quantized_model/README.md
[HF] Generated model card: /root/_work/1/s/auto_quant/output/runs/XYZ-Aquila-mini-AutoRound-W4A16-Tuning/quantized_model/README.md
[HF] Shared-ledger account ranking:
  - LeaderboardModel1 (LeaderboardModel1): used=1759.84 GiB, remaining=-759.84 GiB, reserve=19.08 GiB, after=-778.91 GiB, insufficient
  [HF] Trying upload to: LeaderboardModel1/XYZ-Aquila-mini-AutoRound-W4A16-Tuning
[HF] Shared-ledger account ranking:
  - LeaderboardModel1 (LeaderboardModel1): used=1759.84 GiB, remaining=-759.84 GiB, reserve=19.08 GiB, after=-778.91 GiB, insufficient
  [HF] Trying upload to: LeaderboardModel1/XYZ-Aquila-mini-AutoRound-W4A16-Tuning
  [HF] Repo ready: LeaderboardModel1/XYZ-Aquila-mini-AutoRound-W4A16-Tuning
  [HF] Repo ready: LeaderboardModel1/XYZ-Aquila-mini-AutoRound-W4A16-Tuning
  [HF] Upload successful: https://huggingface.co/LeaderboardModel1/XYZ-Aquila-mini-AutoRound-W4A16-Tuning
  [HF] Upload successful: https://huggingface.co/LeaderboardModel1/XYZ-Aquila-mini-AutoRound-W4A16-Tuning
[HF] Updated /root/_work/1/s/auto_quant/output/runs/XYZ-Aquila-mini-AutoRound-W4A16-Tuning/quant_summary.json with upload metadata
REPO_URL=https://huggingface.co/LeaderboardModel1/XYZ-Aquila-mini-AutoRound-W4A16-Tuning
[HF] Updated /root/_work/1/s/auto_quant/output/runs/XYZ-Aquila-mini-AutoRound-W4A16-Tuning/quant_summary.json with upload metadata
REPO_URL=https://huggingface.co/LeaderboardModel1/XYZ-Aquila-mini-AutoRound-W4A16-Tuning
[auto_v3] Uploading results to lb_eval GitHub...
[auto_v3] Uploading results to lb_eval GitHub...
[github-upload] Removing stale non-git directory: /root/_work/1/s/auto_quant/lb_eval
[github-upload] Cloning repo into: /root/_work/1/s/auto_quant/lb_eval
[github-upload] Removing stale non-git directory: /root/_work/1/s/auto_quant/lb_eval
[github-upload] Cloning repo into: /root/_work/1/s/auto_quant/lb_eval
[github-upload] repo dir: /root/_work/1/s/auto_quant/lb_eval
[github-upload] model id: XYZAILab/XYZ-Aquila-mini
[github-upload] artifact name: XYZ-Aquila-mini-AutoRound-W4A16-Tuning
[github-upload] result org: XYZAILab
[github-upload] branch: main
[github-upload] repo dir: /root/_work/1/s/auto_quant/lb_eval
[github-upload] model id: XYZAILab/XYZ-Aquila-mini
[github-upload] artifact name: XYZ-Aquila-mini-AutoRound-W4A16-Tuning
[github-upload] result org: XYZAILab
[github-upload] branch: main
[github-upload] git user: lkk12014402 <kaokao.lv@intel.com>
[github-upload] git user: lkk12014402 <kaokao.lv@intel.com>
[github-upload] Derived pipeline status: Finished
[github-upload] Derived pipeline status: Finished
