{
  "alias": "  - sociology",
  "acc,none": 0.22885572139303484,
  "acc_stderr,none": 0.029705284056772495
}