{
  "alias": "  - high_school_geography",
  "acc,none": 0.1717171717171717,
  "acc_stderr,none": 0.02686971618742987
}