{
  "alias": "  - high_school_biology",
  "acc,none": 0.18387096774193548,
  "acc_stderr,none": 0.022037217340267787
}