{
  "alias": "  - conceptual_physics",
  "acc,none": 0.251063829787234,
  "acc_stderr,none": 0.02834696377716252
}