{
  "acc,none": 0.23656260057933698,
  "acc_stderr,none": 0.0076097663141634535,
  "alias": " - other"
}