{
  "alias": "  - high_school_mathematics",
  "acc,none": 0.2111111111111111,
  "acc_stderr,none": 0.02488211685765511
}