{
  "alias": "  - college_medicine",
  "acc,none": 0.2023121387283237,
  "acc_stderr,none": 0.030631145539198767
}