{
  "alias": "piqa",
  "acc,none": 0.5631120783460283,
  "acc_stderr,none": 0.011572517929968242,
  "acc_norm,none": 0.5669205658324266,
  "acc_norm_stderr,none": 0.011560864423151443
}