{
  "alias": "  - professional_accounting",
  "acc,none": 0.23049645390070922,
  "acc_stderr,none": 0.025123739226872346
}