{
  "alias": "  - professional_medicine",
  "acc,none": 0.18382352941176472,
  "acc_stderr,none": 0.02352924218519312
}