{
  "alias": "  - prehistory",
  "acc,none": 0.2191358024691358,
  "acc_stderr,none": 0.02301670564026216
}