{
  "alias": "  - virology",
  "acc,none": 0.28313253012048195,
  "acc_stderr,none": 0.035072954313705176
}