{
  "alias": "  - college_physics",
  "acc,none": 0.21568627450980393,
  "acc_stderr,none": 0.04092563958237658
}