{
  "alias": "  - nutrition",
  "acc,none": 0.2222222222222222,
  "acc_stderr,none": 0.023805186524888222
}