{
  "alias": "  - college_biology",
  "acc,none": 0.2777777777777778,
  "acc_stderr,none": 0.037455547914624555
}