{
  "alias": "  - world_religions",
  "acc,none": 0.3216374269005848,
  "acc_stderr,none": 0.03582529442573121
}