{
  "acc,none": 0.21217887725975262,
  "acc_stderr,none": 0.0072722302573011415,
  "alias": " - stem"
}