{
  "alias": "gsm8k",
  "exact_match,strict-match": 0.003032600454890068,
  "exact_match_stderr,strict-match": 0.0015145735612245505,
  "exact_match,flexible-extract": 0.013646702047005308,
  "exact_match_stderr,flexible-extract": 0.0031957470754807966
}