{
  "alias": "  - logical_fallacies",
  "acc,none": 0.22085889570552147,
  "acc_stderr,none": 0.032591773927421734
}