[auto_v3] HF cache: HuggingFace default (~/.cache/huggingface)

═══════ Pipeline: Don-oz/Tess-4-35B-A3B | W4A16/RTN/auto_round ═══════


═══════ Pipeline: Don-oz/Tess-4-35B-A3B | W4A16/RTN/auto_round ═══════


═══════ Phase: setup_env ═══════


═══════ Phase: setup_env ═══════

=== Phase 1: Environment Setup ===
  AUTO_ROUND_REF=latest
  TRANSFORMERS_REF=auto
  EXPORT_FORMAT=auto_round
  EVAL_BACKEND=hf
=== Phase 1: Environment Setup ===
  AUTO_ROUND_REF=latest
  TRANSFORMERS_REF=auto
  EXPORT_FORMAT=auto_round
  EVAL_BACKEND=hf
[setup_env] Installing: auto-round
[setup_env] Installing: auto-round
 + triton==3.7.1
 + typer==0.27.0
 + urllib3==2.7.0
 + xxhash==3.8.1
 + yarl==1.24.5
 + triton==3.7.1
 + typer==0.27.0
 + urllib3==2.7.0
 + xxhash==3.8.1
 + yarl==1.24.5
 + threadpoolctl==3.6.0
 + typepy==1.3.5
 + word2number==1.1
 + threadpoolctl==3.6.0
 + typepy==1.3.5
 + word2number==1.1
 + hf-transfer==0.1.9
 + loguru==0.7.3
 + sentencepiece==0.2.2
 + hf-transfer==0.1.9
 + loguru==0.7.3
 + sentencepiece==0.2.2
[setup_env] Checking torch/CUDA driver compatibility...
[setup_env] Checking torch/CUDA driver compatibility...
[setup_env] torch=2.13.0+cu130, CUDA available — OK
[setup_env] torch=2.13.0+cu130, CUDA available — OK
[setup_env] Running pre-flight dependency check for Don-oz/Tess-4-35B-A3B...
[setup_env] Running pre-flight dependency check for Don-oz/Tess-4-35B-A3B...
06:59:12 [preflight] Pre-flight check for: Don-oz/Tess-4-35B-A3B
06:59:12 [preflight] Pre-flight check for: Don-oz/Tess-4-35B-A3B
06:59:13 [preflight] HTTP Request: GET https://huggingface.co/api/agent-harnesses "HTTP/1.1 200 OK"
06:59:13 [preflight] HTTP Request: GET https://huggingface.co/api/agent-harnesses "HTTP/1.1 200 OK"
06:59:13 [preflight] HTTP Request: HEAD https://huggingface.co/Don-oz/Tess-4-35B-A3B/resolve/main/config.json "HTTP/1.1 307 Temporary Redirect"
06:59:13 [preflight] HTTP Request: HEAD https://huggingface.co/Don-oz/Tess-4-35B-A3B/resolve/main/config.json "HTTP/1.1 307 Temporary Redirect"
06:59:13 [preflight] HTTP Request: HEAD https://huggingface.co/api/resolve-cache/models/Don-oz/Tess-4-35B-A3B/b42bfd348a6fcd96207cbe7654abf2a8fd396254/config.json "HTTP/1.1 200 OK"
06:59:13 [preflight] HTTP Request: HEAD https://huggingface.co/api/resolve-cache/models/Don-oz/Tess-4-35B-A3B/b42bfd348a6fcd96207cbe7654abf2a8fd396254/config.json "HTTP/1.1 200 OK"
06:59:13 [preflight] HTTP Request: GET https://huggingface.co/api/resolve-cache/models/Don-oz/Tess-4-35B-A3B/b42bfd348a6fcd96207cbe7654abf2a8fd396254/config.json "HTTP/1.1 200 OK"
06:59:13 [preflight] HTTP Request: GET https://huggingface.co/api/resolve-cache/models/Don-oz/Tess-4-35B-A3B/b42bfd348a6fcd96207cbe7654abf2a8fd396254/config.json "HTTP/1.1 200 OK"
06:59:13 [preflight]   model_type: qwen3_5_moe
06:59:13 [preflight]   auto_map: no
06:59:13 [preflight]   transformers_version: 4.57.1
06:59:13 [preflight]   model_type: qwen3_5_moe
06:59:13 [preflight]   auto_map: no
06:59:13 [preflight]   transformers_version: 4.57.1
06:59:15 [preflight] HTTP Request: HEAD https://huggingface.co/Don-oz/Tess-4-35B-A3B/resolve/main/requirements.txt "HTTP/1.1 404 Not Found"
06:59:15 [preflight] HTTP Request: HEAD https://huggingface.co/Don-oz/Tess-4-35B-A3B/resolve/main/requirements.txt "HTTP/1.1 404 Not Found"
06:59:15 [preflight]   ✓ All dependencies satisfied
06:59:15 [preflight]   ✓ All dependencies satisfied

[setup_env] Verification:

[setup_env] Verification:
  torch=2.13.0+cu130, cuda=True
  torch=2.13.0+cu130, cuda=True
  auto_round=0.14.2
  transformers=5.14.1
  auto_round=0.14.2
  transformers=5.14.1
  lm_eval=0.4.12
  lm_eval=0.4.12

=== Phase 1: DONE ===

=== Phase 1: DONE ===
[auto_v3] setup_env succeeded
[auto_v3] setup_env succeeded
[auto_v3] CUDA available at start — GPU will be enforced across fix attempts
[auto_v3] CUDA available at start — GPU will be enforced across fix attempts

═══════ Phase: quantize ═══════


═══════ Phase: quantize ═══════

=== Phase 2: Quantization ===
  model=Don-oz/Tess-4-35B-A3B
  scheme=W4A16
  iters=0
  export_format=auto_round
  model_free=false
  ignore_layers=<default>
  layer_config=<none>
  output_dir=/root/_work/1/s/auto_quant/output/runs/Tess-4-35B-A3B-AutoRound-W4A16-RTN/quantized_model
=== Phase 2: Quantization ===
  model=Don-oz/Tess-4-35B-A3B
  scheme=W4A16
  iters=0
  export_format=auto_round
  model_free=false
  ignore_layers=<default>
  layer_config=<none>
  output_dir=/root/_work/1/s/auto_quant/output/runs/Tess-4-35B-A3B-AutoRound-W4A16-RTN/quantized_model
06:59:34 [INFO] Quantization compute device: cuda:0 (device_map=0)
06:59:34 [INFO] Quantization compute device: cuda:0 (device_map=0)
06:59:34 [INFO] GPU0 free VRAM: 94.4GB / 95.0GB (min required: 2.0GB)
06:59:34 [INFO] Model: Don-oz/Tess-4-35B-A3B
06:59:34 [INFO] Scheme: W4A16 → AutoRound scheme='W4A16'
06:59:34 [INFO] Iters: 0 (RTN)
06:59:34 [INFO] Export format: auto_round
06:59:34 [INFO] Output: /root/_work/1/s/auto_quant/output/runs/Tess-4-35B-A3B-AutoRound-W4A16-RTN/quantized_model
06:59:34 [INFO] Device map: auto → effective: 0
06:59:34 [INFO] Loading tokenizer...
06:59:34 [INFO] GPU0 free VRAM: 94.4GB / 95.0GB (min required: 2.0GB)
06:59:34 [INFO] Model: Don-oz/Tess-4-35B-A3B
06:59:34 [INFO] Scheme: W4A16 → AutoRound scheme='W4A16'
06:59:34 [INFO] Iters: 0 (RTN)
06:59:34 [INFO] Export format: auto_round
06:59:34 [INFO] Output: /root/_work/1/s/auto_quant/output/runs/Tess-4-35B-A3B-AutoRound-W4A16-RTN/quantized_model
06:59:34 [INFO] Device map: auto → effective: 0
06:59:34 [INFO] Loading tokenizer...
06:59:34 [INFO] HTTP Request: HEAD https://huggingface.co/Don-oz/Tess-4-35B-A3B/resolve/main/config.json "HTTP/1.1 307 Temporary Redirect"
06:59:34 [INFO] HTTP Request: HEAD https://huggingface.co/Don-oz/Tess-4-35B-A3B/resolve/main/config.json "HTTP/1.1 307 Temporary Redirect"
06:59:34 [INFO] HTTP Request: HEAD https://huggingface.co/api/resolve-cache/models/Don-oz/Tess-4-35B-A3B/b42bfd348a6fcd96207cbe7654abf2a8fd396254/config.json "HTTP/1.1 200 OK"
06:59:34 [INFO] HTTP Request: HEAD https://huggingface.co/api/resolve-cache/models/Don-oz/Tess-4-35B-A3B/b42bfd348a6fcd96207cbe7654abf2a8fd396254/config.json "HTTP/1.1 200 OK"
06:59:34 [INFO] HTTP Request: HEAD https://huggingface.co/Don-oz/Tess-4-35B-A3B/resolve/main/tokenizer_config.json "HTTP/1.1 307 Temporary Redirect"
06:59:34 [INFO] HTTP Request: HEAD https://huggingface.co/Don-oz/Tess-4-35B-A3B/resolve/main/tokenizer_config.json "HTTP/1.1 307 Temporary Redirect"
06:59:34 [INFO] HTTP Request: HEAD https://huggingface.co/api/resolve-cache/models/Don-oz/Tess-4-35B-A3B/b42bfd348a6fcd96207cbe7654abf2a8fd396254/tokenizer_config.json "HTTP/1.1 200 OK"
06:59:34 [INFO] HTTP Request: HEAD https://huggingface.co/api/resolve-cache/models/Don-oz/Tess-4-35B-A3B/b42bfd348a6fcd96207cbe7654abf2a8fd396254/tokenizer_config.json "HTTP/1.1 200 OK"
06:59:34 [INFO] HTTP Request: GET https://huggingface.co/api/resolve-cache/models/Don-oz/Tess-4-35B-A3B/b42bfd348a6fcd96207cbe7654abf2a8fd396254/tokenizer_config.json "HTTP/1.1 200 OK"
06:59:34 [INFO] HTTP Request: GET https://huggingface.co/api/resolve-cache/models/Don-oz/Tess-4-35B-A3B/b42bfd348a6fcd96207cbe7654abf2a8fd396254/tokenizer_config.json "HTTP/1.1 200 OK"
06:59:35 [INFO] HTTP Request: HEAD https://huggingface.co/Don-oz/Tess-4-35B-A3B/resolve/main/tokenizer_config.json "HTTP/1.1 307 Temporary Redirect"
06:59:35 [INFO] HTTP Request: HEAD https://huggingface.co/Don-oz/Tess-4-35B-A3B/resolve/main/tokenizer_config.json "HTTP/1.1 307 Temporary Redirect"
06:59:35 [INFO] HTTP Request: HEAD https://huggingface.co/api/resolve-cache/models/Don-oz/Tess-4-35B-A3B/b42bfd348a6fcd96207cbe7654abf2a8fd396254/tokenizer_config.json "HTTP/1.1 200 OK"
06:59:35 [INFO] HTTP Request: HEAD https://huggingface.co/api/resolve-cache/models/Don-oz/Tess-4-35B-A3B/b42bfd348a6fcd96207cbe7654abf2a8fd396254/tokenizer_config.json "HTTP/1.1 200 OK"
06:59:35 [INFO] HTTP Request: GET https://huggingface.co/api/models/Don-oz/Tess-4-35B-A3B/tree/main/additional_chat_templates?recursive=false&expand=false "HTTP/1.1 404 Not Found"
06:59:35 [INFO] HTTP Request: GET https://huggingface.co/api/models/Don-oz/Tess-4-35B-A3B/tree/main/additional_chat_templates?recursive=false&expand=false "HTTP/1.1 404 Not Found"
06:59:35 [INFO] HTTP Request: GET https://huggingface.co/api/models/Don-oz/Tess-4-35B-A3B/tree/main?recursive=true&expand=false "HTTP/1.1 200 OK"
06:59:35 [INFO] HTTP Request: GET https://huggingface.co/api/models/Don-oz/Tess-4-35B-A3B/tree/main?recursive=true&expand=false "HTTP/1.1 200 OK"
06:59:35 [INFO] HTTP Request: HEAD https://huggingface.co/Don-oz/Tess-4-35B-A3B/resolve/main/vocab.json "HTTP/1.1 307 Temporary Redirect"
06:59:35 [INFO] HTTP Request: HEAD https://huggingface.co/Don-oz/Tess-4-35B-A3B/resolve/main/vocab.json "HTTP/1.1 307 Temporary Redirect"
06:59:35 [INFO] HTTP Request: HEAD https://huggingface.co/api/resolve-cache/models/Don-oz/Tess-4-35B-A3B/b42bfd348a6fcd96207cbe7654abf2a8fd396254/vocab.json "HTTP/1.1 200 OK"
06:59:35 [INFO] HTTP Request: HEAD https://huggingface.co/api/resolve-cache/models/Don-oz/Tess-4-35B-A3B/b42bfd348a6fcd96207cbe7654abf2a8fd396254/vocab.json "HTTP/1.1 200 OK"
06:59:35 [INFO] HTTP Request: GET https://huggingface.co/api/resolve-cache/models/Don-oz/Tess-4-35B-A3B/b42bfd348a6fcd96207cbe7654abf2a8fd396254/vocab.json "HTTP/1.1 200 OK"
06:59:35 [INFO] HTTP Request: GET https://huggingface.co/api/resolve-cache/models/Don-oz/Tess-4-35B-A3B/b42bfd348a6fcd96207cbe7654abf2a8fd396254/vocab.json "HTTP/1.1 200 OK"
06:59:36 [INFO] HTTP Request: HEAD https://huggingface.co/Don-oz/Tess-4-35B-A3B/resolve/main/merges.txt "HTTP/1.1 307 Temporary Redirect"
06:59:36 [INFO] HTTP Request: HEAD https://huggingface.co/Don-oz/Tess-4-35B-A3B/resolve/main/merges.txt "HTTP/1.1 307 Temporary Redirect"
06:59:36 [INFO] HTTP Request: HEAD https://huggingface.co/api/resolve-cache/models/Don-oz/Tess-4-35B-A3B/b42bfd348a6fcd96207cbe7654abf2a8fd396254/merges.txt "HTTP/1.1 200 OK"
06:59:36 [INFO] HTTP Request: HEAD https://huggingface.co/api/resolve-cache/models/Don-oz/Tess-4-35B-A3B/b42bfd348a6fcd96207cbe7654abf2a8fd396254/merges.txt "HTTP/1.1 200 OK"
06:59:36 [INFO] HTTP Request: GET https://huggingface.co/api/resolve-cache/models/Don-oz/Tess-4-35B-A3B/b42bfd348a6fcd96207cbe7654abf2a8fd396254/merges.txt "HTTP/1.1 200 OK"
06:59:36 [INFO] HTTP Request: GET https://huggingface.co/api/resolve-cache/models/Don-oz/Tess-4-35B-A3B/b42bfd348a6fcd96207cbe7654abf2a8fd396254/merges.txt "HTTP/1.1 200 OK"
06:59:36 [INFO] HTTP Request: HEAD https://huggingface.co/Don-oz/Tess-4-35B-A3B/resolve/main/tokenizer.json "HTTP/1.1 302 Found"
06:59:36 [INFO] HTTP Request: HEAD https://huggingface.co/Don-oz/Tess-4-35B-A3B/resolve/main/tokenizer.json "HTTP/1.1 302 Found"
06:59:37 [INFO] HTTP Request: HEAD https://huggingface.co/Don-oz/Tess-4-35B-A3B/resolve/main/added_tokens.json "HTTP/1.1 404 Not Found"
06:59:37 [INFO] HTTP Request: HEAD https://huggingface.co/Don-oz/Tess-4-35B-A3B/resolve/main/added_tokens.json "HTTP/1.1 404 Not Found"
06:59:37 [INFO] HTTP Request: HEAD https://huggingface.co/Don-oz/Tess-4-35B-A3B/resolve/main/special_tokens_map.json "HTTP/1.1 404 Not Found"
06:59:37 [INFO] HTTP Request: HEAD https://huggingface.co/Don-oz/Tess-4-35B-A3B/resolve/main/special_tokens_map.json "HTTP/1.1 404 Not Found"
06:59:37 [INFO] HTTP Request: HEAD https://huggingface.co/Don-oz/Tess-4-35B-A3B/resolve/main/chat_template.jinja "HTTP/1.1 307 Temporary Redirect"
06:59:37 [INFO] HTTP Request: HEAD https://huggingface.co/Don-oz/Tess-4-35B-A3B/resolve/main/chat_template.jinja "HTTP/1.1 307 Temporary Redirect"
06:59:37 [INFO] HTTP Request: HEAD https://huggingface.co/api/resolve-cache/models/Don-oz/Tess-4-35B-A3B/b42bfd348a6fcd96207cbe7654abf2a8fd396254/chat_template.jinja "HTTP/1.1 200 OK"
06:59:37 [INFO] HTTP Request: HEAD https://huggingface.co/api/resolve-cache/models/Don-oz/Tess-4-35B-A3B/b42bfd348a6fcd96207cbe7654abf2a8fd396254/chat_template.jinja "HTTP/1.1 200 OK"
06:59:38 [INFO] HTTP Request: GET https://huggingface.co/api/resolve-cache/models/Don-oz/Tess-4-35B-A3B/b42bfd348a6fcd96207cbe7654abf2a8fd396254/chat_template.jinja "HTTP/1.1 200 OK"
06:59:38 [INFO] HTTP Request: GET https://huggingface.co/api/resolve-cache/models/Don-oz/Tess-4-35B-A3B/b42bfd348a6fcd96207cbe7654abf2a8fd396254/chat_template.jinja "HTTP/1.1 200 OK"
06:59:38 [INFO] HTTP Request: GET https://huggingface.co/api/models/Don-oz/Tess-4-35B-A3B "HTTP/1.1 200 OK"
06:59:38 [INFO] HTTP Request: GET https://huggingface.co/api/models/Don-oz/Tess-4-35B-A3B "HTTP/1.1 200 OK"
06:59:38 [INFO] Loading model...
06:59:38 [INFO] Loading model...
06:59:38 [INFO] HTTP Request: HEAD https://huggingface.co/Don-oz/Tess-4-35B-A3B/resolve/main/config.json "HTTP/1.1 307 Temporary Redirect"
06:59:38 [INFO] HTTP Request: HEAD https://huggingface.co/Don-oz/Tess-4-35B-A3B/resolve/main/config.json "HTTP/1.1 307 Temporary Redirect"
06:59:38 [INFO] HTTP Request: HEAD https://huggingface.co/api/resolve-cache/models/Don-oz/Tess-4-35B-A3B/b42bfd348a6fcd96207cbe7654abf2a8fd396254/config.json "HTTP/1.1 200 OK"
06:59:38 [INFO] HTTP Request: HEAD https://huggingface.co/api/resolve-cache/models/Don-oz/Tess-4-35B-A3B/b42bfd348a6fcd96207cbe7654abf2a8fd396254/config.json "HTTP/1.1 200 OK"
06:59:39 [INFO] HTTP Request: HEAD https://huggingface.co/Don-oz/Tess-4-35B-A3B/resolve/main/model.safetensors "HTTP/1.1 404 Not Found"
06:59:39 [INFO] HTTP Request: HEAD https://huggingface.co/Don-oz/Tess-4-35B-A3B/resolve/main/model.safetensors "HTTP/1.1 404 Not Found"
06:59:39 [INFO] HTTP Request: HEAD https://huggingface.co/Don-oz/Tess-4-35B-A3B/resolve/main/model.safetensors.index.json "HTTP/1.1 307 Temporary Redirect"
06:59:39 [INFO] HTTP Request: HEAD https://huggingface.co/Don-oz/Tess-4-35B-A3B/resolve/main/model.safetensors.index.json "HTTP/1.1 307 Temporary Redirect"
06:59:39 [INFO] HTTP Request: HEAD https://huggingface.co/api/resolve-cache/models/Don-oz/Tess-4-35B-A3B/b42bfd348a6fcd96207cbe7654abf2a8fd396254/model.safetensors.index.json "HTTP/1.1 200 OK"
06:59:39 [INFO] HTTP Request: HEAD https://huggingface.co/api/resolve-cache/models/Don-oz/Tess-4-35B-A3B/b42bfd348a6fcd96207cbe7654abf2a8fd396254/model.safetensors.index.json "HTTP/1.1 200 OK"
06:59:39 [INFO] HTTP Request: GET https://huggingface.co/api/resolve-cache/models/Don-oz/Tess-4-35B-A3B/b42bfd348a6fcd96207cbe7654abf2a8fd396254/model.safetensors.index.json "HTTP/1.1 200 OK"
06:59:39 [INFO] HTTP Request: GET https://huggingface.co/api/resolve-cache/models/Don-oz/Tess-4-35B-A3B/b42bfd348a6fcd96207cbe7654abf2a8fd396254/model.safetensors.index.json "HTTP/1.1 200 OK"
06:59:39 [INFO] HTTP Request: GET https://huggingface.co/api/models/Don-oz/Tess-4-35B-A3B/revision/main "HTTP/1.1 200 OK"
06:59:39 [INFO] HTTP Request: GET https://huggingface.co/api/models/Don-oz/Tess-4-35B-A3B/revision/main "HTTP/1.1 200 OK"
06:59:39 [INFO] HTTP Request: GET https://huggingface.co/api/models/Don-oz/Tess-4-35B-A3B/tree/b42bfd348a6fcd96207cbe7654abf2a8fd396254?recursive=true&expand=false "HTTP/1.1 200 OK"
06:59:39 [INFO] HTTP Request: GET https://huggingface.co/api/models/Don-oz/Tess-4-35B-A3B/tree/b42bfd348a6fcd96207cbe7654abf2a8fd396254?recursive=true&expand=false "HTTP/1.1 200 OK"
[transformers] The fast path is not available because one of the required library is not installed. Falling back to torch implementation. To install follow https://github.com/fla-org/flash-linear-attention#installation and https://github.com/Dao-AILab/causal-conv1d
[transformers] The fast path is not available because one of the required library is not installed. Falling back to torch implementation. To install follow https://github.com/fla-org/flash-linear-attention#installation and https://github.com/Dao-AILab/causal-conv1d
07:01:09 [INFO] HTTP Request: HEAD https://huggingface.co/Don-oz/Tess-4-35B-A3B/resolve/main/generation_config.json "HTTP/1.1 404 Not Found"
07:01:09 [INFO] HTTP Request: HEAD https://huggingface.co/Don-oz/Tess-4-35B-A3B/resolve/main/generation_config.json "HTTP/1.1 404 Not Found"
07:01:09 [INFO] HTTP Request: HEAD https://huggingface.co/Don-oz/Tess-4-35B-A3B/resolve/main/config.json "HTTP/1.1 307 Temporary Redirect"
07:01:09 [INFO] HTTP Request: HEAD https://huggingface.co/Don-oz/Tess-4-35B-A3B/resolve/main/config.json "HTTP/1.1 307 Temporary Redirect"
07:01:09 [INFO] HTTP Request: HEAD https://huggingface.co/api/resolve-cache/models/Don-oz/Tess-4-35B-A3B/b42bfd348a6fcd96207cbe7654abf2a8fd396254/config.json "HTTP/1.1 200 OK"
07:01:09 [INFO] HTTP Request: HEAD https://huggingface.co/api/resolve-cache/models/Don-oz/Tess-4-35B-A3B/b42bfd348a6fcd96207cbe7654abf2a8fd396254/config.json "HTTP/1.1 200 OK"
07:01:09 [INFO] HTTP Request: HEAD https://huggingface.co/Don-oz/Tess-4-35B-A3B/resolve/main/custom_generate/generate.py "HTTP/1.1 404 Not Found"
07:01:09 [INFO] HTTP Request: HEAD https://huggingface.co/Don-oz/Tess-4-35B-A3B/resolve/main/custom_generate/generate.py "HTTP/1.1 404 Not Found"
07:01:09 [INFO] Architecture: Qwen3_5MoeForCausalLM (model_type=qwen3_5_moe_text, moe=True)
07:01:09 [INFO] Ignore layers (default): lm_head
07:01:09 [INFO] Configuring AutoRound...
07:01:09 [INFO] Architecture: Qwen3_5MoeForCausalLM (model_type=qwen3_5_moe_text, moe=True)
07:01:09 [INFO] Ignore layers (default): lm_head
07:01:09 [INFO] Configuring AutoRound...
[38;20m2026-07-27 07:01:10 INFO config.py L53: `enable_opt_rtn` is turned on, set `--disable_opt_rtn` for higher speed at the cost of accuracy.[0m
[38;20m2026-07-27 07:01:10 INFO config.py L53: `enable_opt_rtn` is turned on, set `--disable_opt_rtn` for higher speed at the cost of accuracy.[0m
[38;20m2026-07-27 07:01:10 INFO entry.py L745: Using MLLM mode for multimodal model.[0m
[38;20m2026-07-27 07:01:10 INFO entry.py L745: Using MLLM mode for multimodal model.[0m
07:01:10 [INFO] HTTP Request: HEAD https://huggingface.co/Don-oz/Tess-4-35B-A3B/resolve/main/config.json "HTTP/1.1 307 Temporary Redirect"
07:01:10 [INFO] HTTP Request: HEAD https://huggingface.co/Don-oz/Tess-4-35B-A3B/resolve/main/config.json "HTTP/1.1 307 Temporary Redirect"
07:01:10 [INFO] HTTP Request: HEAD https://huggingface.co/api/resolve-cache/models/Don-oz/Tess-4-35B-A3B/b42bfd348a6fcd96207cbe7654abf2a8fd396254/config.json "HTTP/1.1 200 OK"
07:01:10 [INFO] HTTP Request: HEAD https://huggingface.co/api/resolve-cache/models/Don-oz/Tess-4-35B-A3B/b42bfd348a6fcd96207cbe7654abf2a8fd396254/config.json "HTTP/1.1 200 OK"
07:01:10 [INFO] HTTP Request: HEAD https://huggingface.co/Don-oz/Tess-4-35B-A3B/resolve/main/model_index.json "HTTP/1.1 404 Not Found"
07:01:10 [INFO] HTTP Request: HEAD https://huggingface.co/Don-oz/Tess-4-35B-A3B/resolve/main/model_index.json "HTTP/1.1 404 Not Found"
404 Client Error. (Request ID: Root=1-6a670236-364b2eaa3d11df617fda6f08;edd0cc2f-55e0-4abd-a7aa-1dfe2181e47b)

Entry Not Found for url: https://huggingface.co/Don-oz/Tess-4-35B-A3B/resolve/main/model_index.json.
404 Client Error. (Request ID: Root=1-6a670236-364b2eaa3d11df617fda6f08;edd0cc2f-55e0-4abd-a7aa-1dfe2181e47b)

Entry Not Found for url: https://huggingface.co/Don-oz/Tess-4-35B-A3B/resolve/main/model_index.json.
07:01:10 [INFO] HTTP Request: HEAD https://huggingface.co/Don-oz/Tess-4-35B-A3B/resolve/main/config.json "HTTP/1.1 307 Temporary Redirect"
07:01:10 [INFO] HTTP Request: HEAD https://huggingface.co/Don-oz/Tess-4-35B-A3B/resolve/main/config.json "HTTP/1.1 307 Temporary Redirect"
07:01:10 [INFO] HTTP Request: HEAD https://huggingface.co/api/resolve-cache/models/Don-oz/Tess-4-35B-A3B/b42bfd348a6fcd96207cbe7654abf2a8fd396254/config.json "HTTP/1.1 200 OK"
07:01:10 [INFO] HTTP Request: HEAD https://huggingface.co/api/resolve-cache/models/Don-oz/Tess-4-35B-A3B/b42bfd348a6fcd96207cbe7654abf2a8fd396254/config.json "HTTP/1.1 200 OK"
07:01:10 [INFO] HTTP Request: GET https://huggingface.co/api/models/Don-oz/Tess-4-35B-A3B/tree/main?recursive=true&expand=false "HTTP/1.1 200 OK"
07:01:10 [INFO] HTTP Request: GET https://huggingface.co/api/models/Don-oz/Tess-4-35B-A3B/tree/main?recursive=true&expand=false "HTTP/1.1 200 OK"
07:01:10 [INFO] HTTP Request: HEAD https://huggingface.co/Don-oz/Tess-4-35B-A3B/resolve/main/config.json "HTTP/1.1 307 Temporary Redirect"
07:01:10 [INFO] HTTP Request: HEAD https://huggingface.co/Don-oz/Tess-4-35B-A3B/resolve/main/config.json "HTTP/1.1 307 Temporary Redirect"
07:01:10 [INFO] HTTP Request: HEAD https://huggingface.co/api/resolve-cache/models/Don-oz/Tess-4-35B-A3B/b42bfd348a6fcd96207cbe7654abf2a8fd396254/config.json "HTTP/1.1 200 OK"
07:01:10 [INFO] HTTP Request: HEAD https://huggingface.co/api/resolve-cache/models/Don-oz/Tess-4-35B-A3B/b42bfd348a6fcd96207cbe7654abf2a8fd396254/config.json "HTTP/1.1 200 OK"
07:01:10 [INFO] HTTP Request: HEAD https://huggingface.co/Don-oz/Tess-4-35B-A3B/resolve/main/config.json "HTTP/1.1 307 Temporary Redirect"
07:01:10 [INFO] HTTP Request: HEAD https://huggingface.co/Don-oz/Tess-4-35B-A3B/resolve/main/config.json "HTTP/1.1 307 Temporary Redirect"
07:01:10 [INFO] HTTP Request: HEAD https://huggingface.co/api/resolve-cache/models/Don-oz/Tess-4-35B-A3B/b42bfd348a6fcd96207cbe7654abf2a8fd396254/config.json "HTTP/1.1 200 OK"
07:01:10 [INFO] HTTP Request: HEAD https://huggingface.co/api/resolve-cache/models/Don-oz/Tess-4-35B-A3B/b42bfd348a6fcd96207cbe7654abf2a8fd396254/config.json "HTTP/1.1 200 OK"
07:01:10 [INFO] HTTP Request: HEAD https://huggingface.co/Don-oz/Tess-4-35B-A3B/resolve/main/model.safetensors "HTTP/1.1 404 Not Found"
07:01:10 [INFO] HTTP Request: HEAD https://huggingface.co/Don-oz/Tess-4-35B-A3B/resolve/main/model.safetensors "HTTP/1.1 404 Not Found"
07:01:10 [INFO] HTTP Request: HEAD https://huggingface.co/Don-oz/Tess-4-35B-A3B/resolve/main/model.safetensors.index.json "HTTP/1.1 307 Temporary Redirect"
07:01:10 [INFO] HTTP Request: HEAD https://huggingface.co/Don-oz/Tess-4-35B-A3B/resolve/main/model.safetensors.index.json "HTTP/1.1 307 Temporary Redirect"
07:01:10 [INFO] HTTP Request: HEAD https://huggingface.co/api/resolve-cache/models/Don-oz/Tess-4-35B-A3B/b42bfd348a6fcd96207cbe7654abf2a8fd396254/model.safetensors.index.json "HTTP/1.1 200 OK"
07:01:10 [INFO] HTTP Request: HEAD https://huggingface.co/api/resolve-cache/models/Don-oz/Tess-4-35B-A3B/b42bfd348a6fcd96207cbe7654abf2a8fd396254/model.safetensors.index.json "HTTP/1.1 200 OK"
07:01:11 [INFO] HTTP Request: GET https://huggingface.co/api/models/Don-oz/Tess-4-35B-A3B/revision/main "HTTP/1.1 200 OK"
07:01:11 [INFO] HTTP Request: GET https://huggingface.co/api/models/Don-oz/Tess-4-35B-A3B/revision/main "HTTP/1.1 200 OK"
07:01:11 [INFO] HTTP Request: HEAD https://huggingface.co/Don-oz/Tess-4-35B-A3B/resolve/main/generation_config.json "HTTP/1.1 404 Not Found"
07:01:11 [INFO] HTTP Request: HEAD https://huggingface.co/Don-oz/Tess-4-35B-A3B/resolve/main/generation_config.json "HTTP/1.1 404 Not Found"
07:01:11 [INFO] HTTP Request: HEAD https://huggingface.co/Don-oz/Tess-4-35B-A3B/resolve/main/config.json "HTTP/1.1 307 Temporary Redirect"
07:01:11 [INFO] HTTP Request: HEAD https://huggingface.co/Don-oz/Tess-4-35B-A3B/resolve/main/config.json "HTTP/1.1 307 Temporary Redirect"
07:01:11 [INFO] HTTP Request: HEAD https://huggingface.co/api/resolve-cache/models/Don-oz/Tess-4-35B-A3B/b42bfd348a6fcd96207cbe7654abf2a8fd396254/config.json "HTTP/1.1 200 OK"
07:01:11 [INFO] HTTP Request: HEAD https://huggingface.co/api/resolve-cache/models/Don-oz/Tess-4-35B-A3B/b42bfd348a6fcd96207cbe7654abf2a8fd396254/config.json "HTTP/1.1 200 OK"
07:01:12 [INFO] HTTP Request: HEAD https://huggingface.co/Don-oz/Tess-4-35B-A3B/resolve/main/custom_generate/generate.py "HTTP/1.1 404 Not Found"
07:01:12 [INFO] HTTP Request: HEAD https://huggingface.co/Don-oz/Tess-4-35B-A3B/resolve/main/custom_generate/generate.py "HTTP/1.1 404 Not Found"
07:01:12 [INFO] HTTP Request: HEAD https://huggingface.co/Don-oz/Tess-4-35B-A3B/resolve/main/config.json "HTTP/1.1 307 Temporary Redirect"
07:01:12 [INFO] HTTP Request: HEAD https://huggingface.co/Don-oz/Tess-4-35B-A3B/resolve/main/config.json "HTTP/1.1 307 Temporary Redirect"
07:01:12 [INFO] HTTP Request: HEAD https://huggingface.co/api/resolve-cache/models/Don-oz/Tess-4-35B-A3B/b42bfd348a6fcd96207cbe7654abf2a8fd396254/config.json "HTTP/1.1 200 OK"
07:01:12 [INFO] HTTP Request: HEAD https://huggingface.co/api/resolve-cache/models/Don-oz/Tess-4-35B-A3B/b42bfd348a6fcd96207cbe7654abf2a8fd396254/config.json "HTTP/1.1 200 OK"
07:01:12 [INFO] HTTP Request: HEAD https://huggingface.co/Don-oz/Tess-4-35B-A3B/resolve/main/tokenizer_config.json "HTTP/1.1 307 Temporary Redirect"
07:01:12 [INFO] HTTP Request: HEAD https://huggingface.co/Don-oz/Tess-4-35B-A3B/resolve/main/tokenizer_config.json "HTTP/1.1 307 Temporary Redirect"
07:01:12 [INFO] HTTP Request: HEAD https://huggingface.co/api/resolve-cache/models/Don-oz/Tess-4-35B-A3B/b42bfd348a6fcd96207cbe7654abf2a8fd396254/tokenizer_config.json "HTTP/1.1 200 OK"
07:01:12 [INFO] HTTP Request: HEAD https://huggingface.co/api/resolve-cache/models/Don-oz/Tess-4-35B-A3B/b42bfd348a6fcd96207cbe7654abf2a8fd396254/tokenizer_config.json "HTTP/1.1 200 OK"
07:01:12 [INFO] HTTP Request: HEAD https://huggingface.co/Don-oz/Tess-4-35B-A3B/resolve/main/tokenizer_config.json "HTTP/1.1 307 Temporary Redirect"
07:01:12 [INFO] HTTP Request: HEAD https://huggingface.co/Don-oz/Tess-4-35B-A3B/resolve/main/tokenizer_config.json "HTTP/1.1 307 Temporary Redirect"
07:01:12 [INFO] HTTP Request: HEAD https://huggingface.co/api/resolve-cache/models/Don-oz/Tess-4-35B-A3B/b42bfd348a6fcd96207cbe7654abf2a8fd396254/tokenizer_config.json "HTTP/1.1 200 OK"
07:01:12 [INFO] HTTP Request: HEAD https://huggingface.co/api/resolve-cache/models/Don-oz/Tess-4-35B-A3B/b42bfd348a6fcd96207cbe7654abf2a8fd396254/tokenizer_config.json "HTTP/1.1 200 OK"
07:01:12 [INFO] HTTP Request: GET https://huggingface.co/api/models/Don-oz/Tess-4-35B-A3B/tree/main/additional_chat_templates?recursive=false&expand=false "HTTP/1.1 404 Not Found"
07:01:12 [INFO] HTTP Request: GET https://huggingface.co/api/models/Don-oz/Tess-4-35B-A3B/tree/main/additional_chat_templates?recursive=false&expand=false "HTTP/1.1 404 Not Found"
07:01:12 [INFO] HTTP Request: GET https://huggingface.co/api/models/Don-oz/Tess-4-35B-A3B/tree/main?recursive=true&expand=false "HTTP/1.1 200 OK"
07:01:12 [INFO] HTTP Request: GET https://huggingface.co/api/models/Don-oz/Tess-4-35B-A3B/tree/main?recursive=true&expand=false "HTTP/1.1 200 OK"
07:01:13 [INFO] HTTP Request: GET https://huggingface.co/api/models/Don-oz/Tess-4-35B-A3B "HTTP/1.1 200 OK"
07:01:13 [INFO] HTTP Request: GET https://huggingface.co/api/models/Don-oz/Tess-4-35B-A3B "HTTP/1.1 200 OK"
07:01:13 [INFO] HTTP Request: HEAD https://huggingface.co/Don-oz/Tess-4-35B-A3B/resolve/main/processor_config.json "HTTP/1.1 404 Not Found"
07:01:13 [INFO] HTTP Request: HEAD https://huggingface.co/Don-oz/Tess-4-35B-A3B/resolve/main/processor_config.json "HTTP/1.1 404 Not Found"
07:01:13 [INFO] HTTP Request: HEAD https://huggingface.co/Don-oz/Tess-4-35B-A3B/resolve/main/preprocessor_config.json "HTTP/1.1 307 Temporary Redirect"
07:01:13 [INFO] HTTP Request: HEAD https://huggingface.co/Don-oz/Tess-4-35B-A3B/resolve/main/preprocessor_config.json "HTTP/1.1 307 Temporary Redirect"
07:01:13 [INFO] HTTP Request: HEAD https://huggingface.co/api/resolve-cache/models/Don-oz/Tess-4-35B-A3B/b42bfd348a6fcd96207cbe7654abf2a8fd396254/preprocessor_config.json "HTTP/1.1 200 OK"
07:01:13 [INFO] HTTP Request: HEAD https://huggingface.co/api/resolve-cache/models/Don-oz/Tess-4-35B-A3B/b42bfd348a6fcd96207cbe7654abf2a8fd396254/preprocessor_config.json "HTTP/1.1 200 OK"
07:01:13 [INFO] HTTP Request: GET https://huggingface.co/api/resolve-cache/models/Don-oz/Tess-4-35B-A3B/b42bfd348a6fcd96207cbe7654abf2a8fd396254/preprocessor_config.json "HTTP/1.1 200 OK"
07:01:13 [INFO] HTTP Request: GET https://huggingface.co/api/resolve-cache/models/Don-oz/Tess-4-35B-A3B/b42bfd348a6fcd96207cbe7654abf2a8fd396254/preprocessor_config.json "HTTP/1.1 200 OK"
07:01:13 [INFO] HTTP Request: HEAD https://huggingface.co/Don-oz/Tess-4-35B-A3B/resolve/main/processor_config.json "HTTP/1.1 404 Not Found"
07:01:13 [INFO] HTTP Request: HEAD https://huggingface.co/Don-oz/Tess-4-35B-A3B/resolve/main/processor_config.json "HTTP/1.1 404 Not Found"
07:01:14 [INFO] HTTP Request: HEAD https://huggingface.co/Don-oz/Tess-4-35B-A3B/resolve/main/preprocessor_config.json "HTTP/1.1 307 Temporary Redirect"
07:01:14 [INFO] HTTP Request: HEAD https://huggingface.co/Don-oz/Tess-4-35B-A3B/resolve/main/preprocessor_config.json "HTTP/1.1 307 Temporary Redirect"
07:01:14 [INFO] HTTP Request: HEAD https://huggingface.co/api/resolve-cache/models/Don-oz/Tess-4-35B-A3B/b42bfd348a6fcd96207cbe7654abf2a8fd396254/preprocessor_config.json "HTTP/1.1 200 OK"
07:01:14 [INFO] HTTP Request: HEAD https://huggingface.co/api/resolve-cache/models/Don-oz/Tess-4-35B-A3B/b42bfd348a6fcd96207cbe7654abf2a8fd396254/preprocessor_config.json "HTTP/1.1 200 OK"
07:01:14 [INFO] HTTP Request: GET https://huggingface.co/api/models/Don-oz/Tess-4-35B-A3B/tree/main/additional_chat_templates?recursive=false&expand=false "HTTP/1.1 404 Not Found"
07:01:14 [INFO] HTTP Request: GET https://huggingface.co/api/models/Don-oz/Tess-4-35B-A3B/tree/main/additional_chat_templates?recursive=false&expand=false "HTTP/1.1 404 Not Found"
07:01:14 [INFO] HTTP Request: HEAD https://huggingface.co/Don-oz/Tess-4-35B-A3B/resolve/main/processor_config.json "HTTP/1.1 404 Not Found"
07:01:14 [INFO] HTTP Request: HEAD https://huggingface.co/Don-oz/Tess-4-35B-A3B/resolve/main/processor_config.json "HTTP/1.1 404 Not Found"
07:01:14 [INFO] HTTP Request: HEAD https://huggingface.co/Don-oz/Tess-4-35B-A3B/resolve/main/chat_template.json "HTTP/1.1 404 Not Found"
07:01:14 [INFO] HTTP Request: HEAD https://huggingface.co/Don-oz/Tess-4-35B-A3B/resolve/main/chat_template.json "HTTP/1.1 404 Not Found"
07:01:14 [INFO] HTTP Request: HEAD https://huggingface.co/Don-oz/Tess-4-35B-A3B/resolve/main/chat_template.jinja "HTTP/1.1 307 Temporary Redirect"
07:01:14 [INFO] HTTP Request: HEAD https://huggingface.co/Don-oz/Tess-4-35B-A3B/resolve/main/chat_template.jinja "HTTP/1.1 307 Temporary Redirect"
07:01:14 [INFO] HTTP Request: HEAD https://huggingface.co/api/resolve-cache/models/Don-oz/Tess-4-35B-A3B/b42bfd348a6fcd96207cbe7654abf2a8fd396254/chat_template.jinja "HTTP/1.1 200 OK"
07:01:14 [INFO] HTTP Request: HEAD https://huggingface.co/api/resolve-cache/models/Don-oz/Tess-4-35B-A3B/b42bfd348a6fcd96207cbe7654abf2a8fd396254/chat_template.jinja "HTTP/1.1 200 OK"
07:01:14 [INFO] HTTP Request: HEAD https://huggingface.co/Don-oz/Tess-4-35B-A3B/resolve/main/audio_tokenizer_config.json "HTTP/1.1 404 Not Found"
07:01:14 [INFO] HTTP Request: HEAD https://huggingface.co/Don-oz/Tess-4-35B-A3B/resolve/main/audio_tokenizer_config.json "HTTP/1.1 404 Not Found"
07:01:14 [INFO] HTTP Request: HEAD https://huggingface.co/Don-oz/Tess-4-35B-A3B/resolve/main/processor_config.json "HTTP/1.1 404 Not Found"
07:01:14 [INFO] HTTP Request: HEAD https://huggingface.co/Don-oz/Tess-4-35B-A3B/resolve/main/processor_config.json "HTTP/1.1 404 Not Found"
07:01:14 [INFO] HTTP Request: HEAD https://huggingface.co/Don-oz/Tess-4-35B-A3B/resolve/main/preprocessor_config.json "HTTP/1.1 307 Temporary Redirect"
07:01:14 [INFO] HTTP Request: HEAD https://huggingface.co/Don-oz/Tess-4-35B-A3B/resolve/main/preprocessor_config.json "HTTP/1.1 307 Temporary Redirect"
07:01:14 [INFO] HTTP Request: HEAD https://huggingface.co/api/resolve-cache/models/Don-oz/Tess-4-35B-A3B/b42bfd348a6fcd96207cbe7654abf2a8fd396254/preprocessor_config.json "HTTP/1.1 200 OK"
07:01:14 [INFO] HTTP Request: HEAD https://huggingface.co/api/resolve-cache/models/Don-oz/Tess-4-35B-A3B/b42bfd348a6fcd96207cbe7654abf2a8fd396254/preprocessor_config.json "HTTP/1.1 200 OK"
[transformers] `Qwen2VLImageProcessorFast` is deprecated. The `Fast` suffix for image processors has been removed; use `Qwen2VLImageProcessor` instead.
07:01:14 [ERROR] Quantization failed: 
Qwen2VLImageProcessor requires the Torchvision library but it was not found in your environment. Check out the instructions on the
installation page: https://pytorch.org/get-started/locally/ and follow the ones that match your environment.
Please note that you may need to restart your runtime after installation.

Qwen2VLImageProcessor requires the PIL library but it was not found in your environment. You can install it with pip:
`pip install pillow`. Please note that you may need to restart your runtime after installation.

[transformers] `Qwen2VLImageProcessorFast` is deprecated. The `Fast` suffix for image processors has been removed; use `Qwen2VLImageProcessor` instead.
07:01:14 [ERROR] Quantization failed: 
Qwen2VLImageProcessor requires the Torchvision library but it was not found in your environment. Check out the instructions on the
installation page: https://pytorch.org/get-started/locally/ and follow the ones that match your environment.
Please note that you may need to restart your runtime after installation.

Qwen2VLImageProcessor requires the PIL library but it was not found in your environment. You can install it with pip:
`pip install pillow`. Please note that you may need to restart your runtime after installation.

Traceback (most recent call last):
Traceback (most recent call last):
  File "/root/_work/1/s/auto_quant/phases/quantize.py", line 479, in <module>
    quantize(args)
  File "/root/_work/1/s/auto_quant/phases/quantize.py", line 357, in quantize
    autoround = AutoRound(**ar_kwargs)
                ^^^^^^^^^^^^^^^^^^^^^^
  File "/root/.venv/lib/python3.12/site-packages/auto_round/autoround.py", line 261, in __new__
    return AutoRoundCompatible(
           ^^^^^^^^^^^^^^^^^^^^
  File "/root/.venv/lib/python3.12/site-packages/auto_round/compressors/entry.py", line 752, in __new__
    compressor = AutoRound(
                 ^^^^^^^^^^
  File "/root/.venv/lib/python3.12/site-packages/auto_round/compressors/entry.py", line 430, in __new__
    return _get_compressor_class(model_type, base_cls)(alg_configs, **local_args, **ctor_kwargs)
           ^^^^^^^^^^^^^^^^^^^^^^^^^^^^^^^^^^^^^^^^^^^^^^^^^^^^^^^^^^^^^^^^^^^^^^^^^^^^^^^^^^^^^
  File "/root/.venv/lib/python3.12/site-packages/auto_round/compressors/mllm_mixin.py", line 89, in __init__
    super().__init__(*args, **kwargs)
  File "/root/.venv/lib/python3.12/site-packages/auto_round/compressors/data_driven.py", line 1024, in __init__
    super().__init__(
  File "/root/.venv/lib/python3.12/site-packages/auto_round/compressors/data_driven.py", line 96, in __init__
    super().__init__(
  File "/root/.venv/lib/python3.12/site-packages/auto_round/compressors/base.py", line 379, in __init__
    self.model_context = ModelContext(
                         ^^^^^^^^^^^^^
  File "/root/.venv/lib/python3.12/site-packages/auto_round/context/base.py", line 39, in __call__
    instance.__init__(*args, **kwargs)
  File "/root/.venv/lib/python3.12/site-packages/auto_round/context/base.py", line 27, in wrapped_init
    original_init(self, *args, **kwargs)
  File "/root/.venv/lib/python3.12/site-packages/auto_round/context/model.py", line 110, in __init__
    self._load_model()
  File "/root/.venv/lib/python3.12/site-packages/auto_round/context/model.py", line 151, in _load_model
    self.model, self.processor, self.tokenizer, self.image_processor = mllm_load_model(
                                                                       ^^^^^^^^^^^^^^^^
  File "/root/.venv/lib/python3.12/site-packages/auto_round/utils/model.py", line 758, in mllm_load_model
    processor = AutoProcessor.from_pretrained(
                ^^^^^^^^^^^^^^^^^^^^^^^^^^^^^^
  File "/root/.venv/lib/python3.12/site-packages/transformers/models/auto/processing_auto.py", line 328, in from_pretrained
    return processor_class.from_pretrained(
           ^^^^^^^^^^^^^^^^^^^^^^^^^^^^^^^^
  File "/root/.venv/lib/python3.12/site-packages/transformers/processing_utils.py", line 1722, in from_pretrained
    args = cls._get_arguments_from_pretrained(pretrained_model_name_or_path, processor_dict, **kwargs)
           ^^^^^^^^^^^^^^^^^^^^^^^^^^^^^^^^^^^^^^^^^^^^^^^^^^^^^^^^^^^^^^^^^^^^^^^^^^^^^^^^^^^^^^^^^^^
  File "/root/.venv/lib/python3.12/site-packages/transformers/processing_utils.py", line 1862, in _get_arguments_from_pretrained
    sub_processor = auto_processor_class.from_pretrained(
                    ^^^^^^^^^^^^^^^^^^^^^^^^^^^^^^^^^^^^^
  File "/root/.venv/lib/python3.12/site-packages/transformers/models/auto/image_processing_auto.py", line 676, in from_pretrained
    return image_processor_class.from_pretrained(pretrained_model_name_or_path, *inputs, **kwargs)
           ^^^^^^^^^^^^^^^^^^^^^^^^^^^^^^^^^^^^^
  File "/root/.venv/lib/python3.12/site-packages/transformers/utils/import_utils.py", line 2170, in __getattribute__
    requires_backends(cls, cls._backends)
  File "/root/.venv/lib/python3.12/site-packages/transformers/utils/import_utils.py", line 2156, in requires_backends
    raise ImportError("".join(failed))
ImportError: 
Qwen2VLImageProcessor requires the Torchvision library but it was not found in your environment. Check out the instructions on the
installation page: https://pytorch.org/get-started/locally/ and follow the ones that match your environment.
Please note that you may need to restart your runtime after installation.

Qwen2VLImageProcessor requires the PIL library but it was not found in your environment. You can install it with pip:
`pip install pillow`. Please note that you may need to restart your runtime after installation.

  File "/root/_work/1/s/auto_quant/phases/quantize.py", line 479, in <module>
    quantize(args)
  File "/root/_work/1/s/auto_quant/phases/quantize.py", line 357, in quantize
    autoround = AutoRound(**ar_kwargs)
                ^^^^^^^^^^^^^^^^^^^^^^
  File "/root/.venv/lib/python3.12/site-packages/auto_round/autoround.py", line 261, in __new__
    return AutoRoundCompatible(
           ^^^^^^^^^^^^^^^^^^^^
  File "/root/.venv/lib/python3.12/site-packages/auto_round/compressors/entry.py", line 752, in __new__
    compressor = AutoRound(
                 ^^^^^^^^^^
  File "/root/.venv/lib/python3.12/site-packages/auto_round/compressors/entry.py", line 430, in __new__
    return _get_compressor_class(model_type, base_cls)(alg_configs, **local_args, **ctor_kwargs)
           ^^^^^^^^^^^^^^^^^^^^^^^^^^^^^^^^^^^^^^^^^^^^^^^^^^^^^^^^^^^^^^^^^^^^^^^^^^^^^^^^^^^^^
  File "/root/.venv/lib/python3.12/site-packages/auto_round/compressors/mllm_mixin.py", line 89, in __init__
    super().__init__(*args, **kwargs)
  File "/root/.venv/lib/python3.12/site-packages/auto_round/compressors/data_driven.py", line 1024, in __init__
    super().__init__(
  File "/root/.venv/lib/python3.12/site-packages/auto_round/compressors/data_driven.py", line 96, in __init__
    super().__init__(
  File "/root/.venv/lib/python3.12/site-packages/auto_round/compressors/base.py", line 379, in __init__
    self.model_context = ModelContext(
                         ^^^^^^^^^^^^^
  File "/root/.venv/lib/python3.12/site-packages/auto_round/context/base.py", line 39, in __call__
    instance.__init__(*args, **kwargs)
  File "/root/.venv/lib/python3.12/site-packages/auto_round/context/base.py", line 27, in wrapped_init
    original_init(self, *args, **kwargs)
  File "/root/.venv/lib/python3.12/site-packages/auto_round/context/model.py", line 110, in __init__
    self._load_model()
  File "/root/.venv/lib/python3.12/site-packages/auto_round/context/model.py", line 151, in _load_model
    self.model, self.processor, self.tokenizer, self.image_processor = mllm_load_model(
                                                                       ^^^^^^^^^^^^^^^^
  File "/root/.venv/lib/python3.12/site-packages/auto_round/utils/model.py", line 758, in mllm_load_model
    processor = AutoProcessor.from_pretrained(
                ^^^^^^^^^^^^^^^^^^^^^^^^^^^^^^
  File "/root/.venv/lib/python3.12/site-packages/transformers/models/auto/processing_auto.py", line 328, in from_pretrained
    return processor_class.from_pretrained(
           ^^^^^^^^^^^^^^^^^^^^^^^^^^^^^^^^
  File "/root/.venv/lib/python3.12/site-packages/transformers/processing_utils.py", line 1722, in from_pretrained
    args = cls._get_arguments_from_pretrained(pretrained_model_name_or_path, processor_dict, **kwargs)
           ^^^^^^^^^^^^^^^^^^^^^^^^^^^^^^^^^^^^^^^^^^^^^^^^^^^^^^^^^^^^^^^^^^^^^^^^^^^^^^^^^^^^^^^^^^^
  File "/root/.venv/lib/python3.12/site-packages/transformers/processing_utils.py", line 1862, in _get_arguments_from_pretrained
    sub_processor = auto_processor_class.from_pretrained(
                    ^^^^^^^^^^^^^^^^^^^^^^^^^^^^^^^^^^^^^
  File "/root/.venv/lib/python3.12/site-packages/transformers/models/auto/image_processing_auto.py", line 676, in from_pretrained
    return image_processor_class.from_pretrained(pretrained_model_name_or_path, *inputs, **kwargs)
           ^^^^^^^^^^^^^^^^^^^^^^^^^^^^^^^^^^^^^
  File "/root/.venv/lib/python3.12/site-packages/transformers/utils/import_utils.py", line 2170, in __getattribute__
    requires_backends(cls, cls._backends)
  File "/root/.venv/lib/python3.12/site-packages/transformers/utils/import_utils.py", line 2156, in requires_backends
    raise ImportError("".join(failed))
ImportError: 
Qwen2VLImageProcessor requires the Torchvision library but it was not found in your environment. Check out the instructions on the
installation page: https://pytorch.org/get-started/locally/ and follow the ones that match your environment.
Please note that you may need to restart your runtime after installation.

Qwen2VLImageProcessor requires the PIL library but it was not found in your environment. You can install it with pip:
`pip install pillow`. Please note that you may need to restart your runtime after installation.

[auto_v3] quantize failed (exit=1), entering agent fix loop

═══════ Agent fix attempt 1/10 for quantize ═══════

[auto_v3] quantize failed (exit=1), entering agent fix loop

═══════ Agent fix attempt 1/10 for quantize ═══════

[auto_v3] L1 taxonomy class: multimodal_unsupported (progress=layer -1)
[auto_v3] L1 taxonomy class: multimodal_unsupported (progress=layer -1)
[auto_v3] Loaded lessons for agent (let agent decide relevance)
[auto_v3] Loaded lessons for agent (let agent decide relevance)
[auto_v3] Calling openclaw agent (session=fix_quantize_869_1785135568, timeout=600s)...
[auto_v3]   Session file: /root/.openclaw/agents/main/sessions/fix_quantize_869_1785135568.jsonl
[auto_v3] Calling openclaw agent (session=fix_quantize_869_1785135568, timeout=600s)...
[auto_v3]   Session file: /root/.openclaw/agents/main/sessions/fix_quantize_869_1785135568.jsonl
Config was last written by a newer OpenClaw (2026.6.8); current version is 2026.3.24.
Config was last written by a newer OpenClaw (2026.6.8); current version is 2026.3.24.
Config was last written by a newer OpenClaw (2026.6.8); current version is 2026.3.24.
Config was last written by a newer OpenClaw (2026.6.8); current version is 2026.3.24.
Config was last written by a newer OpenClaw (2026.6.8); current version is 2026.3.24.
Config was last written by a newer OpenClaw (2026.6.8); current version is 2026.3.24.
Config was last written by a newer OpenClaw (2026.6.8); current version is 2026.3.24.
Config was last written by a newer OpenClaw (2026.6.8); current version is 2026.3.24.
Config was last written by a newer OpenClaw (2026.6.8); current version is 2026.3.24.
Config was last written by a newer OpenClaw (2026.6.8); current version is 2026.3.24.
Config was last written by a newer OpenClaw (2026.6.8); current version is 2026.3.24.
Config was last written by a newer OpenClaw (2026.6.8); current version is 2026.3.24.
Config was last written by a newer OpenClaw (2026.6.8); current version is 2026.3.24.
Config was last written by a newer OpenClaw (2026.6.8); current version is 2026.3.24.
Config was last written by a newer OpenClaw (2026.6.8); current version is 2026.3.24.
Config was last written by a newer OpenClaw (2026.6.8); current version is 2026.3.24.
Config was last written by a newer OpenClaw (2026.6.8); current version is 2026.3.24.
Config was last written by a newer OpenClaw (2026.6.8); current version is 2026.3.24.
Config was last written by a newer OpenClaw (2026.6.8); current version is 2026.3.24.
Config was last written by a newer OpenClaw (2026.6.8); current version is 2026.3.24.
Config was last written by a newer OpenClaw (2026.6.8); current version is 2026.3.24.
Config was last written by a newer OpenClaw (2026.6.8); current version is 2026.3.24.
Config was last written by a newer OpenClaw (2026.6.8); current version is 2026.3.24.
Config was last written by a newer OpenClaw (2026.6.8); current version is 2026.3.24.
Config was last written by a newer OpenClaw (2026.6.8); current version is 2026.3.24.
Config was last written by a newer OpenClaw (2026.6.8); current version is 2026.3.24.
Config was last written by a newer OpenClaw (2026.6.8); current version is 2026.3.24.
Config was last written by a newer OpenClaw (2026.6.8); current version is 2026.3.24.
Config was last written by a newer OpenClaw (2026.6.8); current version is 2026.3.24.
Config was last written by a newer OpenClaw (2026.6.8); current version is 2026.3.24.
Config was last written by a newer OpenClaw (2026.6.8); current version is 2026.3.24.
Config was last written by a newer OpenClaw (2026.6.8); current version is 2026.3.24.
Config was last written by a newer OpenClaw (2026.6.8); current version is 2026.3.24.
Config was last written by a newer OpenClaw (2026.6.8); current version is 2026.3.24.
Config was last written by a newer OpenClaw (2026.6.8); current version is 2026.3.24.
Config was last written by a newer OpenClaw (2026.6.8); current version is 2026.3.24.
Config was last written by a newer OpenClaw (2026.6.8); current version is 2026.3.24.
Config was last written by a newer OpenClaw (2026.6.8); current version is 2026.3.24.
Config was last written by a newer OpenClaw (2026.6.8); current version is 2026.3.24.
Config was last written by a newer OpenClaw (2026.6.8); current version is 2026.3.24.
Config was last written by a newer OpenClaw (2026.6.8); current version is 2026.3.24.
Config was last written by a newer OpenClaw (2026.6.8); current version is 2026.3.24.
Config was last written by a newer OpenClaw (2026.6.8); current version is 2026.3.24.
Config was last written by a newer OpenClaw (2026.6.8); current version is 2026.3.24.
Config was last written by a newer OpenClaw (2026.6.8); current version is 2026.3.24.
Config was last written by a newer OpenClaw (2026.6.8); current version is 2026.3.24.
Config was last written by a newer OpenClaw (2026.6.8); current version is 2026.3.24.
Config was last written by a newer OpenClaw (2026.6.8); current version is 2026.3.24.
Config was last written by a newer OpenClaw (2026.6.8); current version is 2026.3.24.
Config was last written by a newer OpenClaw (2026.6.8); current version is 2026.3.24.
Config was last written by a newer OpenClaw (2026.6.8); current version is 2026.3.24.
Config was last written by a newer OpenClaw (2026.6.8); current version is 2026.3.24.
Config was last written by a newer OpenClaw (2026.6.8); current version is 2026.3.24.
Config was last written by a newer OpenClaw (2026.6.8); current version is 2026.3.24.
Config was last written by a newer OpenClaw (2026.6.8); current version is 2026.3.24.
Config was last written by a newer OpenClaw (2026.6.8); current version is 2026.3.24.
Config was last written by a newer OpenClaw (2026.6.8); current version is 2026.3.24.
Config was last written by a newer OpenClaw (2026.6.8); current version is 2026.3.24.
Config was last written by a newer OpenClaw (2026.6.8); current version is 2026.3.24.
Config was last written by a newer OpenClaw (2026.6.8); current version is 2026.3.24.
Config was last written by a newer OpenClaw (2026.6.8); current version is 2026.3.24.
Config was last written by a newer OpenClaw (2026.6.8); current version is 2026.3.24.
Config was last written by a newer OpenClaw (2026.6.8); current version is 2026.3.24.
Config was last written by a newer OpenClaw (2026.6.8); current version is 2026.3.24.
Config was last written by a newer OpenClaw (2026.6.8); current version is 2026.3.24.
Config was last written by a newer OpenClaw (2026.6.8); current version is 2026.3.24.
Config was last written by a newer OpenClaw (2026.6.8); current version is 2026.3.24.
Config was last written by a newer OpenClaw (2026.6.8); current version is 2026.3.24.
Config was last written by a newer OpenClaw (2026.6.8); current version is 2026.3.24.
Config was last written by a newer OpenClaw (2026.6.8); current version is 2026.3.24.
Config was last written by a newer OpenClaw (2026.6.8); current version is 2026.3.24.
Config was last written by a newer OpenClaw (2026.6.8); current version is 2026.3.24.
Config was last written by a newer OpenClaw (2026.6.8); current version is 2026.3.24.
Config was last written by a newer OpenClaw (2026.6.8); current version is 2026.3.24.
Config was last written by a newer OpenClaw (2026.6.8); current version is 2026.3.24.
Config was last written by a newer OpenClaw (2026.6.8); current version is 2026.3.24.
Config was last written by a newer OpenClaw (2026.6.8); current version is 2026.3.24.
Config was last written by a newer OpenClaw (2026.6.8); current version is 2026.3.24.
Config was last written by a newer OpenClaw (2026.6.8); current version is 2026.3.24.
Config was last written by a newer OpenClaw (2026.6.8); current version is 2026.3.24.
Config was last written by a newer OpenClaw (2026.6.8); current version is 2026.3.24.
Config was last written by a newer OpenClaw (2026.6.8); current version is 2026.3.24.
Config was last written by a newer OpenClaw (2026.6.8); current version is 2026.3.24.
Config was last written by a newer OpenClaw (2026.6.8); current version is 2026.3.24.
Config was last written by a newer OpenClaw (2026.6.8); current version is 2026.3.24.
Config was last written by a newer OpenClaw (2026.6.8); current version is 2026.3.24.
Config was last written by a newer OpenClaw (2026.6.8); current version is 2026.3.24.
Config was last written by a newer OpenClaw (2026.6.8); current version is 2026.3.24.
Config was last written by a newer OpenClaw (2026.6.8); current version is 2026.3.24.
Config was last written by a newer OpenClaw (2026.6.8); current version is 2026.3.24.
Config was last written by a newer OpenClaw (2026.6.8); current version is 2026.3.24.
Config was last written by a newer OpenClaw (2026.6.8); current version is 2026.3.24.
Config was last written by a newer OpenClaw (2026.6.8); current version is 2026.3.24.
Config was last written by a newer OpenClaw (2026.6.8); current version is 2026.3.24.
Config was last written by a newer OpenClaw (2026.6.8); current version is 2026.3.24.
Config was last written by a newer OpenClaw (2026.6.8); current version is 2026.3.24.
Config was last written by a newer OpenClaw (2026.6.8); current version is 2026.3.24.
Config was last written by a newer OpenClaw (2026.6.8); current version is 2026.3.24.
Config was last written by a newer OpenClaw (2026.6.8); current version is 2026.3.24.
Config was last written by a newer OpenClaw (2026.6.8); current version is 2026.3.24.
Config was last written by a newer OpenClaw (2026.6.8); current version is 2026.3.24.
Config was last written by a newer OpenClaw (2026.6.8); current version is 2026.3.24.
Config was last written by a newer OpenClaw (2026.6.8); current version is 2026.3.24.
Config was last written by a newer OpenClaw (2026.6.8); current version is 2026.3.24.
Config was last written by a newer OpenClaw (2026.6.8); current version is 2026.3.24.
Config was last written by a newer OpenClaw (2026.6.8); current version is 2026.3.24.
Config was last written by a newer OpenClaw (2026.6.8); current version is 2026.3.24.
Config was last written by a newer OpenClaw (2026.6.8); current version is 2026.3.24.
Config was last written by a newer OpenClaw (2026.6.8); current version is 2026.3.24.
Config was last written by a newer OpenClaw (2026.6.8); current version is 2026.3.24.
Config was last written by a newer OpenClaw (2026.6.8); current version is 2026.3.24.
Config was last written by a newer OpenClaw (2026.6.8); current version is 2026.3.24.
Config was last written by a newer OpenClaw (2026.6.8); current version is 2026.3.24.
Config was last written by a newer OpenClaw (2026.6.8); current version is 2026.3.24.
Config was last written by a newer OpenClaw (2026.6.8); current version is 2026.3.24.
Config was last written by a newer OpenClaw (2026.6.8); current version is 2026.3.24.
Config was last written by a newer OpenClaw (2026.6.8); current version is 2026.3.24.
Config was last written by a newer OpenClaw (2026.6.8); current version is 2026.3.24.
Config was last written by a newer OpenClaw (2026.6.8); current version is 2026.3.24.
Config was last written by a newer OpenClaw (2026.6.8); current version is 2026.3.24.
Config was last written by a newer OpenClaw (2026.6.8); current version is 2026.3.24.
Config was last written by a newer OpenClaw (2026.6.8); current version is 2026.3.24.
Config was last written by a newer OpenClaw (2026.6.8); current version is 2026.3.24.
Config was last written by a newer OpenClaw (2026.6.8); current version is 2026.3.24.
Config was last written by a newer OpenClaw (2026.6.8); current version is 2026.3.24.
Config was last written by a newer OpenClaw (2026.6.8); current version is 2026.3.24.
Config was last written by a newer OpenClaw (2026.6.8); current version is 2026.3.24.
Config was last written by a newer OpenClaw (2026.6.8); current version is 2026.3.24.
Config was last written by a newer OpenClaw (2026.6.8); current version is 2026.3.24.
Config was last written by a newer OpenClaw (2026.6.8); current version is 2026.3.24.
Config was last written by a newer OpenClaw (2026.6.8); current version is 2026.3.24.
Config was last written by a newer OpenClaw (2026.6.8); current version is 2026.3.24.
Config was last written by a newer OpenClaw (2026.6.8); current version is 2026.3.24.
Config was last written by a newer OpenClaw (2026.6.8); current version is 2026.3.24.
Config was last written by a newer OpenClaw (2026.6.8); current version is 2026.3.24.
Config was last written by a newer OpenClaw (2026.6.8); current version is 2026.3.24.
Config was last written by a newer OpenClaw (2026.6.8); current version is 2026.3.24.
Config was last written by a newer OpenClaw (2026.6.8); current version is 2026.3.24.
Config was last written by a newer OpenClaw (2026.6.8); current version is 2026.3.24.
Config was last written by a newer OpenClaw (2026.6.8); current version is 2026.3.24.
Config was last written by a newer OpenClaw (2026.6.8); current version is 2026.3.24.
Config was last written by a newer OpenClaw (2026.6.8); current version is 2026.3.24.
Config was last written by a newer OpenClaw (2026.6.8); current version is 2026.3.24.
Config was last written by a newer OpenClaw (2026.6.8); current version is 2026.3.24.
Config was last written by a newer OpenClaw (2026.6.8); current version is 2026.3.24.
Config was last written by a newer OpenClaw (2026.6.8); current version is 2026.3.24.
Config was last written by a newer OpenClaw (2026.6.8); current version is 2026.3.24.
Config was last written by a newer OpenClaw (2026.6.8); current version is 2026.3.24.
Config was last written by a newer OpenClaw (2026.6.8); current version is 2026.3.24.
Config was last written by a newer OpenClaw (2026.6.8); current version is 2026.3.24.
Config was last written by a newer OpenClaw (2026.6.8); current version is 2026.3.24.
Config was last written by a newer OpenClaw (2026.6.8); current version is 2026.3.24.
Config was last written by a newer OpenClaw (2026.6.8); current version is 2026.3.24.
Config was last written by a newer OpenClaw (2026.6.8); current version is 2026.3.24.
Config was last written by a newer OpenClaw (2026.6.8); current version is 2026.3.24.
Config was last written by a newer OpenClaw (2026.6.8); current version is 2026.3.24.
Config was last written by a newer OpenClaw (2026.6.8); current version is 2026.3.24.
Config was last written by a newer OpenClaw (2026.6.8); current version is 2026.3.24.
Config was last written by a newer OpenClaw (2026.6.8); current version is 2026.3.24.
Config was last written by a newer OpenClaw (2026.6.8); current version is 2026.3.24.
Config was last written by a newer OpenClaw (2026.6.8); current version is 2026.3.24.
Config was last written by a newer OpenClaw (2026.6.8); current version is 2026.3.24.
Config was last written by a newer OpenClaw (2026.6.8); current version is 2026.3.24.
Config was last written by a newer OpenClaw (2026.6.8); current version is 2026.3.24.
Config was last written by a newer OpenClaw (2026.6.8); current version is 2026.3.24.
Config was last written by a newer OpenClaw (2026.6.8); current version is 2026.3.24.
Config was last written by a newer OpenClaw (2026.6.8); current version is 2026.3.24.
Config was last written by a newer OpenClaw (2026.6.8); current version is 2026.3.24.
Config was last written by a newer OpenClaw (2026.6.8); current version is 2026.3.24.
Config was last written by a newer OpenClaw (2026.6.8); current version is 2026.3.24.
Config was last written by a newer OpenClaw (2026.6.8); current version is 2026.3.24.
Config was last written by a newer OpenClaw (2026.6.8); current version is 2026.3.24.
Config was last written by a newer OpenClaw (2026.6.8); current version is 2026.3.24.
Config was last written by a newer OpenClaw (2026.6.8); current version is 2026.3.24.
Config was last written by a newer OpenClaw (2026.6.8); current version is 2026.3.24.
Config was last written by a newer OpenClaw (2026.6.8); current version is 2026.3.24.
Config was last written by a newer OpenClaw (2026.6.8); current version is 2026.3.24.
Config was last written by a newer OpenClaw (2026.6.8); current version is 2026.3.24.
Config was last written by a newer OpenClaw (2026.6.8); current version is 2026.3.24.
Config was last written by a newer OpenClaw (2026.6.8); current version is 2026.3.24.
Config was last written by a newer OpenClaw (2026.6.8); current version is 2026.3.24.
Config was last written by a newer OpenClaw (2026.6.8); current version is 2026.3.24.
Config was last written by a newer OpenClaw (2026.6.8); current version is 2026.3.24.
Config was last written by a newer OpenClaw (2026.6.8); current version is 2026.3.24.
Config was last written by a newer OpenClaw (2026.6.8); current version is 2026.3.24.
Config was last written by a newer OpenClaw (2026.6.8); current version is 2026.3.24.
Config was last written by a newer OpenClaw (2026.6.8); current version is 2026.3.24.
Config was last written by a newer OpenClaw (2026.6.8); current version is 2026.3.24.
Config was last written by a newer OpenClaw (2026.6.8); current version is 2026.3.24.
Config was last written by a newer OpenClaw (2026.6.8); current version is 2026.3.24.
Config was last written by a newer OpenClaw (2026.6.8); current version is 2026.3.24.
Config was last written by a newer OpenClaw (2026.6.8); current version is 2026.3.24.
Config was last written by a newer OpenClaw (2026.6.8); current version is 2026.3.24.
Config was last written by a newer OpenClaw (2026.6.8); current version is 2026.3.24.
Config was last written by a newer OpenClaw (2026.6.8); current version is 2026.3.24.
Config was last written by a newer OpenClaw (2026.6.8); current version is 2026.3.24.
Config was last written by a newer OpenClaw (2026.6.8); current version is 2026.3.24.
Config was last written by a newer OpenClaw (2026.6.8); current version is 2026.3.24.
Config was last written by a newer OpenClaw (2026.6.8); current version is 2026.3.24.
Config was last written by a newer OpenClaw (2026.6.8); current version is 2026.3.24.
Config was last written by a newer OpenClaw (2026.6.8); current version is 2026.3.24.
Config was last written by a newer OpenClaw (2026.6.8); current version is 2026.3.24.
Config was last written by a newer OpenClaw (2026.6.8); current version is 2026.3.24.
Config was last written by a newer OpenClaw (2026.6.8); current version is 2026.3.24.
Config was last written by a newer OpenClaw (2026.6.8); current version is 2026.3.24.
Config was last written by a newer OpenClaw (2026.6.8); current version is 2026.3.24.
Config was last written by a newer OpenClaw (2026.6.8); current version is 2026.3.24.
Config was last written by a newer OpenClaw (2026.6.8); current version is 2026.3.24.
Config was last written by a newer OpenClaw (2026.6.8); current version is 2026.3.24.
Config was last written by a newer OpenClaw (2026.6.8); current version is 2026.3.24.
Config was last written by a newer OpenClaw (2026.6.8); current version is 2026.3.24.
Config was last written by a newer OpenClaw (2026.6.8); current version is 2026.3.24.
Config was last written by a newer OpenClaw (2026.6.8); current version is 2026.3.24.
Config was last written by a newer OpenClaw (2026.6.8); current version is 2026.3.24.
Config was last written by a newer OpenClaw (2026.6.8); current version is 2026.3.24.
Config was last written by a newer OpenClaw (2026.6.8); current version is 2026.3.24.
Config was last written by a newer OpenClaw (2026.6.8); current version is 2026.3.24.
Config was last written by a newer OpenClaw (2026.6.8); current version is 2026.3.24.
Config was last written by a newer OpenClaw (2026.6.8); current version is 2026.3.24.
Config was last written by a newer OpenClaw (2026.6.8); current version is 2026.3.24.
Config was last written by a newer OpenClaw (2026.6.8); current version is 2026.3.24.
Config was last written by a newer OpenClaw (2026.6.8); current version is 2026.3.24.
Config was last written by a newer OpenClaw (2026.6.8); current version is 2026.3.24.
Config was last written by a newer OpenClaw (2026.6.8); current version is 2026.3.24.
Config was last written by a newer OpenClaw (2026.6.8); current version is 2026.3.24.
Config was last written by a newer OpenClaw (2026.6.8); current version is 2026.3.24.
Config was last written by a newer OpenClaw (2026.6.8); current version is 2026.3.24.
Config was last written by a newer OpenClaw (2026.6.8); current version is 2026.3.24.
Config was last written by a newer OpenClaw (2026.6.8); current version is 2026.3.24.
Config was last written by a newer OpenClaw (2026.6.8); current version is 2026.3.24.
Config was last written by a newer OpenClaw (2026.6.8); current version is 2026.3.24.
Config was last written by a newer OpenClaw (2026.6.8); current version is 2026.3.24.
Config was last written by a newer OpenClaw (2026.6.8); current version is 2026.3.24.
Config was last written by a newer OpenClaw (2026.6.8); current version is 2026.3.24.
Config was last written by a newer OpenClaw (2026.6.8); current version is 2026.3.24.
Config was last written by a newer OpenClaw (2026.6.8); current version is 2026.3.24.
Config was last written by a newer OpenClaw (2026.6.8); current version is 2026.3.24.
Config was last written by a newer OpenClaw (2026.6.8); current version is 2026.3.24.
Config was last written by a newer OpenClaw (2026.6.8); current version is 2026.3.24.
Config was last written by a newer OpenClaw (2026.6.8); current version is 2026.3.24.
Config was last written by a newer OpenClaw (2026.6.8); current version is 2026.3.24.
Config was last written by a newer OpenClaw (2026.6.8); current version is 2026.3.24.
Config was last written by a newer OpenClaw (2026.6.8); current version is 2026.3.24.
Config was last written by a newer OpenClaw (2026.6.8); current version is 2026.3.24.
Config was last written by a newer OpenClaw (2026.6.8); current version is 2026.3.24.
Config was last written by a newer OpenClaw (2026.6.8); current version is 2026.3.24.
Config was last written by a newer OpenClaw (2026.6.8); current version is 2026.3.24.
Config was last written by a newer OpenClaw (2026.6.8); current version is 2026.3.24.
Config was last written by a newer OpenClaw (2026.6.8); current version is 2026.3.24.
Config was last written by a newer OpenClaw (2026.6.8); current version is 2026.3.24.
Config was last written by a newer OpenClaw (2026.6.8); current version is 2026.3.24.
Config was last written by a newer OpenClaw (2026.6.8); current version is 2026.3.24.
Config was last written by a newer OpenClaw (2026.6.8); current version is 2026.3.24.
Config was last written by a newer OpenClaw (2026.6.8); current version is 2026.3.24.
Config was last written by a newer OpenClaw (2026.6.8); current version is 2026.3.24.
Config was last written by a newer OpenClaw (2026.6.8); current version is 2026.3.24.
Config was last written by a newer OpenClaw (2026.6.8); current version is 2026.3.24.
Config was last written by a newer OpenClaw (2026.6.8); current version is 2026.3.24.
Config was last written by a newer OpenClaw (2026.6.8); current version is 2026.3.24.
Config was last written by a newer OpenClaw (2026.6.8); current version is 2026.3.24.
Config was last written by a newer OpenClaw (2026.6.8); current version is 2026.3.24.
Config was last written by a newer OpenClaw (2026.6.8); current version is 2026.3.24.
Config was last written by a newer OpenClaw (2026.6.8); current version is 2026.3.24.
Config was last written by a newer OpenClaw (2026.6.8); current version is 2026.3.24.
Config was last written by a newer OpenClaw (2026.6.8); current version is 2026.3.24.
Config was last written by a newer OpenClaw (2026.6.8); current version is 2026.3.24.
Config was last written by a newer OpenClaw (2026.6.8); current version is 2026.3.24.
Config was last written by a newer OpenClaw (2026.6.8); current version is 2026.3.24.
Config was last written by a newer OpenClaw (2026.6.8); current version is 2026.3.24.
Config was last written by a newer OpenClaw (2026.6.8); current version is 2026.3.24.
Config was last written by a newer OpenClaw (2026.6.8); current version is 2026.3.24.
Config was last written by a newer OpenClaw (2026.6.8); current version is 2026.3.24.
Config was last written by a newer OpenClaw (2026.6.8); current version is 2026.3.24.
Config was last written by a newer OpenClaw (2026.6.8); current version is 2026.3.24.
Config was last written by a newer OpenClaw (2026.6.8); current version is 2026.3.24.
Config was last written by a newer OpenClaw (2026.6.8); current version is 2026.3.24.
Config was last written by a newer OpenClaw (2026.6.8); current version is 2026.3.24.
Config was last written by a newer OpenClaw (2026.6.8); current version is 2026.3.24.
Config was last written by a newer OpenClaw (2026.6.8); current version is 2026.3.24.
Config was last written by a newer OpenClaw (2026.6.8); current version is 2026.3.24.
Config was last written by a newer OpenClaw (2026.6.8); current version is 2026.3.24.
Config was last written by a newer OpenClaw (2026.6.8); current version is 2026.3.24.
Config was last written by a newer OpenClaw (2026.6.8); current version is 2026.3.24.
Config was last written by a newer OpenClaw (2026.6.8); current version is 2026.3.24.
Config was last written by a newer OpenClaw (2026.6.8); current version is 2026.3.24.
Config was last written by a newer OpenClaw (2026.6.8); current version is 2026.3.24.
Config was last written by a newer OpenClaw (2026.6.8); current version is 2026.3.24.
Config was last written by a newer OpenClaw (2026.6.8); current version is 2026.3.24.
Config was last written by a newer OpenClaw (2026.6.8); current version is 2026.3.24.
Config was last written by a newer OpenClaw (2026.6.8); current version is 2026.3.24.
Config was last written by a newer OpenClaw (2026.6.8); current version is 2026.3.24.
Config was last written by a newer OpenClaw (2026.6.8); current version is 2026.3.24.
Config was last written by a newer OpenClaw (2026.6.8); current version is 2026.3.24.
Config was last written by a newer OpenClaw (2026.6.8); current version is 2026.3.24.
Config was last written by a newer OpenClaw (2026.6.8); current version is 2026.3.24.
Config was last written by a newer OpenClaw (2026.6.8); current version is 2026.3.24.
Config was last written by a newer OpenClaw (2026.6.8); current version is 2026.3.24.
Config was last written by a newer OpenClaw (2026.6.8); current version is 2026.3.24.
Config was last written by a newer OpenClaw (2026.6.8); current version is 2026.3.24.
Config was last written by a newer OpenClaw (2026.6.8); current version is 2026.3.24.
Config was last written by a newer OpenClaw (2026.6.8); current version is 2026.3.24.
Config was last written by a newer OpenClaw (2026.6.8); current version is 2026.3.24.
Config was last written by a newer OpenClaw (2026.6.8); current version is 2026.3.24.
Config was last written by a newer OpenClaw (2026.6.8); current version is 2026.3.24.
Config was last written by a newer OpenClaw (2026.6.8); current version is 2026.3.24.
Config was last written by a newer OpenClaw (2026.6.8); current version is 2026.3.24.
Config was last written by a newer OpenClaw (2026.6.8); current version is 2026.3.24.
Config was last written by a newer OpenClaw (2026.6.8); current version is 2026.3.24.
Config was last written by a newer OpenClaw (2026.6.8); current version is 2026.3.24.
Config was last written by a newer OpenClaw (2026.6.8); current version is 2026.3.24.
Config was last written by a newer OpenClaw (2026.6.8); current version is 2026.3.24.
Config was last written by a newer OpenClaw (2026.6.8); current version is 2026.3.24.
Config was last written by a newer OpenClaw (2026.6.8); current version is 2026.3.24.
Config was last written by a newer OpenClaw (2026.6.8); current version is 2026.3.24.
Config was last written by a newer OpenClaw (2026.6.8); current version is 2026.3.24.
Config was last written by a newer OpenClaw (2026.6.8); current version is 2026.3.24.
Config was last written by a newer OpenClaw (2026.6.8); current version is 2026.3.24.
Config was last written by a newer OpenClaw (2026.6.8); current version is 2026.3.24.
Config was last written by a newer OpenClaw (2026.6.8); current version is 2026.3.24.
Config was last written by a newer OpenClaw (2026.6.8); current version is 2026.3.24.
Config was last written by a newer OpenClaw (2026.6.8); current version is 2026.3.24.
Config was last written by a newer OpenClaw (2026.6.8); current version is 2026.3.24.
Config was last written by a newer OpenClaw (2026.6.8); current version is 2026.3.24.
Config was last written by a newer OpenClaw (2026.6.8); current version is 2026.3.24.
Config was last written by a newer OpenClaw (2026.6.8); current version is 2026.3.24.
Config was last written by a newer OpenClaw (2026.6.8); current version is 2026.3.24.
Config was last written by a newer OpenClaw (2026.6.8); current version is 2026.3.24.
Config was last written by a newer OpenClaw (2026.6.8); current version is 2026.3.24.
Config was last written by a newer OpenClaw (2026.6.8); current version is 2026.3.24.
Config was last written by a newer OpenClaw (2026.6.8); current version is 2026.3.24.
Config was last written by a newer OpenClaw (2026.6.8); current version is 2026.3.24.
Config was last written by a newer OpenClaw (2026.6.8); current version is 2026.3.24.
Config was last written by a newer OpenClaw (2026.6.8); current version is 2026.3.24.
Config was last written by a newer OpenClaw (2026.6.8); current version is 2026.3.24.
Config was last written by a newer OpenClaw (2026.6.8); current version is 2026.3.24.
Config was last written by a newer OpenClaw (2026.6.8); current version is 2026.3.24.
Config was last written by a newer OpenClaw (2026.6.8); current version is 2026.3.24.
Config was last written by a newer OpenClaw (2026.6.8); current version is 2026.3.24.
Config was last written by a newer OpenClaw (2026.6.8); current version is 2026.3.24.
Config was last written by a newer OpenClaw (2026.6.8); current version is 2026.3.24.
Config was last written by a newer OpenClaw (2026.6.8); current version is 2026.3.24.
Config was last written by a newer OpenClaw (2026.6.8); current version is 2026.3.24.
Config was last written by a newer OpenClaw (2026.6.8); current version is 2026.3.24.
Config was last written by a newer OpenClaw (2026.6.8); current version is 2026.3.24.
Config was last written by a newer OpenClaw (2026.6.8); current version is 2026.3.24.
Config was last written by a newer OpenClaw (2026.6.8); current version is 2026.3.24.
Config was last written by a newer OpenClaw (2026.6.8); current version is 2026.3.24.
Config was last written by a newer OpenClaw (2026.6.8); current version is 2026.3.24.
Config was last written by a newer OpenClaw (2026.6.8); current version is 2026.3.24.
Config was last written by a newer OpenClaw (2026.6.8); current version is 2026.3.24.
Config was last written by a newer OpenClaw (2026.6.8); current version is 2026.3.24.
Config was last written by a newer OpenClaw (2026.6.8); current version is 2026.3.24.
Config was last written by a newer OpenClaw (2026.6.8); current version is 2026.3.24.
Config was last written by a newer OpenClaw (2026.6.8); current version is 2026.3.24.
Config was last written by a newer OpenClaw (2026.6.8); current version is 2026.3.24.
Config was last written by a newer OpenClaw (2026.6.8); current version is 2026.3.24.
Config was last written by a newer OpenClaw (2026.6.8); current version is 2026.3.24.
Config was last written by a newer OpenClaw (2026.6.8); current version is 2026.3.24.
Config was last written by a newer OpenClaw (2026.6.8); current version is 2026.3.24.
Config was last written by a newer OpenClaw (2026.6.8); current version is 2026.3.24.
Config was last written by a newer OpenClaw (2026.6.8); current version is 2026.3.24.
Config was last written by a newer OpenClaw (2026.6.8); current version is 2026.3.24.
Config was last written by a newer OpenClaw (2026.6.8); current version is 2026.3.24.
Config was last written by a newer OpenClaw (2026.6.8); current version is 2026.3.24.
Config was last written by a newer OpenClaw (2026.6.8); current version is 2026.3.24.
Config was last written by a newer OpenClaw (2026.6.8); current version is 2026.3.24.
Config was last written by a newer OpenClaw (2026.6.8); current version is 2026.3.24.
Config was last written by a newer OpenClaw (2026.6.8); current version is 2026.3.24.
Config was last written by a newer OpenClaw (2026.6.8); current version is 2026.3.24.
Config was last written by a newer OpenClaw (2026.6.8); current version is 2026.3.24.
Config was last written by a newer OpenClaw (2026.6.8); current version is 2026.3.24.
Config was last written by a newer OpenClaw (2026.6.8); current version is 2026.3.24.
Config was last written by a newer OpenClaw (2026.6.8); current version is 2026.3.24.
Config was last written by a newer OpenClaw (2026.6.8); current version is 2026.3.24.
Config was last written by a newer OpenClaw (2026.6.8); current version is 2026.3.24.
Config was last written by a newer OpenClaw (2026.6.8); current version is 2026.3.24.
Config was last written by a newer OpenClaw (2026.6.8); current version is 2026.3.24.
Config was last written by a newer OpenClaw (2026.6.8); current version is 2026.3.24.
Config was last written by a newer OpenClaw (2026.6.8); current version is 2026.3.24.
Config was last written by a newer OpenClaw (2026.6.8); current version is 2026.3.24.
Config was last written by a newer OpenClaw (2026.6.8); current version is 2026.3.24.
Config was last written by a newer OpenClaw (2026.6.8); current version is 2026.3.24.
Config was last written by a newer OpenClaw (2026.6.8); current version is 2026.3.24.
Config was last written by a newer OpenClaw (2026.6.8); current version is 2026.3.24.
Config was last written by a newer OpenClaw (2026.6.8); current version is 2026.3.24.
Config was last written by a newer OpenClaw (2026.6.8); current version is 2026.3.24.
Config was last written by a newer OpenClaw (2026.6.8); current version is 2026.3.24.
Config was last written by a newer OpenClaw (2026.6.8); current version is 2026.3.24.
Config was last written by a newer OpenClaw (2026.6.8); current version is 2026.3.24.
Config was last written by a newer OpenClaw (2026.6.8); current version is 2026.3.24.
Config was last written by a newer OpenClaw (2026.6.8); current version is 2026.3.24.
Config was last written by a newer OpenClaw (2026.6.8); current version is 2026.3.24.
Config was last written by a newer OpenClaw (2026.6.8); current version is 2026.3.24.
Config was last written by a newer OpenClaw (2026.6.8); current version is 2026.3.24.
Config was last written by a newer OpenClaw (2026.6.8); current version is 2026.3.24.
Config was last written by a newer OpenClaw (2026.6.8); current version is 2026.3.24.
Config was last written by a newer OpenClaw (2026.6.8); current version is 2026.3.24.
Config was last written by a newer OpenClaw (2026.6.8); current version is 2026.3.24.
Config was last written by a newer OpenClaw (2026.6.8); current version is 2026.3.24.
Config was last written by a newer OpenClaw (2026.6.8); current version is 2026.3.24.
Config was last written by a newer OpenClaw (2026.6.8); current version is 2026.3.24.
Config was last written by a newer OpenClaw (2026.6.8); current version is 2026.3.24.
Config was last written by a newer OpenClaw (2026.6.8); current version is 2026.3.24.
Config was last written by a newer OpenClaw (2026.6.8); current version is 2026.3.24.
Config was last written by a newer OpenClaw (2026.6.8); current version is 2026.3.24.
Config was last written by a newer OpenClaw (2026.6.8); current version is 2026.3.24.
Config was last written by a newer OpenClaw (2026.6.8); current version is 2026.3.24.
Config was last written by a newer OpenClaw (2026.6.8); current version is 2026.3.24.
Config was last written by a newer OpenClaw (2026.6.8); current version is 2026.3.24.
Config was last written by a newer OpenClaw (2026.6.8); current version is 2026.3.24.
Config was last written by a newer OpenClaw (2026.6.8); current version is 2026.3.24.
Config was last written by a newer OpenClaw (2026.6.8); current version is 2026.3.24.
Config was last written by a newer OpenClaw (2026.6.8); current version is 2026.3.24.
Config was last written by a newer OpenClaw (2026.6.8); current version is 2026.3.24.
Config was last written by a newer OpenClaw (2026.6.8); current version is 2026.3.24.
Config was last written by a newer OpenClaw (2026.6.8); current version is 2026.3.24.
Config was last written by a newer OpenClaw (2026.6.8); current version is 2026.3.24.
Config was last written by a newer OpenClaw (2026.6.8); current version is 2026.3.24.
Config was last written by a newer OpenClaw (2026.6.8); current version is 2026.3.24.
Config was last written by a newer OpenClaw (2026.6.8); current version is 2026.3.24.
Config was last written by a newer OpenClaw (2026.6.8); current version is 2026.3.24.
Config was last written by a newer OpenClaw (2026.6.8); current version is 2026.3.24.
Config was last written by a newer OpenClaw (2026.6.8); current version is 2026.3.24.
Config was last written by a newer OpenClaw (2026.6.8); current version is 2026.3.24.
Config was last written by a newer OpenClaw (2026.6.8); current version is 2026.3.24.
Config was last written by a newer OpenClaw (2026.6.8); current version is 2026.3.24.
Config was last written by a newer OpenClaw (2026.6.8); current version is 2026.3.24.
Config was last written by a newer OpenClaw (2026.6.8); current version is 2026.3.24.
Config was last written by a newer OpenClaw (2026.6.8); current version is 2026.3.24.
Config was last written by a newer OpenClaw (2026.6.8); current version is 2026.3.24.
Config was last written by a newer OpenClaw (2026.6.8); current version is 2026.3.24.
Config was last written by a newer OpenClaw (2026.6.8); current version is 2026.3.24.
Config was last written by a newer OpenClaw (2026.6.8); current version is 2026.3.24.
Config was last written by a newer OpenClaw (2026.6.8); current version is 2026.3.24.
Config was last written by a newer OpenClaw (2026.6.8); current version is 2026.3.24.
Config was last written by a newer OpenClaw (2026.6.8); current version is 2026.3.24.
Config was last written by a newer OpenClaw (2026.6.8); current version is 2026.3.24.
Config was last written by a newer OpenClaw (2026.6.8); current version is 2026.3.24.
Config was last written by a newer OpenClaw (2026.6.8); current version is 2026.3.24.
Config was last written by a newer OpenClaw (2026.6.8); current version is 2026.3.24.
Config was last written by a newer OpenClaw (2026.6.8); current version is 2026.3.24.
Config was last written by a newer OpenClaw (2026.6.8); current version is 2026.3.24.
Config was last written by a newer OpenClaw (2026.6.8); current version is 2026.3.24.
Config was last written by a newer OpenClaw (2026.6.8); current version is 2026.3.24.
Config was last written by a newer OpenClaw (2026.6.8); current version is 2026.3.24.
Config was last written by a newer OpenClaw (2026.6.8); current version is 2026.3.24.
Config was last written by a newer OpenClaw (2026.6.8); current version is 2026.3.24.
Config was last written by a newer OpenClaw (2026.6.8); current version is 2026.3.24.
Config was last written by a newer OpenClaw (2026.6.8); current version is 2026.3.24.
Config was last written by a newer OpenClaw (2026.6.8); current version is 2026.3.24.
Config was last written by a newer OpenClaw (2026.6.8); current version is 2026.3.24.
Config was last written by a newer OpenClaw (2026.6.8); current version is 2026.3.24.
Config was last written by a newer OpenClaw (2026.6.8); current version is 2026.3.24.
Config was last written by a newer OpenClaw (2026.6.8); current version is 2026.3.24.
Config was last written by a newer OpenClaw (2026.6.8); current version is 2026.3.24.
Config was last written by a newer OpenClaw (2026.6.8); current version is 2026.3.24.
Config was last written by a newer OpenClaw (2026.6.8); current version is 2026.3.24.
Config was last written by a newer OpenClaw (2026.6.8); current version is 2026.3.24.
Config was last written by a newer OpenClaw (2026.6.8); current version is 2026.3.24.
Config was last written by a newer OpenClaw (2026.6.8); current version is 2026.3.24.
Config was last written by a newer OpenClaw (2026.6.8); current version is 2026.3.24.
Config was last written by a newer OpenClaw (2026.6.8); current version is 2026.3.24.
Config was last written by a newer OpenClaw (2026.6.8); current version is 2026.3.24.
Config was last written by a newer OpenClaw (2026.6.8); current version is 2026.3.24.
Config was last written by a newer OpenClaw (2026.6.8); current version is 2026.3.24.
Config was last written by a newer OpenClaw (2026.6.8); current version is 2026.3.24.
Config was last written by a newer OpenClaw (2026.6.8); current version is 2026.3.24.
Config was last written by a newer OpenClaw (2026.6.8); current version is 2026.3.24.
Config was last written by a newer OpenClaw (2026.6.8); current version is 2026.3.24.
Config was last written by a newer OpenClaw (2026.6.8); current version is 2026.3.24.
Config was last written by a newer OpenClaw (2026.6.8); current version is 2026.3.24.
Config was last written by a newer OpenClaw (2026.6.8); current version is 2026.3.24.
Config was last written by a newer OpenClaw (2026.6.8); current version is 2026.3.24.
Config was last written by a newer OpenClaw (2026.6.8); current version is 2026.3.24.
Config was last written by a newer OpenClaw (2026.6.8); current version is 2026.3.24.
Config was last written by a newer OpenClaw (2026.6.8); current version is 2026.3.24.
Config was last written by a newer OpenClaw (2026.6.8); current version is 2026.3.24.
Config was last written by a newer OpenClaw (2026.6.8); current version is 2026.3.24.
Config was last written by a newer OpenClaw (2026.6.8); current version is 2026.3.24.
Config was last written by a newer OpenClaw (2026.6.8); current version is 2026.3.24.
Config was last written by a newer OpenClaw (2026.6.8); current version is 2026.3.24.
Config was last written by a newer OpenClaw (2026.6.8); current version is 2026.3.24.
Config was last written by a newer OpenClaw (2026.6.8); current version is 2026.3.24.
Config was last written by a newer OpenClaw (2026.6.8); current version is 2026.3.24.
Config was last written by a newer OpenClaw (2026.6.8); current version is 2026.3.24.
Config was last written by a newer OpenClaw (2026.6.8); current version is 2026.3.24.
Config was last written by a newer OpenClaw (2026.6.8); current version is 2026.3.24.
Config was last written by a newer OpenClaw (2026.6.8); current version is 2026.3.24.
Config was last written by a newer OpenClaw (2026.6.8); current version is 2026.3.24.
Config was last written by a newer OpenClaw (2026.6.8); current version is 2026.3.24.
Config was last written by a newer OpenClaw (2026.6.8); current version is 2026.3.24.
Config was last written by a newer OpenClaw (2026.6.8); current version is 2026.3.24.
Config was last written by a newer OpenClaw (2026.6.8); current version is 2026.3.24.
Config was last written by a newer OpenClaw (2026.6.8); current version is 2026.3.24.
Config was last written by a newer OpenClaw (2026.6.8); current version is 2026.3.24.
Config was last written by a newer OpenClaw (2026.6.8); current version is 2026.3.24.
Config was last written by a newer OpenClaw (2026.6.8); current version is 2026.3.24.
Config was last written by a newer OpenClaw (2026.6.8); current version is 2026.3.24.
Config was last written by a newer OpenClaw (2026.6.8); current version is 2026.3.24.
Config was last written by a newer OpenClaw (2026.6.8); current version is 2026.3.24.
Config was last written by a newer OpenClaw (2026.6.8); current version is 2026.3.24.
Config was last written by a newer OpenClaw (2026.6.8); current version is 2026.3.24.
Config was last written by a newer OpenClaw (2026.6.8); current version is 2026.3.24.
Config was last written by a newer OpenClaw (2026.6.8); current version is 2026.3.24.
Config was last written by a newer OpenClaw (2026.6.8); current version is 2026.3.24.
Config was last written by a newer OpenClaw (2026.6.8); current version is 2026.3.24.
Config was last written by a newer OpenClaw (2026.6.8); current version is 2026.3.24.
Config was last written by a newer OpenClaw (2026.6.8); current version is 2026.3.24.
Config was last written by a newer OpenClaw (2026.6.8); current version is 2026.3.24.
Config was last written by a newer OpenClaw (2026.6.8); current version is 2026.3.24.
Config was last written by a newer OpenClaw (2026.6.8); current version is 2026.3.24.
Config was last written by a newer OpenClaw (2026.6.8); current version is 2026.3.24.
Config was last written by a newer OpenClaw (2026.6.8); current version is 2026.3.24.
Config was last written by a newer OpenClaw (2026.6.8); current version is 2026.3.24.
Config was last written by a newer OpenClaw (2026.6.8); current version is 2026.3.24.
Config was last written by a newer OpenClaw (2026.6.8); current version is 2026.3.24.
Config was last written by a newer OpenClaw (2026.6.8); current version is 2026.3.24.
Config was last written by a newer OpenClaw (2026.6.8); current version is 2026.3.24.
Config was last written by a newer OpenClaw (2026.6.8); current version is 2026.3.24.
Config was last written by a newer OpenClaw (2026.6.8); current version is 2026.3.24.
Config was last written by a newer OpenClaw (2026.6.8); current version is 2026.3.24.
Config was last written by a newer OpenClaw (2026.6.8); current version is 2026.3.24.
Config was last written by a newer OpenClaw (2026.6.8); current version is 2026.3.24.
Config was last written by a newer OpenClaw (2026.6.8); current version is 2026.3.24.
Config was last written by a newer OpenClaw (2026.6.8); current version is 2026.3.24.
Config was last written by a newer OpenClaw (2026.6.8); current version is 2026.3.24.
Config was last written by a newer OpenClaw (2026.6.8); current version is 2026.3.24.
Config was last written by a newer OpenClaw (2026.6.8); current version is 2026.3.24.
Config was last written by a newer OpenClaw (2026.6.8); current version is 2026.3.24.
Config was last written by a newer OpenClaw (2026.6.8); current version is 2026.3.24.
Config was last written by a newer OpenClaw (2026.6.8); current version is 2026.3.24.
Config was last written by a newer OpenClaw (2026.6.8); current version is 2026.3.24.
Config was last written by a newer OpenClaw (2026.6.8); current version is 2026.3.24.
Config was last written by a newer OpenClaw (2026.6.8); current version is 2026.3.24.
Config was last written by a newer OpenClaw (2026.6.8); current version is 2026.3.24.
Config was last written by a newer OpenClaw (2026.6.8); current version is 2026.3.24.
Config was last written by a newer OpenClaw (2026.6.8); current version is 2026.3.24.
Config was last written by a newer OpenClaw (2026.6.8); current version is 2026.3.24.
Config was last written by a newer OpenClaw (2026.6.8); current version is 2026.3.24.
Config was last written by a newer OpenClaw (2026.6.8); current version is 2026.3.24.
Config was last written by a newer OpenClaw (2026.6.8); current version is 2026.3.24.
Config was last written by a newer OpenClaw (2026.6.8); current version is 2026.3.24.
Config was last written by a newer OpenClaw (2026.6.8); current version is 2026.3.24.
Config was last written by a newer OpenClaw (2026.6.8); current version is 2026.3.24.
Config was last written by a newer OpenClaw (2026.6.8); current version is 2026.3.24.
Config was last written by a newer OpenClaw (2026.6.8); current version is 2026.3.24.
Config was last written by a newer OpenClaw (2026.6.8); current version is 2026.3.24.
Config was last written by a newer OpenClaw (2026.6.8); current version is 2026.3.24.
Config was last written by a newer OpenClaw (2026.6.8); current version is 2026.3.24.
Config was last written by a newer OpenClaw (2026.6.8); current version is 2026.3.24.
Config was last written by a newer OpenClaw (2026.6.8); current version is 2026.3.24.
Config was last written by a newer OpenClaw (2026.6.8); current version is 2026.3.24.
Config was last written by a newer OpenClaw (2026.6.8); current version is 2026.3.24.
Config was last written by a newer OpenClaw (2026.6.8); current version is 2026.3.24.
Config was last written by a newer OpenClaw (2026.6.8); current version is 2026.3.24.
Config was last written by a newer OpenClaw (2026.6.8); current version is 2026.3.24.
Config was last written by a newer OpenClaw (2026.6.8); current version is 2026.3.24.
Config was last written by a newer OpenClaw (2026.6.8); current version is 2026.3.24.
Config was last written by a newer OpenClaw (2026.6.8); current version is 2026.3.24.
Config was last written by a newer OpenClaw (2026.6.8); current version is 2026.3.24.
Config was last written by a newer OpenClaw (2026.6.8); current version is 2026.3.24.
Config was last written by a newer OpenClaw (2026.6.8); current version is 2026.3.24.
Config was last written by a newer OpenClaw (2026.6.8); current version is 2026.3.24.
Config was last written by a newer OpenClaw (2026.6.8); current version is 2026.3.24.
Config was last written by a newer OpenClaw (2026.6.8); current version is 2026.3.24.
Config was last written by a newer OpenClaw (2026.6.8); current version is 2026.3.24.
Config was last written by a newer OpenClaw (2026.6.8); current version is 2026.3.24.
Config was last written by a newer OpenClaw (2026.6.8); current version is 2026.3.24.
Config was last written by a newer OpenClaw (2026.6.8); current version is 2026.3.24.
Config was last written by a newer OpenClaw (2026.6.8); current version is 2026.3.24.
Config was last written by a newer OpenClaw (2026.6.8); current version is 2026.3.24.
Config was last written by a newer OpenClaw (2026.6.8); current version is 2026.3.24.
Config was last written by a newer OpenClaw (2026.6.8); current version is 2026.3.24.
Config was last written by a newer OpenClaw (2026.6.8); current version is 2026.3.24.
Config was last written by a newer OpenClaw (2026.6.8); current version is 2026.3.24.
Config was last written by a newer OpenClaw (2026.6.8); current version is 2026.3.24.
Config was last written by a newer OpenClaw (2026.6.8); current version is 2026.3.24.
Config was last written by a newer OpenClaw (2026.6.8); current version is 2026.3.24.
Config was last written by a newer OpenClaw (2026.6.8); current version is 2026.3.24.
Config was last written by a newer OpenClaw (2026.6.8); current version is 2026.3.24.
Config was last written by a newer OpenClaw (2026.6.8); current version is 2026.3.24.
Config was last written by a newer OpenClaw (2026.6.8); current version is 2026.3.24.
Config was last written by a newer OpenClaw (2026.6.8); current version is 2026.3.24.
Config was last written by a newer OpenClaw (2026.6.8); current version is 2026.3.24.
Config was last written by a newer OpenClaw (2026.6.8); current version is 2026.3.24.
Config was last written by a newer OpenClaw (2026.6.8); current version is 2026.3.24.
Config was last written by a newer OpenClaw (2026.6.8); current version is 2026.3.24.
Config was last written by a newer OpenClaw (2026.6.8); current version is 2026.3.24.
Config was last written by a newer OpenClaw (2026.6.8); current version is 2026.3.24.
Config was last written by a newer OpenClaw (2026.6.8); current version is 2026.3.24.
Config was last written by a newer OpenClaw (2026.6.8); current version is 2026.3.24.
Config was last written by a newer OpenClaw (2026.6.8); current version is 2026.3.24.
Config was last written by a newer OpenClaw (2026.6.8); current version is 2026.3.24.
Config was last written by a newer OpenClaw (2026.6.8); current version is 2026.3.24.
Config was last written by a newer OpenClaw (2026.6.8); current version is 2026.3.24.
Config was last written by a newer OpenClaw (2026.6.8); current version is 2026.3.24.
Config was last written by a newer OpenClaw (2026.6.8); current version is 2026.3.24.
Config was last written by a newer OpenClaw (2026.6.8); current version is 2026.3.24.
Config was last written by a newer OpenClaw (2026.6.8); current version is 2026.3.24.
Config was last written by a newer OpenClaw (2026.6.8); current version is 2026.3.24.
Config was last written by a newer OpenClaw (2026.6.8); current version is 2026.3.24.
Config was last written by a newer OpenClaw (2026.6.8); current version is 2026.3.24.
Config was last written by a newer OpenClaw (2026.6.8); current version is 2026.3.24.
Config was last written by a newer OpenClaw (2026.6.8); current version is 2026.3.24.
Config was last written by a newer OpenClaw (2026.6.8); current version is 2026.3.24.
Config was last written by a newer OpenClaw (2026.6.8); current version is 2026.3.24.
Config was last written by a newer OpenClaw (2026.6.8); current version is 2026.3.24.
Config was last written by a newer OpenClaw (2026.6.8); current version is 2026.3.24.
Config was last written by a newer OpenClaw (2026.6.8); current version is 2026.3.24.
Config was last written by a newer OpenClaw (2026.6.8); current version is 2026.3.24.
Config was last written by a newer OpenClaw (2026.6.8); current version is 2026.3.24.
Config was last written by a newer OpenClaw (2026.6.8); current version is 2026.3.24.
Config was last written by a newer OpenClaw (2026.6.8); current version is 2026.3.24.
Config was last written by a newer OpenClaw (2026.6.8); current version is 2026.3.24.
Config was last written by a newer OpenClaw (2026.6.8); current version is 2026.3.24.
Config was last written by a newer OpenClaw (2026.6.8); current version is 2026.3.24.
Config was last written by a newer OpenClaw (2026.6.8); current version is 2026.3.24.
Config was last written by a newer OpenClaw (2026.6.8); current version is 2026.3.24.
Config was last written by a newer OpenClaw (2026.6.8); current version is 2026.3.24.
Config was last written by a newer OpenClaw (2026.6.8); current version is 2026.3.24.
Config was last written by a newer OpenClaw (2026.6.8); current version is 2026.3.24.
Config was last written by a newer OpenClaw (2026.6.8); current version is 2026.3.24.
Config was last written by a newer OpenClaw (2026.6.8); current version is 2026.3.24.
Config was last written by a newer OpenClaw (2026.6.8); current version is 2026.3.24.
Config was last written by a newer OpenClaw (2026.6.8); current version is 2026.3.24.
Config was last written by a newer OpenClaw (2026.6.8); current version is 2026.3.24.
Config was last written by a newer OpenClaw (2026.6.8); current version is 2026.3.24.
Config was last written by a newer OpenClaw (2026.6.8); current version is 2026.3.24.
Config was last written by a newer OpenClaw (2026.6.8); current version is 2026.3.24.
Config was last written by a newer OpenClaw (2026.6.8); current version is 2026.3.24.
Config was last written by a newer OpenClaw (2026.6.8); current version is 2026.3.24.
Config was last written by a newer OpenClaw (2026.6.8); current version is 2026.3.24.
Config was last written by a newer OpenClaw (2026.6.8); current version is 2026.3.24.
Config was last written by a newer OpenClaw (2026.6.8); current version is 2026.3.24.
Config was last written by a newer OpenClaw (2026.6.8); current version is 2026.3.24.
Config was last written by a newer OpenClaw (2026.6.8); current version is 2026.3.24.
Config was last written by a newer OpenClaw (2026.6.8); current version is 2026.3.24.
Config was last written by a newer OpenClaw (2026.6.8); current version is 2026.3.24.
Config was last written by a newer OpenClaw (2026.6.8); current version is 2026.3.24.
Config was last written by a newer OpenClaw (2026.6.8); current version is 2026.3.24.
Config was last written by a newer OpenClaw (2026.6.8); current version is 2026.3.24.
Config was last written by a newer OpenClaw (2026.6.8); current version is 2026.3.24.
Config was last written by a newer OpenClaw (2026.6.8); current version is 2026.3.24.
Config was last written by a newer OpenClaw (2026.6.8); current version is 2026.3.24.
Config was last written by a newer OpenClaw (2026.6.8); current version is 2026.3.24.
Config was last written by a newer OpenClaw (2026.6.8); current version is 2026.3.24.
Config was last written by a newer OpenClaw (2026.6.8); current version is 2026.3.24.
Config was last written by a newer OpenClaw (2026.6.8); current version is 2026.3.24.
Config was last written by a newer OpenClaw (2026.6.8); current version is 2026.3.24.
Config was last written by a newer OpenClaw (2026.6.8); current version is 2026.3.24.
Config was last written by a newer OpenClaw (2026.6.8); current version is 2026.3.24.
Config was last written by a newer OpenClaw (2026.6.8); current version is 2026.3.24.
Config was last written by a newer OpenClaw (2026.6.8); current version is 2026.3.24.
Config was last written by a newer OpenClaw (2026.6.8); current version is 2026.3.24.
Config was last written by a newer OpenClaw (2026.6.8); current version is 2026.3.24.
Config was last written by a newer OpenClaw (2026.6.8); current version is 2026.3.24.
Config was last written by a newer OpenClaw (2026.6.8); current version is 2026.3.24.
Config was last written by a newer OpenClaw (2026.6.8); current version is 2026.3.24.
Config was last written by a newer OpenClaw (2026.6.8); current version is 2026.3.24.
Config was last written by a newer OpenClaw (2026.6.8); current version is 2026.3.24.
Config was last written by a newer OpenClaw (2026.6.8); current version is 2026.3.24.
Config was last written by a newer OpenClaw (2026.6.8); current version is 2026.3.24.
Config was last written by a newer OpenClaw (2026.6.8); current version is 2026.3.24.
Config was last written by a newer OpenClaw (2026.6.8); current version is 2026.3.24.
Config was last written by a newer OpenClaw (2026.6.8); current version is 2026.3.24.
Config was last written by a newer OpenClaw (2026.6.8); current version is 2026.3.24.
Config was last written by a newer OpenClaw (2026.6.8); current version is 2026.3.24.
Config was last written by a newer OpenClaw (2026.6.8); current version is 2026.3.24.
Config was last written by a newer OpenClaw (2026.6.8); current version is 2026.3.24.
Config was last written by a newer OpenClaw (2026.6.8); current version is 2026.3.24.
Config was last written by a newer OpenClaw (2026.6.8); current version is 2026.3.24.
Config was last written by a newer OpenClaw (2026.6.8); current version is 2026.3.24.
Config was last written by a newer OpenClaw (2026.6.8); current version is 2026.3.24.
Config was last written by a newer OpenClaw (2026.6.8); current version is 2026.3.24.
Config was last written by a newer OpenClaw (2026.6.8); current version is 2026.3.24.
Config was last written by a newer OpenClaw (2026.6.8); current version is 2026.3.24.
Config was last written by a newer OpenClaw (2026.6.8); current version is 2026.3.24.
Config was last written by a newer OpenClaw (2026.6.8); current version is 2026.3.24.
Config was last written by a newer OpenClaw (2026.6.8); current version is 2026.3.24.
Config was last written by a newer OpenClaw (2026.6.8); current version is 2026.3.24.
Config was last written by a newer OpenClaw (2026.6.8); current version is 2026.3.24.
Config was last written by a newer OpenClaw (2026.6.8); current version is 2026.3.24.
Config was last written by a newer OpenClaw (2026.6.8); current version is 2026.3.24.
Config was last written by a newer OpenClaw (2026.6.8); current version is 2026.3.24.
Config was last written by a newer OpenClaw (2026.6.8); current version is 2026.3.24.
Config was last written by a newer OpenClaw (2026.6.8); current version is 2026.3.24.
Config was last written by a newer OpenClaw (2026.6.8); current version is 2026.3.24.
Config was last written by a newer OpenClaw (2026.6.8); current version is 2026.3.24.
Config was last written by a newer OpenClaw (2026.6.8); current version is 2026.3.24.
Config was last written by a newer OpenClaw (2026.6.8); current version is 2026.3.24.
Config was last written by a newer OpenClaw (2026.6.8); current version is 2026.3.24.
Config was last written by a newer OpenClaw (2026.6.8); current version is 2026.3.24.
Config was last written by a newer OpenClaw (2026.6.8); current version is 2026.3.24.
Config was last written by a newer OpenClaw (2026.6.8); current version is 2026.3.24.
Config was last written by a newer OpenClaw (2026.6.8); current version is 2026.3.24.
Config was last written by a newer OpenClaw (2026.6.8); current version is 2026.3.24.
Config was last written by a newer OpenClaw (2026.6.8); current version is 2026.3.24.
Config was last written by a newer OpenClaw (2026.6.8); current version is 2026.3.24.
Config was last written by a newer OpenClaw (2026.6.8); current version is 2026.3.24.
Config was last written by a newer OpenClaw (2026.6.8); current version is 2026.3.24.
Config was last written by a newer OpenClaw (2026.6.8); current version is 2026.3.24.
Config was last written by a newer OpenClaw (2026.6.8); current version is 2026.3.24.
Config was last written by a newer OpenClaw (2026.6.8); current version is 2026.3.24.
Config was last written by a newer OpenClaw (2026.6.8); current version is 2026.3.24.
Config was last written by a newer OpenClaw (2026.6.8); current version is 2026.3.24.
Config was last written by a newer OpenClaw (2026.6.8); current version is 2026.3.24.
Config was last written by a newer OpenClaw (2026.6.8); current version is 2026.3.24.
Config was last written by a newer OpenClaw (2026.6.8); current version is 2026.3.24.
Config was last written by a newer OpenClaw (2026.6.8); current version is 2026.3.24.
Config was last written by a newer OpenClaw (2026.6.8); current version is 2026.3.24.
Config was last written by a newer OpenClaw (2026.6.8); current version is 2026.3.24.
Config was last written by a newer OpenClaw (2026.6.8); current version is 2026.3.24.
Config was last written by a newer OpenClaw (2026.6.8); current version is 2026.3.24.
Config was last written by a newer OpenClaw (2026.6.8); current version is 2026.3.24.
Config was last written by a newer OpenClaw (2026.6.8); current version is 2026.3.24.
Config was last written by a newer OpenClaw (2026.6.8); current version is 2026.3.24.
Config was last written by a newer OpenClaw (2026.6.8); current version is 2026.3.24.
Config was last written by a newer OpenClaw (2026.6.8); current version is 2026.3.24.
Config was last written by a newer OpenClaw (2026.6.8); current version is 2026.3.24.
Config was last written by a newer OpenClaw (2026.6.8); current version is 2026.3.24.
Config was last written by a newer OpenClaw (2026.6.8); current version is 2026.3.24.
Config was last written by a newer OpenClaw (2026.6.8); current version is 2026.3.24.
Config was last written by a newer OpenClaw (2026.6.8); current version is 2026.3.24.
Config was last written by a newer OpenClaw (2026.6.8); current version is 2026.3.24.
Config was last written by a newer OpenClaw (2026.6.8); current version is 2026.3.24.
Config was last written by a newer OpenClaw (2026.6.8); current version is 2026.3.24.
Config was last written by a newer OpenClaw (2026.6.8); current version is 2026.3.24.
Config was last written by a newer OpenClaw (2026.6.8); current version is 2026.3.24.
Config was last written by a newer OpenClaw (2026.6.8); current version is 2026.3.24.
Config was last written by a newer OpenClaw (2026.6.8); current version is 2026.3.24.
Config was last written by a newer OpenClaw (2026.6.8); current version is 2026.3.24.
Config was last written by a newer OpenClaw (2026.6.8); current version is 2026.3.24.
Config was last written by a newer OpenClaw (2026.6.8); current version is 2026.3.24.
Config was last written by a newer OpenClaw (2026.6.8); current version is 2026.3.24.
Config was last written by a newer OpenClaw (2026.6.8); current version is 2026.3.24.
Config was last written by a newer OpenClaw (2026.6.8); current version is 2026.3.24.
Config was last written by a newer OpenClaw (2026.6.8); current version is 2026.3.24.
Config was last written by a newer OpenClaw (2026.6.8); current version is 2026.3.24.
Config was last written by a newer OpenClaw (2026.6.8); current version is 2026.3.24.
Config was last written by a newer OpenClaw (2026.6.8); current version is 2026.3.24.
Config was last written by a newer OpenClaw (2026.6.8); current version is 2026.3.24.
Config was last written by a newer OpenClaw (2026.6.8); current version is 2026.3.24.
Config was last written by a newer OpenClaw (2026.6.8); current version is 2026.3.24.
Config was last written by a newer OpenClaw (2026.6.8); current version is 2026.3.24.
Config was last written by a newer OpenClaw (2026.6.8); current version is 2026.3.24.
Config was last written by a newer OpenClaw (2026.6.8); current version is 2026.3.24.
Config was last written by a newer OpenClaw (2026.6.8); current version is 2026.3.24.
Config was last written by a newer OpenClaw (2026.6.8); current version is 2026.3.24.
Config was last written by a newer OpenClaw (2026.6.8); current version is 2026.3.24.
Config was last written by a newer OpenClaw (2026.6.8); current version is 2026.3.24.
Config was last written by a newer OpenClaw (2026.6.8); current version is 2026.3.24.
Config was last written by a newer OpenClaw (2026.6.8); current version is 2026.3.24.
Config was last written by a newer OpenClaw (2026.6.8); current version is 2026.3.24.
Config was last written by a newer OpenClaw (2026.6.8); current version is 2026.3.24.
Config was last written by a newer OpenClaw (2026.6.8); current version is 2026.3.24.
Config was last written by a newer OpenClaw (2026.6.8); current version is 2026.3.24.
Config was last written by a newer OpenClaw (2026.6.8); current version is 2026.3.24.
Config was last written by a newer OpenClaw (2026.6.8); current version is 2026.3.24.
Config was last written by a newer OpenClaw (2026.6.8); current version is 2026.3.24.
Config was last written by a newer OpenClaw (2026.6.8); current version is 2026.3.24.
Config was last written by a newer OpenClaw (2026.6.8); current version is 2026.3.24.
Config was last written by a newer OpenClaw (2026.6.8); current version is 2026.3.24.
Config was last written by a newer OpenClaw (2026.6.8); current version is 2026.3.24.
Config was last written by a newer OpenClaw (2026.6.8); current version is 2026.3.24.
Config was last written by a newer OpenClaw (2026.6.8); current version is 2026.3.24.
Config was last written by a newer OpenClaw (2026.6.8); current version is 2026.3.24.
Config was last written by a newer OpenClaw (2026.6.8); current version is 2026.3.24.
Config was last written by a newer OpenClaw (2026.6.8); current version is 2026.3.24.
Config was last written by a newer OpenClaw (2026.6.8); current version is 2026.3.24.
Config was last written by a newer OpenClaw (2026.6.8); current version is 2026.3.24.
Config was last written by a newer OpenClaw (2026.6.8); current version is 2026.3.24.
Config was last written by a newer OpenClaw (2026.6.8); current version is 2026.3.24.
Config was last written by a newer OpenClaw (2026.6.8); current version is 2026.3.24.
Config was last written by a newer OpenClaw (2026.6.8); current version is 2026.3.24.
Config was last written by a newer OpenClaw (2026.6.8); current version is 2026.3.24.
Config was last written by a newer OpenClaw (2026.6.8); current version is 2026.3.24.
Config was last written by a newer OpenClaw (2026.6.8); current version is 2026.3.24.
Config was last written by a newer OpenClaw (2026.6.8); current version is 2026.3.24.
Config was last written by a newer OpenClaw (2026.6.8); current version is 2026.3.24.
Config was last written by a newer OpenClaw (2026.6.8); current version is 2026.3.24.
Config was last written by a newer OpenClaw (2026.6.8); current version is 2026.3.24.
Config was last written by a newer OpenClaw (2026.6.8); current version is 2026.3.24.
Config was last written by a newer OpenClaw (2026.6.8); current version is 2026.3.24.
Config was last written by a newer OpenClaw (2026.6.8); current version is 2026.3.24.
Config was last written by a newer OpenClaw (2026.6.8); current version is 2026.3.24.
Config was last written by a newer OpenClaw (2026.6.8); current version is 2026.3.24.
Config was last written by a newer OpenClaw (2026.6.8); current version is 2026.3.24.
Config was last written by a newer OpenClaw (2026.6.8); current version is 2026.3.24.
Config was last written by a newer OpenClaw (2026.6.8); current version is 2026.3.24.
Config was last written by a newer OpenClaw (2026.6.8); current version is 2026.3.24.
Config was last written by a newer OpenClaw (2026.6.8); current version is 2026.3.24.
Config was last written by a newer OpenClaw (2026.6.8); current version is 2026.3.24.
Config was last written by a newer OpenClaw (2026.6.8); current version is 2026.3.24.
Config was last written by a newer OpenClaw (2026.6.8); current version is 2026.3.24.
Config was last written by a newer OpenClaw (2026.6.8); current version is 2026.3.24.
Config was last written by a newer OpenClaw (2026.6.8); current version is 2026.3.24.
Config was last written by a newer OpenClaw (2026.6.8); current version is 2026.3.24.
Config was last written by a newer OpenClaw (2026.6.8); current version is 2026.3.24.
Config was last written by a newer OpenClaw (2026.6.8); current version is 2026.3.24.
Config was last written by a newer OpenClaw (2026.6.8); current version is 2026.3.24.
Config was last written by a newer OpenClaw (2026.6.8); current version is 2026.3.24.
Config was last written by a newer OpenClaw (2026.6.8); current version is 2026.3.24.
Config was last written by a newer OpenClaw (2026.6.8); current version is 2026.3.24.
Config was last written by a newer OpenClaw (2026.6.8); current version is 2026.3.24.
Config was last written by a newer OpenClaw (2026.6.8); current version is 2026.3.24.
Config was last written by a newer OpenClaw (2026.6.8); current version is 2026.3.24.
Config was last written by a newer OpenClaw (2026.6.8); current version is 2026.3.24.
Config was last written by a newer OpenClaw (2026.6.8); current version is 2026.3.24.
Config was last written by a newer OpenClaw (2026.6.8); current version is 2026.3.24.
Config was last written by a newer OpenClaw (2026.6.8); current version is 2026.3.24.
Config was last written by a newer OpenClaw (2026.6.8); current version is 2026.3.24.
Config was last written by a newer OpenClaw (2026.6.8); current version is 2026.3.24.
Config was last written by a newer OpenClaw (2026.6.8); current version is 2026.3.24.
Config was last written by a newer OpenClaw (2026.6.8); current version is 2026.3.24.
Config was last written by a newer OpenClaw (2026.6.8); current version is 2026.3.24.
Config was last written by a newer OpenClaw (2026.6.8); current version is 2026.3.24.
Config was last written by a newer OpenClaw (2026.6.8); current version is 2026.3.24.
Config was last written by a newer OpenClaw (2026.6.8); current version is 2026.3.24.
Config was last written by a newer OpenClaw (2026.6.8); current version is 2026.3.24.
Config was last written by a newer OpenClaw (2026.6.8); current version is 2026.3.24.
Config was last written by a newer OpenClaw (2026.6.8); current version is 2026.3.24.
Config was last written by a newer OpenClaw (2026.6.8); current version is 2026.3.24.
Config was last written by a newer OpenClaw (2026.6.8); current version is 2026.3.24.
Config was last written by a newer OpenClaw (2026.6.8); current version is 2026.3.24.
Config was last written by a newer OpenClaw (2026.6.8); current version is 2026.3.24.
Config was last written by a newer OpenClaw (2026.6.8); current version is 2026.3.24.
Config was last written by a newer OpenClaw (2026.6.8); current version is 2026.3.24.
Config was last written by a newer OpenClaw (2026.6.8); current version is 2026.3.24.
Config was last written by a newer OpenClaw (2026.6.8); current version is 2026.3.24.
Config was last written by a newer OpenClaw (2026.6.8); current version is 2026.3.24.
Config was last written by a newer OpenClaw (2026.6.8); current version is 2026.3.24.
Config was last written by a newer OpenClaw (2026.6.8); current version is 2026.3.24.
Config was last written by a newer OpenClaw (2026.6.8); current version is 2026.3.24.
Config was last written by a newer OpenClaw (2026.6.8); current version is 2026.3.24.
Config was last written by a newer OpenClaw (2026.6.8); current version is 2026.3.24.
Config was last written by a newer OpenClaw (2026.6.8); current version is 2026.3.24.
Config was last written by a newer OpenClaw (2026.6.8); current version is 2026.3.24.
Config was last written by a newer OpenClaw (2026.6.8); current version is 2026.3.24.
Config was last written by a newer OpenClaw (2026.6.8); current version is 2026.3.24.
Config was last written by a newer OpenClaw (2026.6.8); current version is 2026.3.24.
Config was last written by a newer OpenClaw (2026.6.8); current version is 2026.3.24.
Config was last written by a newer OpenClaw (2026.6.8); current version is 2026.3.24.
Config was last written by a newer OpenClaw (2026.6.8); current version is 2026.3.24.
Config was last written by a newer OpenClaw (2026.6.8); current version is 2026.3.24.
Config was last written by a newer OpenClaw (2026.6.8); current version is 2026.3.24.
Config was last written by a newer OpenClaw (2026.6.8); current version is 2026.3.24.
Config was last written by a newer OpenClaw (2026.6.8); current version is 2026.3.24.
Config was last written by a newer OpenClaw (2026.6.8); current version is 2026.3.24.
Config was last written by a newer OpenClaw (2026.6.8); current version is 2026.3.24.
Config was last written by a newer OpenClaw (2026.6.8); current version is 2026.3.24.
Config was last written by a newer OpenClaw (2026.6.8); current version is 2026.3.24.
Config was last written by a newer OpenClaw (2026.6.8); current version is 2026.3.24.
Config was last written by a newer OpenClaw (2026.6.8); current version is 2026.3.24.
Config was last written by a newer OpenClaw (2026.6.8); current version is 2026.3.24.
Config was last written by a newer OpenClaw (2026.6.8); current version is 2026.3.24.
Config was last written by a newer OpenClaw (2026.6.8); current version is 2026.3.24.
Config was last written by a newer OpenClaw (2026.6.8); current version is 2026.3.24.
Config was last written by a newer OpenClaw (2026.6.8); current version is 2026.3.24.
Config was last written by a newer OpenClaw (2026.6.8); current version is 2026.3.24.
Config was last written by a newer OpenClaw (2026.6.8); current version is 2026.3.24.
Config was last written by a newer OpenClaw (2026.6.8); current version is 2026.3.24.
Config was last written by a newer OpenClaw (2026.6.8); current version is 2026.3.24.
Config was last written by a newer OpenClaw (2026.6.8); current version is 2026.3.24.
Config was last written by a newer OpenClaw (2026.6.8); current version is 2026.3.24.
Config was last written by a newer OpenClaw (2026.6.8); current version is 2026.3.24.
Config was last written by a newer OpenClaw (2026.6.8); current version is 2026.3.24.
Config was last written by a newer OpenClaw (2026.6.8); current version is 2026.3.24.
Config was last written by a newer OpenClaw (2026.6.8); current version is 2026.3.24.
Config was last written by a newer OpenClaw (2026.6.8); current version is 2026.3.24.
Config was last written by a newer OpenClaw (2026.6.8); current version is 2026.3.24.
Config was last written by a newer OpenClaw (2026.6.8); current version is 2026.3.24.
Config was last written by a newer OpenClaw (2026.6.8); current version is 2026.3.24.
Config was last written by a newer OpenClaw (2026.6.8); current version is 2026.3.24.
Config was last written by a newer OpenClaw (2026.6.8); current version is 2026.3.24.
Config was last written by a newer OpenClaw (2026.6.8); current version is 2026.3.24.
Config was last written by a newer OpenClaw (2026.6.8); current version is 2026.3.24.
Config was last written by a newer OpenClaw (2026.6.8); current version is 2026.3.24.
Config was last written by a newer OpenClaw (2026.6.8); current version is 2026.3.24.
Config was last written by a newer OpenClaw (2026.6.8); current version is 2026.3.24.
Config was last written by a newer OpenClaw (2026.6.8); current version is 2026.3.24.
Config was last written by a newer OpenClaw (2026.6.8); current version is 2026.3.24.
Config was last written by a newer OpenClaw (2026.6.8); current version is 2026.3.24.
Config was last written by a newer OpenClaw (2026.6.8); current version is 2026.3.24.
Config was last written by a newer OpenClaw (2026.6.8); current version is 2026.3.24.
Config was last written by a newer OpenClaw (2026.6.8); current version is 2026.3.24.
Config was last written by a newer OpenClaw (2026.6.8); current version is 2026.3.24.
Config was last written by a newer OpenClaw (2026.6.8); current version is 2026.3.24.
Config was last written by a newer OpenClaw (2026.6.8); current version is 2026.3.24.
Config was last written by a newer OpenClaw (2026.6.8); current version is 2026.3.24.
Config was last written by a newer OpenClaw (2026.6.8); current version is 2026.3.24.
Config was last written by a newer OpenClaw (2026.6.8); current version is 2026.3.24.
Config was last written by a newer OpenClaw (2026.6.8); current version is 2026.3.24.
Config was last written by a newer OpenClaw (2026.6.8); current version is 2026.3.24.
Config was last written by a newer OpenClaw (2026.6.8); current version is 2026.3.24.
Config was last written by a newer OpenClaw (2026.6.8); current version is 2026.3.24.
Config was last written by a newer OpenClaw (2026.6.8); current version is 2026.3.24.
Config was last written by a newer OpenClaw (2026.6.8); current version is 2026.3.24.
Config was last written by a newer OpenClaw (2026.6.8); current version is 2026.3.24.
Config was last written by a newer OpenClaw (2026.6.8); current version is 2026.3.24.
Config was last written by a newer OpenClaw (2026.6.8); current version is 2026.3.24.
Config was last written by a newer OpenClaw (2026.6.8); current version is 2026.3.24.
Config was last written by a newer OpenClaw (2026.6.8); current version is 2026.3.24.
Config was last written by a newer OpenClaw (2026.6.8); current version is 2026.3.24.
Config was last written by a newer OpenClaw (2026.6.8); current version is 2026.3.24.
Config was last written by a newer OpenClaw (2026.6.8); current version is 2026.3.24.
Config was last written by a newer OpenClaw (2026.6.8); current version is 2026.3.24.
Config was last written by a newer OpenClaw (2026.6.8); current version is 2026.3.24.
Config was last written by a newer OpenClaw (2026.6.8); current version is 2026.3.24.
Config was last written by a newer OpenClaw (2026.6.8); current version is 2026.3.24.
Config was last written by a newer OpenClaw (2026.6.8); current version is 2026.3.24.
Config was last written by a newer OpenClaw (2026.6.8); current version is 2026.3.24.
Config was last written by a newer OpenClaw (2026.6.8); current version is 2026.3.24.
Config was last written by a newer OpenClaw (2026.6.8); current version is 2026.3.24.
Config was last written by a newer OpenClaw (2026.6.8); current version is 2026.3.24.
Config was last written by a newer OpenClaw (2026.6.8); current version is 2026.3.24.
Config was last written by a newer OpenClaw (2026.6.8); current version is 2026.3.24.
Config was last written by a newer OpenClaw (2026.6.8); current version is 2026.3.24.
Config was last written by a newer OpenClaw (2026.6.8); current version is 2026.3.24.
Config was last written by a newer OpenClaw (2026.6.8); current version is 2026.3.24.
Config was last written by a newer OpenClaw (2026.6.8); current version is 2026.3.24.
Config was last written by a newer OpenClaw (2026.6.8); current version is 2026.3.24.
Config was last written by a newer OpenClaw (2026.6.8); current version is 2026.3.24.
Config was last written by a newer OpenClaw (2026.6.8); current version is 2026.3.24.
Config was last written by a newer OpenClaw (2026.6.8); current version is 2026.3.24.
Config was last written by a newer OpenClaw (2026.6.8); current version is 2026.3.24.
Config was last written by a newer OpenClaw (2026.6.8); current version is 2026.3.24.
Config was last written by a newer OpenClaw (2026.6.8); current version is 2026.3.24.
Config was last written by a newer OpenClaw (2026.6.8); current version is 2026.3.24.
Config was last written by a newer OpenClaw (2026.6.8); current version is 2026.3.24.
Config was last written by a newer OpenClaw (2026.6.8); current version is 2026.3.24.
Config was last written by a newer OpenClaw (2026.6.8); current version is 2026.3.24.
Config was last written by a newer OpenClaw (2026.6.8); current version is 2026.3.24.
Config was last written by a newer OpenClaw (2026.6.8); current version is 2026.3.24.
Config was last written by a newer OpenClaw (2026.6.8); current version is 2026.3.24.
Config was last written by a newer OpenClaw (2026.6.8); current version is 2026.3.24.
Config was last written by a newer OpenClaw (2026.6.8); current version is 2026.3.24.
Config was last written by a newer OpenClaw (2026.6.8); current version is 2026.3.24.
Config was last written by a newer OpenClaw (2026.6.8); current version is 2026.3.24.
Config was last written by a newer OpenClaw (2026.6.8); current version is 2026.3.24.
Config was last written by a newer OpenClaw (2026.6.8); current version is 2026.3.24.
Config was last written by a newer OpenClaw (2026.6.8); current version is 2026.3.24.
Config was last written by a newer OpenClaw (2026.6.8); current version is 2026.3.24.
Config was last written by a newer OpenClaw (2026.6.8); current version is 2026.3.24.
Config was last written by a newer OpenClaw (2026.6.8); current version is 2026.3.24.
Config was last written by a newer OpenClaw (2026.6.8); current version is 2026.3.24.
Config was last written by a newer OpenClaw (2026.6.8); current version is 2026.3.24.
Config was last written by a newer OpenClaw (2026.6.8); current version is 2026.3.24.
Config was last written by a newer OpenClaw (2026.6.8); current version is 2026.3.24.
Config was last written by a newer OpenClaw (2026.6.8); current version is 2026.3.24.
Config was last written by a newer OpenClaw (2026.6.8); current version is 2026.3.24.
Config was last written by a newer OpenClaw (2026.6.8); current version is 2026.3.24.
Config was last written by a newer OpenClaw (2026.6.8); current version is 2026.3.24.
Config was last written by a newer OpenClaw (2026.6.8); current version is 2026.3.24.
Config was last written by a newer OpenClaw (2026.6.8); current version is 2026.3.24.
Config was last written by a newer OpenClaw (2026.6.8); current version is 2026.3.24.
Config was last written by a newer OpenClaw (2026.6.8); current version is 2026.3.24.
Config was last written by a newer OpenClaw (2026.6.8); current version is 2026.3.24.
Config was last written by a newer OpenClaw (2026.6.8); current version is 2026.3.24.
Config was last written by a newer OpenClaw (2026.6.8); current version is 2026.3.24.
Config was last written by a newer OpenClaw (2026.6.8); current version is 2026.3.24.
Config was last written by a newer OpenClaw (2026.6.8); current version is 2026.3.24.
Config was last written by a newer OpenClaw (2026.6.8); current version is 2026.3.24.
Config was last written by a newer OpenClaw (2026.6.8); current version is 2026.3.24.
Config was last written by a newer OpenClaw (2026.6.8); current version is 2026.3.24.
Config was last written by a newer OpenClaw (2026.6.8); current version is 2026.3.24.
Config was last written by a newer OpenClaw (2026.6.8); current version is 2026.3.24.
Config was last written by a newer OpenClaw (2026.6.8); current version is 2026.3.24.
Config was last written by a newer OpenClaw (2026.6.8); current version is 2026.3.24.
Config was last written by a newer OpenClaw (2026.6.8); current version is 2026.3.24.
Config was last written by a newer OpenClaw (2026.6.8); current version is 2026.3.24.
Config was last written by a newer OpenClaw (2026.6.8); current version is 2026.3.24.
Config was last written by a newer OpenClaw (2026.6.8); current version is 2026.3.24.
Config was last written by a newer OpenClaw (2026.6.8); current version is 2026.3.24.
Config was last written by a newer OpenClaw (2026.6.8); current version is 2026.3.24.
Config was last written by a newer OpenClaw (2026.6.8); current version is 2026.3.24.
Config was last written by a newer OpenClaw (2026.6.8); current version is 2026.3.24.
Config was last written by a newer OpenClaw (2026.6.8); current version is 2026.3.24.
Config was last written by a newer OpenClaw (2026.6.8); current version is 2026.3.24.
Config was last written by a newer OpenClaw (2026.6.8); current version is 2026.3.24.
Config was last written by a newer OpenClaw (2026.6.8); current version is 2026.3.24.
Config was last written by a newer OpenClaw (2026.6.8); current version is 2026.3.24.
Config was last written by a newer OpenClaw (2026.6.8); current version is 2026.3.24.
Config was last written by a newer OpenClaw (2026.6.8); current version is 2026.3.24.
Config was last written by a newer OpenClaw (2026.6.8); current version is 2026.3.24.
Config was last written by a newer OpenClaw (2026.6.8); current version is 2026.3.24.
Config was last written by a newer OpenClaw (2026.6.8); current version is 2026.3.24.
Config was last written by a newer OpenClaw (2026.6.8); current version is 2026.3.24.
Config was last written by a newer OpenClaw (2026.6.8); current version is 2026.3.24.
Config was last written by a newer OpenClaw (2026.6.8); current version is 2026.3.24.
Config was last written by a newer OpenClaw (2026.6.8); current version is 2026.3.24.
Config was last written by a newer OpenClaw (2026.6.8); current version is 2026.3.24.
Config was last written by a newer OpenClaw (2026.6.8); current version is 2026.3.24.
Config was last written by a newer OpenClaw (2026.6.8); current version is 2026.3.24.
Config was last written by a newer OpenClaw (2026.6.8); current version is 2026.3.24.
Config was last written by a newer OpenClaw (2026.6.8); current version is 2026.3.24.
Config was last written by a newer OpenClaw (2026.6.8); current version is 2026.3.24.
Config was last written by a newer OpenClaw (2026.6.8); current version is 2026.3.24.
Config was last written by a newer OpenClaw (2026.6.8); current version is 2026.3.24.
Config was last written by a newer OpenClaw (2026.6.8); current version is 2026.3.24.
Config was last written by a newer OpenClaw (2026.6.8); current version is 2026.3.24.
Config was last written by a newer OpenClaw (2026.6.8); current version is 2026.3.24.
Config was last written by a newer OpenClaw (2026.6.8); current version is 2026.3.24.
Config was last written by a newer OpenClaw (2026.6.8); current version is 2026.3.24.
Config was last written by a newer OpenClaw (2026.6.8); current version is 2026.3.24.
Config was last written by a newer OpenClaw (2026.6.8); current version is 2026.3.24.
Config was last written by a newer OpenClaw (2026.6.8); current version is 2026.3.24.
Config was last written by a newer OpenClaw (2026.6.8); current version is 2026.3.24.
Config was last written by a newer OpenClaw (2026.6.8); current version is 2026.3.24.
Config was last written by a newer OpenClaw (2026.6.8); current version is 2026.3.24.
Config was last written by a newer OpenClaw (2026.6.8); current version is 2026.3.24.
Config was last written by a newer OpenClaw (2026.6.8); current version is 2026.3.24.
Config was last written by a newer OpenClaw (2026.6.8); current version is 2026.3.24.
Config was last written by a newer OpenClaw (2026.6.8); current version is 2026.3.24.
Config was last written by a newer OpenClaw (2026.6.8); current version is 2026.3.24.
Config was last written by a newer OpenClaw (2026.6.8); current version is 2026.3.24.
Config was last written by a newer OpenClaw (2026.6.8); current version is 2026.3.24.
Config was last written by a newer OpenClaw (2026.6.8); current version is 2026.3.24.
Config was last written by a newer OpenClaw (2026.6.8); current version is 2026.3.24.
Config was last written by a newer OpenClaw (2026.6.8); current version is 2026.3.24.
Config was last written by a newer OpenClaw (2026.6.8); current version is 2026.3.24.
Config was last written by a newer OpenClaw (2026.6.8); current version is 2026.3.24.
Config was last written by a newer OpenClaw (2026.6.8); current version is 2026.3.24.
Config was last written by a newer OpenClaw (2026.6.8); current version is 2026.3.24.
Config was last written by a newer OpenClaw (2026.6.8); current version is 2026.3.24.
Config was last written by a newer OpenClaw (2026.6.8); current version is 2026.3.24.
Config was last written by a newer OpenClaw (2026.6.8); current version is 2026.3.24.
Config was last written by a newer OpenClaw (2026.6.8); current version is 2026.3.24.
Config was last written by a newer OpenClaw (2026.6.8); current version is 2026.3.24.
Config was last written by a newer OpenClaw (2026.6.8); current version is 2026.3.24.
Config was last written by a newer OpenClaw (2026.6.8); current version is 2026.3.24.
Config was last written by a newer OpenClaw (2026.6.8); current version is 2026.3.24.
Config was last written by a newer OpenClaw (2026.6.8); current version is 2026.3.24.
Config was last written by a newer OpenClaw (2026.6.8); current version is 2026.3.24.
Config was last written by a newer OpenClaw (2026.6.8); current version is 2026.3.24.
Config was last written by a newer OpenClaw (2026.6.8); current version is 2026.3.24.
Config was last written by a newer OpenClaw (2026.6.8); current version is 2026.3.24.
Config was last written by a newer OpenClaw (2026.6.8); current version is 2026.3.24.
Config was last written by a newer OpenClaw (2026.6.8); current version is 2026.3.24.
Config was last written by a newer OpenClaw (2026.6.8); current version is 2026.3.24.
Config was last written by a newer OpenClaw (2026.6.8); current version is 2026.3.24.
Config was last written by a newer OpenClaw (2026.6.8); current version is 2026.3.24.
Config was last written by a newer OpenClaw (2026.6.8); current version is 2026.3.24.
Config was last written by a newer OpenClaw (2026.6.8); current version is 2026.3.24.
Config was last written by a newer OpenClaw (2026.6.8); current version is 2026.3.24.
Config was last written by a newer OpenClaw (2026.6.8); current version is 2026.3.24.
Config was last written by a newer OpenClaw (2026.6.8); current version is 2026.3.24.
Config was last written by a newer OpenClaw (2026.6.8); current version is 2026.3.24.
Config was last written by a newer OpenClaw (2026.6.8); current version is 2026.3.24.
Config was last written by a newer OpenClaw (2026.6.8); current version is 2026.3.24.
Config was last written by a newer OpenClaw (2026.6.8); current version is 2026.3.24.
Config was last written by a newer OpenClaw (2026.6.8); current version is 2026.3.24.
Config was last written by a newer OpenClaw (2026.6.8); current version is 2026.3.24.
Config was last written by a newer OpenClaw (2026.6.8); current version is 2026.3.24.
Config was last written by a newer OpenClaw (2026.6.8); current version is 2026.3.24.
Config was last written by a newer OpenClaw (2026.6.8); current version is 2026.3.24.
Config was last written by a newer OpenClaw (2026.6.8); current version is 2026.3.24.
Config was last written by a newer OpenClaw (2026.6.8); current version is 2026.3.24.
Config was last written by a newer OpenClaw (2026.6.8); current version is 2026.3.24.
Config was last written by a newer OpenClaw (2026.6.8); current version is 2026.3.24.
Config was last written by a newer OpenClaw (2026.6.8); current version is 2026.3.24.
Config was last written by a newer OpenClaw (2026.6.8); current version is 2026.3.24.
Config was last written by a newer OpenClaw (2026.6.8); current version is 2026.3.24.
Config was last written by a newer OpenClaw (2026.6.8); current version is 2026.3.24.
Config was last written by a newer OpenClaw (2026.6.8); current version is 2026.3.24.
Config was last written by a newer OpenClaw (2026.6.8); current version is 2026.3.24.
Config was last written by a newer OpenClaw (2026.6.8); current version is 2026.3.24.
Config was last written by a newer OpenClaw (2026.6.8); current version is 2026.3.24.
Config was last written by a newer OpenClaw (2026.6.8); current version is 2026.3.24.
Config was last written by a newer OpenClaw (2026.6.8); current version is 2026.3.24.
Config was last written by a newer OpenClaw (2026.6.8); current version is 2026.3.24.
Config was last written by a newer OpenClaw (2026.6.8); current version is 2026.3.24.
Config was last written by a newer OpenClaw (2026.6.8); current version is 2026.3.24.
Config was last written by a newer OpenClaw (2026.6.8); current version is 2026.3.24.
Config was last written by a newer OpenClaw (2026.6.8); current version is 2026.3.24.
Config was last written by a newer OpenClaw (2026.6.8); current version is 2026.3.24.
Config was last written by a newer OpenClaw (2026.6.8); current version is 2026.3.24.
Config was last written by a newer OpenClaw (2026.6.8); current version is 2026.3.24.
Config was last written by a newer OpenClaw (2026.6.8); current version is 2026.3.24.
Config was last written by a newer OpenClaw (2026.6.8); current version is 2026.3.24.
Config was last written by a newer OpenClaw (2026.6.8); current version is 2026.3.24.
Config was last written by a newer OpenClaw (2026.6.8); current version is 2026.3.24.
Config was last written by a newer OpenClaw (2026.6.8); current version is 2026.3.24.
Config was last written by a newer OpenClaw (2026.6.8); current version is 2026.3.24.
Config was last written by a newer OpenClaw (2026.6.8); current version is 2026.3.24.
Config was last written by a newer OpenClaw (2026.6.8); current version is 2026.3.24.
Config was last written by a newer OpenClaw (2026.6.8); current version is 2026.3.24.
Config was last written by a newer OpenClaw (2026.6.8); current version is 2026.3.24.
Config was last written by a newer OpenClaw (2026.6.8); current version is 2026.3.24.
Config was last written by a newer OpenClaw (2026.6.8); current version is 2026.3.24.
Config was last written by a newer OpenClaw (2026.6.8); current version is 2026.3.24.
Config was last written by a newer OpenClaw (2026.6.8); current version is 2026.3.24.
Config was last written by a newer OpenClaw (2026.6.8); current version is 2026.3.24.
Config was last written by a newer OpenClaw (2026.6.8); current version is 2026.3.24.
Config was last written by a newer OpenClaw (2026.6.8); current version is 2026.3.24.
Config was last written by a newer OpenClaw (2026.6.8); current version is 2026.3.24.
Config was last written by a newer OpenClaw (2026.6.8); current version is 2026.3.24.
Config was last written by a newer OpenClaw (2026.6.8); current version is 2026.3.24.
Config was last written by a newer OpenClaw (2026.6.8); current version is 2026.3.24.
Config was last written by a newer OpenClaw (2026.6.8); current version is 2026.3.24.
Config was last written by a newer OpenClaw (2026.6.8); current version is 2026.3.24.
Config was last written by a newer OpenClaw (2026.6.8); current version is 2026.3.24.
Config was last written by a newer OpenClaw (2026.6.8); current version is 2026.3.24.
Config was last written by a newer OpenClaw (2026.6.8); current version is 2026.3.24.
Config was last written by a newer OpenClaw (2026.6.8); current version is 2026.3.24.
Config was last written by a newer OpenClaw (2026.6.8); current version is 2026.3.24.
Config was last written by a newer OpenClaw (2026.6.8); current version is 2026.3.24.
Config was last written by a newer OpenClaw (2026.6.8); current version is 2026.3.24.
Config was last written by a newer OpenClaw (2026.6.8); current version is 2026.3.24.
Config was last written by a newer OpenClaw (2026.6.8); current version is 2026.3.24.
Config was last written by a newer OpenClaw (2026.6.8); current version is 2026.3.24.
Config was last written by a newer OpenClaw (2026.6.8); current version is 2026.3.24.
Config was last written by a newer OpenClaw (2026.6.8); current version is 2026.3.24.
Config was last written by a newer OpenClaw (2026.6.8); current version is 2026.3.24.
Config was last written by a newer OpenClaw (2026.6.8); current version is 2026.3.24.
Config was last written by a newer OpenClaw (2026.6.8); current version is 2026.3.24.
Config was last written by a newer OpenClaw (2026.6.8); current version is 2026.3.24.
Config was last written by a newer OpenClaw (2026.6.8); current version is 2026.3.24.
Config was last written by a newer OpenClaw (2026.6.8); current version is 2026.3.24.
Config was last written by a newer OpenClaw (2026.6.8); current version is 2026.3.24.
Config was last written by a newer OpenClaw (2026.6.8); current version is 2026.3.24.
Config was last written by a newer OpenClaw (2026.6.8); current version is 2026.3.24.
Config was last written by a newer OpenClaw (2026.6.8); current version is 2026.3.24.
Config was last written by a newer OpenClaw (2026.6.8); current version is 2026.3.24.
Config was last written by a newer OpenClaw (2026.6.8); current version is 2026.3.24.
Config was last written by a newer OpenClaw (2026.6.8); current version is 2026.3.24.
Config was last written by a newer OpenClaw (2026.6.8); current version is 2026.3.24.
Config was last written by a newer OpenClaw (2026.6.8); current version is 2026.3.24.
Config was last written by a newer OpenClaw (2026.6.8); current version is 2026.3.24.
Config was last written by a newer OpenClaw (2026.6.8); current version is 2026.3.24.
Config was last written by a newer OpenClaw (2026.6.8); current version is 2026.3.24.
Config was last written by a newer OpenClaw (2026.6.8); current version is 2026.3.24.
Config was last written by a newer OpenClaw (2026.6.8); current version is 2026.3.24.
Config was last written by a newer OpenClaw (2026.6.8); current version is 2026.3.24.
Config was last written by a newer OpenClaw (2026.6.8); current version is 2026.3.24.
Config was last written by a newer OpenClaw (2026.6.8); current version is 2026.3.24.
Config was last written by a newer OpenClaw (2026.6.8); current version is 2026.3.24.
Config was last written by a newer OpenClaw (2026.6.8); current version is 2026.3.24.
Config was last written by a newer OpenClaw (2026.6.8); current version is 2026.3.24.
Config was last written by a newer OpenClaw (2026.6.8); current version is 2026.3.24.
Config was last written by a newer OpenClaw (2026.6.8); current version is 2026.3.24.
Config was last written by a newer OpenClaw (2026.6.8); current version is 2026.3.24.
Config was last written by a newer OpenClaw (2026.6.8); current version is 2026.3.24.
Config was last written by a newer OpenClaw (2026.6.8); current version is 2026.3.24.
Config was last written by a newer OpenClaw (2026.6.8); current version is 2026.3.24.
Config was last written by a newer OpenClaw (2026.6.8); current version is 2026.3.24.
Config was last written by a newer OpenClaw (2026.6.8); current version is 2026.3.24.
Config was last written by a newer OpenClaw (2026.6.8); current version is 2026.3.24.
Config was last written by a newer OpenClaw (2026.6.8); current version is 2026.3.24.
Config was last written by a newer OpenClaw (2026.6.8); current version is 2026.3.24.
Config was last written by a newer OpenClaw (2026.6.8); current version is 2026.3.24.
Config was last written by a newer OpenClaw (2026.6.8); current version is 2026.3.24.
Config was last written by a newer OpenClaw (2026.6.8); current version is 2026.3.24.
Config was last written by a newer OpenClaw (2026.6.8); current version is 2026.3.24.
Config was last written by a newer OpenClaw (2026.6.8); current version is 2026.3.24.
Config was last written by a newer OpenClaw (2026.6.8); current version is 2026.3.24.
Config was last written by a newer OpenClaw (2026.6.8); current version is 2026.3.24.
Config was last written by a newer OpenClaw (2026.6.8); current version is 2026.3.24.
Config was last written by a newer OpenClaw (2026.6.8); current version is 2026.3.24.
Config was last written by a newer OpenClaw (2026.6.8); current version is 2026.3.24.
Config was last written by a newer OpenClaw (2026.6.8); current version is 2026.3.24.
Config was last written by a newer OpenClaw (2026.6.8); current version is 2026.3.24.
Config was last written by a newer OpenClaw (2026.6.8); current version is 2026.3.24.
Config was last written by a newer OpenClaw (2026.6.8); current version is 2026.3.24.
Config was last written by a newer OpenClaw (2026.6.8); current version is 2026.3.24.
Config was last written by a newer OpenClaw (2026.6.8); current version is 2026.3.24.
Config was last written by a newer OpenClaw (2026.6.8); current version is 2026.3.24.
Config was last written by a newer OpenClaw (2026.6.8); current version is 2026.3.24.
Config was last written by a newer OpenClaw (2026.6.8); current version is 2026.3.24.
Config was last written by a newer OpenClaw (2026.6.8); current version is 2026.3.24.
Config was last written by a newer OpenClaw (2026.6.8); current version is 2026.3.24.
Config was last written by a newer OpenClaw (2026.6.8); current version is 2026.3.24.
Config was last written by a newer OpenClaw (2026.6.8); current version is 2026.3.24.
Config was last written by a newer OpenClaw (2026.6.8); current version is 2026.3.24.
Config was last written by a newer OpenClaw (2026.6.8); current version is 2026.3.24.
Config was last written by a newer OpenClaw (2026.6.8); current version is 2026.3.24.
Config was last written by a newer OpenClaw (2026.6.8); current version is 2026.3.24.
Config was last written by a newer OpenClaw (2026.6.8); current version is 2026.3.24.
Config was last written by a newer OpenClaw (2026.6.8); current version is 2026.3.24.
Config was last written by a newer OpenClaw (2026.6.8); current version is 2026.3.24.
Config was last written by a newer OpenClaw (2026.6.8); current version is 2026.3.24.
Config was last written by a newer OpenClaw (2026.6.8); current version is 2026.3.24.
Config was last written by a newer OpenClaw (2026.6.8); current version is 2026.3.24.
Config was last written by a newer OpenClaw (2026.6.8); current version is 2026.3.24.
Config was last written by a newer OpenClaw (2026.6.8); current version is 2026.3.24.
Config was last written by a newer OpenClaw (2026.6.8); current version is 2026.3.24.
Config was last written by a newer OpenClaw (2026.6.8); current version is 2026.3.24.
Config was last written by a newer OpenClaw (2026.6.8); current version is 2026.3.24.
Config was last written by a newer OpenClaw (2026.6.8); current version is 2026.3.24.
Config was last written by a newer OpenClaw (2026.6.8); current version is 2026.3.24.
Config was last written by a newer OpenClaw (2026.6.8); current version is 2026.3.24.
Config was last written by a newer OpenClaw (2026.6.8); current version is 2026.3.24.
Config was last written by a newer OpenClaw (2026.6.8); current version is 2026.3.24.
Config was last written by a newer OpenClaw (2026.6.8); current version is 2026.3.24.
Config was last written by a newer OpenClaw (2026.6.8); current version is 2026.3.24.
Config was last written by a newer OpenClaw (2026.6.8); current version is 2026.3.24.
Config was last written by a newer OpenClaw (2026.6.8); current version is 2026.3.24.
Config was last written by a newer OpenClaw (2026.6.8); current version is 2026.3.24.
Config was last written by a newer OpenClaw (2026.6.8); current version is 2026.3.24.
Config was last written by a newer OpenClaw (2026.6.8); current version is 2026.3.24.
Config was last written by a newer OpenClaw (2026.6.8); current version is 2026.3.24.
Config was last written by a newer OpenClaw (2026.6.8); current version is 2026.3.24.
Config was last written by a newer OpenClaw (2026.6.8); current version is 2026.3.24.
Config was last written by a newer OpenClaw (2026.6.8); current version is 2026.3.24.
Config was last written by a newer OpenClaw (2026.6.8); current version is 2026.3.24.
Config was last written by a newer OpenClaw (2026.6.8); current version is 2026.3.24.
Config was last written by a newer OpenClaw (2026.6.8); current version is 2026.3.24.
Config was last written by a newer OpenClaw (2026.6.8); current version is 2026.3.24.
Config was last written by a newer OpenClaw (2026.6.8); current version is 2026.3.24.
Config was last written by a newer OpenClaw (2026.6.8); current version is 2026.3.24.
Config was last written by a newer OpenClaw (2026.6.8); current version is 2026.3.24.
Config was last written by a newer OpenClaw (2026.6.8); current version is 2026.3.24.
Config was last written by a newer OpenClaw (2026.6.8); current version is 2026.3.24.
Config was last written by a newer OpenClaw (2026.6.8); current version is 2026.3.24.
Config was last written by a newer OpenClaw (2026.6.8); current version is 2026.3.24.
Config was last written by a newer OpenClaw (2026.6.8); current version is 2026.3.24.
Config was last written by a newer OpenClaw (2026.6.8); current version is 2026.3.24.
Config was last written by a newer OpenClaw (2026.6.8); current version is 2026.3.24.
Config was last written by a newer OpenClaw (2026.6.8); current version is 2026.3.24.
Config was last written by a newer OpenClaw (2026.6.8); current version is 2026.3.24.
Config was last written by a newer OpenClaw (2026.6.8); current version is 2026.3.24.
Config was last written by a newer OpenClaw (2026.6.8); current version is 2026.3.24.
Config was last written by a newer OpenClaw (2026.6.8); current version is 2026.3.24.
Config was last written by a newer OpenClaw (2026.6.8); current version is 2026.3.24.
Config was last written by a newer OpenClaw (2026.6.8); current version is 2026.3.24.
Config was last written by a newer OpenClaw (2026.6.8); current version is 2026.3.24.
Config was last written by a newer OpenClaw (2026.6.8); current version is 2026.3.24.
Config was last written by a newer OpenClaw (2026.6.8); current version is 2026.3.24.
Config was last written by a newer OpenClaw (2026.6.8); current version is 2026.3.24.
Config was last written by a newer OpenClaw (2026.6.8); current version is 2026.3.24.
Config was last written by a newer OpenClaw (2026.6.8); current version is 2026.3.24.
Config was last written by a newer OpenClaw (2026.6.8); current version is 2026.3.24.
Config was last written by a newer OpenClaw (2026.6.8); current version is 2026.3.24.
Config was last written by a newer OpenClaw (2026.6.8); current version is 2026.3.24.
Config was last written by a newer OpenClaw (2026.6.8); current version is 2026.3.24.
Config was last written by a newer OpenClaw (2026.6.8); current version is 2026.3.24.
Config was last written by a newer OpenClaw (2026.6.8); current version is 2026.3.24.
Config was last written by a newer OpenClaw (2026.6.8); current version is 2026.3.24.
Config was last written by a newer OpenClaw (2026.6.8); current version is 2026.3.24.
Config was last written by a newer OpenClaw (2026.6.8); current version is 2026.3.24.
Config was last written by a newer OpenClaw (2026.6.8); current version is 2026.3.24.
Config was last written by a newer OpenClaw (2026.6.8); current version is 2026.3.24.
Config was last written by a newer OpenClaw (2026.6.8); current version is 2026.3.24.
Config was last written by a newer OpenClaw (2026.6.8); current version is 2026.3.24.
Config was last written by a newer OpenClaw (2026.6.8); current version is 2026.3.24.
Config was last written by a newer OpenClaw (2026.6.8); current version is 2026.3.24.
Config was last written by a newer OpenClaw (2026.6.8); current version is 2026.3.24.
Config was last written by a newer OpenClaw (2026.6.8); current version is 2026.3.24.
Config was last written by a newer OpenClaw (2026.6.8); current version is 2026.3.24.
Config was last written by a newer OpenClaw (2026.6.8); current version is 2026.3.24.
Config was last written by a newer OpenClaw (2026.6.8); current version is 2026.3.24.
Config was last written by a newer OpenClaw (2026.6.8); current version is 2026.3.24.
Config was last written by a newer OpenClaw (2026.6.8); current version is 2026.3.24.
Config was last written by a newer OpenClaw (2026.6.8); current version is 2026.3.24.
Config was last written by a newer OpenClaw (2026.6.8); current version is 2026.3.24.
Config was last written by a newer OpenClaw (2026.6.8); current version is 2026.3.24.
Config was last written by a newer OpenClaw (2026.6.8); current version is 2026.3.24.
Config was last written by a newer OpenClaw (2026.6.8); current version is 2026.3.24.
Config was last written by a newer OpenClaw (2026.6.8); current version is 2026.3.24.
Config was last written by a newer OpenClaw (2026.6.8); current version is 2026.3.24.
Config was last written by a newer OpenClaw (2026.6.8); current version is 2026.3.24.
Config was last written by a newer OpenClaw (2026.6.8); current version is 2026.3.24.
Config was last written by a newer OpenClaw (2026.6.8); current version is 2026.3.24.
Config was last written by a newer OpenClaw (2026.6.8); current version is 2026.3.24.
Config was last written by a newer OpenClaw (2026.6.8); current version is 2026.3.24.
Config was last written by a newer OpenClaw (2026.6.8); current version is 2026.3.24.
Config was last written by a newer OpenClaw (2026.6.8); current version is 2026.3.24.
Config was last written by a newer OpenClaw (2026.6.8); current version is 2026.3.24.
Config was last written by a newer OpenClaw (2026.6.8); current version is 2026.3.24.
Config was last written by a newer OpenClaw (2026.6.8); current version is 2026.3.24.
Config was last written by a newer OpenClaw (2026.6.8); current version is 2026.3.24.
Config was last written by a newer OpenClaw (2026.6.8); current version is 2026.3.24.
Config was last written by a newer OpenClaw (2026.6.8); current version is 2026.3.24.
Config was last written by a newer OpenClaw (2026.6.8); current version is 2026.3.24.
Config was last written by a newer OpenClaw (2026.6.8); current version is 2026.3.24.
Config was last written by a newer OpenClaw (2026.6.8); current version is 2026.3.24.
Config was last written by a newer OpenClaw (2026.6.8); current version is 2026.3.24.
Config was last written by a newer OpenClaw (2026.6.8); current version is 2026.3.24.
Config was last written by a newer OpenClaw (2026.6.8); current version is 2026.3.24.
Config was last written by a newer OpenClaw (2026.6.8); current version is 2026.3.24.
Config was last written by a newer OpenClaw (2026.6.8); current version is 2026.3.24.
Config was last written by a newer OpenClaw (2026.6.8); current version is 2026.3.24.
Config was last written by a newer OpenClaw (2026.6.8); current version is 2026.3.24.
Config was last written by a newer OpenClaw (2026.6.8); current version is 2026.3.24.
Config was last written by a newer OpenClaw (2026.6.8); current version is 2026.3.24.
Config was last written by a newer OpenClaw (2026.6.8); current version is 2026.3.24.
Config was last written by a newer OpenClaw (2026.6.8); current version is 2026.3.24.
Config was last written by a newer OpenClaw (2026.6.8); current version is 2026.3.24.
Config was last written by a newer OpenClaw (2026.6.8); current version is 2026.3.24.
Config was last written by a newer OpenClaw (2026.6.8); current version is 2026.3.24.
Config was last written by a newer OpenClaw (2026.6.8); current version is 2026.3.24.
Config was last written by a newer OpenClaw (2026.6.8); current version is 2026.3.24.
Config was last written by a newer OpenClaw (2026.6.8); current version is 2026.3.24.
Config was last written by a newer OpenClaw (2026.6.8); current version is 2026.3.24.
Config was last written by a newer OpenClaw (2026.6.8); current version is 2026.3.24.
Config was last written by a newer OpenClaw (2026.6.8); current version is 2026.3.24.
Config was last written by a newer OpenClaw (2026.6.8); current version is 2026.3.24.
Config was last written by a newer OpenClaw (2026.6.8); current version is 2026.3.24.
Config was last written by a newer OpenClaw (2026.6.8); current version is 2026.3.24.
Config was last written by a newer OpenClaw (2026.6.8); current version is 2026.3.24.
Config was last written by a newer OpenClaw (2026.6.8); current version is 2026.3.24.
Config was last written by a newer OpenClaw (2026.6.8); current version is 2026.3.24.
Config was last written by a newer OpenClaw (2026.6.8); current version is 2026.3.24.
Config was last written by a newer OpenClaw (2026.6.8); current version is 2026.3.24.
Config was last written by a newer OpenClaw (2026.6.8); current version is 2026.3.24.
Config was last written by a newer OpenClaw (2026.6.8); current version is 2026.3.24.
Config was last written by a newer OpenClaw (2026.6.8); current version is 2026.3.24.
Config was last written by a newer OpenClaw (2026.6.8); current version is 2026.3.24.
Config was last written by a newer OpenClaw (2026.6.8); current version is 2026.3.24.
Config was last written by a newer OpenClaw (2026.6.8); current version is 2026.3.24.
Config was last written by a newer OpenClaw (2026.6.8); current version is 2026.3.24.
Config was last written by a newer OpenClaw (2026.6.8); current version is 2026.3.24.
Config was last written by a newer OpenClaw (2026.6.8); current version is 2026.3.24.
Config was last written by a newer OpenClaw (2026.6.8); current version is 2026.3.24.
Config was last written by a newer OpenClaw (2026.6.8); current version is 2026.3.24.
Config was last written by a newer OpenClaw (2026.6.8); current version is 2026.3.24.
Config was last written by a newer OpenClaw (2026.6.8); current version is 2026.3.24.
Config was last written by a newer OpenClaw (2026.6.8); current version is 2026.3.24.
Config was last written by a newer OpenClaw (2026.6.8); current version is 2026.3.24.
Config was last written by a newer OpenClaw (2026.6.8); current version is 2026.3.24.
Config was last written by a newer OpenClaw (2026.6.8); current version is 2026.3.24.
Config was last written by a newer OpenClaw (2026.6.8); current version is 2026.3.24.
Config was last written by a newer OpenClaw (2026.6.8); current version is 2026.3.24.
Config was last written by a newer OpenClaw (2026.6.8); current version is 2026.3.24.
Config was last written by a newer OpenClaw (2026.6.8); current version is 2026.3.24.
Config was last written by a newer OpenClaw (2026.6.8); current version is 2026.3.24.
Config was last written by a newer OpenClaw (2026.6.8); current version is 2026.3.24.
Config was last written by a newer OpenClaw (2026.6.8); current version is 2026.3.24.
Config was last written by a newer OpenClaw (2026.6.8); current version is 2026.3.24.
Config was last written by a newer OpenClaw (2026.6.8); current version is 2026.3.24.
Config was last written by a newer OpenClaw (2026.6.8); current version is 2026.3.24.
Config was last written by a newer OpenClaw (2026.6.8); current version is 2026.3.24.
Config was last written by a newer OpenClaw (2026.6.8); current version is 2026.3.24.
Config was last written by a newer OpenClaw (2026.6.8); current version is 2026.3.24.
Config was last written by a newer OpenClaw (2026.6.8); current version is 2026.3.24.
Config was last written by a newer OpenClaw (2026.6.8); current version is 2026.3.24.
Config was last written by a newer OpenClaw (2026.6.8); current version is 2026.3.24.
Config was last written by a newer OpenClaw (2026.6.8); current version is 2026.3.24.
Config was last written by a newer OpenClaw (2026.6.8); current version is 2026.3.24.
Config was last written by a newer OpenClaw (2026.6.8); current version is 2026.3.24.
Config was last written by a newer OpenClaw (2026.6.8); current version is 2026.3.24.
Config was last written by a newer OpenClaw (2026.6.8); current version is 2026.3.24.
Config was last written by a newer OpenClaw (2026.6.8); current version is 2026.3.24.
Config was last written by a newer OpenClaw (2026.6.8); current version is 2026.3.24.
Config was last written by a newer OpenClaw (2026.6.8); current version is 2026.3.24.
Config was last written by a newer OpenClaw (2026.6.8); current version is 2026.3.24.
Config was last written by a newer OpenClaw (2026.6.8); current version is 2026.3.24.
Config was last written by a newer OpenClaw (2026.6.8); current version is 2026.3.24.
Config was last written by a newer OpenClaw (2026.6.8); current version is 2026.3.24.
Config was last written by a newer OpenClaw (2026.6.8); current version is 2026.3.24.
Config was last written by a newer OpenClaw (2026.6.8); current version is 2026.3.24.
Config was last written by a newer OpenClaw (2026.6.8); current version is 2026.3.24.
Config was last written by a newer OpenClaw (2026.6.8); current version is 2026.3.24.
Config was last written by a newer OpenClaw (2026.6.8); current version is 2026.3.24.
Config was last written by a newer OpenClaw (2026.6.8); current version is 2026.3.24.
Config was last written by a newer OpenClaw (2026.6.8); current version is 2026.3.24.
Config was last written by a newer OpenClaw (2026.6.8); current version is 2026.3.24.
Config was last written by a newer OpenClaw (2026.6.8); current version is 2026.3.24.
Config was last written by a newer OpenClaw (2026.6.8); current version is 2026.3.24.
Config was last written by a newer OpenClaw (2026.6.8); current version is 2026.3.24.
Config was last written by a newer OpenClaw (2026.6.8); current version is 2026.3.24.
Config was last written by a newer OpenClaw (2026.6.8); current version is 2026.3.24.
Config was last written by a newer OpenClaw (2026.6.8); current version is 2026.3.24.
Config was last written by a newer OpenClaw (2026.6.8); current version is 2026.3.24.
Config was last written by a newer OpenClaw (2026.6.8); current version is 2026.3.24.
Config was last written by a newer OpenClaw (2026.6.8); current version is 2026.3.24.
Config was last written by a newer OpenClaw (2026.6.8); current version is 2026.3.24.
Config was last written by a newer OpenClaw (2026.6.8); current version is 2026.3.24.
Config was last written by a newer OpenClaw (2026.6.8); current version is 2026.3.24.
Config was last written by a newer OpenClaw (2026.6.8); current version is 2026.3.24.
Config was last written by a newer OpenClaw (2026.6.8); current version is 2026.3.24.
Config was last written by a newer OpenClaw (2026.6.8); current version is 2026.3.24.
Config was last written by a newer OpenClaw (2026.6.8); current version is 2026.3.24.
Config was last written by a newer OpenClaw (2026.6.8); current version is 2026.3.24.
Config was last written by a newer OpenClaw (2026.6.8); current version is 2026.3.24.
Config was last written by a newer OpenClaw (2026.6.8); current version is 2026.3.24.
Config was last written by a newer OpenClaw (2026.6.8); current version is 2026.3.24.
Config was last written by a newer OpenClaw (2026.6.8); current version is 2026.3.24.
Config was last written by a newer OpenClaw (2026.6.8); current version is 2026.3.24.
Config was last written by a newer OpenClaw (2026.6.8); current version is 2026.3.24.
Config was last written by a newer OpenClaw (2026.6.8); current version is 2026.3.24.
Config was last written by a newer OpenClaw (2026.6.8); current version is 2026.3.24.
Config was last written by a newer OpenClaw (2026.6.8); current version is 2026.3.24.
Config was last written by a newer OpenClaw (2026.6.8); current version is 2026.3.24.
Config was last written by a newer OpenClaw (2026.6.8); current version is 2026.3.24.
Config was last written by a newer OpenClaw (2026.6.8); current version is 2026.3.24.
Config was last written by a newer OpenClaw (2026.6.8); current version is 2026.3.24.
Config was last written by a newer OpenClaw (2026.6.8); current version is 2026.3.24.
Config was last written by a newer OpenClaw (2026.6.8); current version is 2026.3.24.
Config was last written by a newer OpenClaw (2026.6.8); current version is 2026.3.24.
Config was last written by a newer OpenClaw (2026.6.8); current version is 2026.3.24.
Config was last written by a newer OpenClaw (2026.6.8); current version is 2026.3.24.
Config was last written by a newer OpenClaw (2026.6.8); current version is 2026.3.24.
Config was last written by a newer OpenClaw (2026.6.8); current version is 2026.3.24.
Config was last written by a newer OpenClaw (2026.6.8); current version is 2026.3.24.
Config was last written by a newer OpenClaw (2026.6.8); current version is 2026.3.24.
Config was last written by a newer OpenClaw (2026.6.8); current version is 2026.3.24.
Config was last written by a newer OpenClaw (2026.6.8); current version is 2026.3.24.
Config was last written by a newer OpenClaw (2026.6.8); current version is 2026.3.24.
Config was last written by a newer OpenClaw (2026.6.8); current version is 2026.3.24.
Config was last written by a newer OpenClaw (2026.6.8); current version is 2026.3.24.
Config was last written by a newer OpenClaw (2026.6.8); current version is 2026.3.24.
Config was last written by a newer OpenClaw (2026.6.8); current version is 2026.3.24.
Config was last written by a newer OpenClaw (2026.6.8); current version is 2026.3.24.
Config was last written by a newer OpenClaw (2026.6.8); current version is 2026.3.24.
Config was last written by a newer OpenClaw (2026.6.8); current version is 2026.3.24.
Config was last written by a newer OpenClaw (2026.6.8); current version is 2026.3.24.
Config was last written by a newer OpenClaw (2026.6.8); current version is 2026.3.24.
Config was last written by a newer OpenClaw (2026.6.8); current version is 2026.3.24.
Config was last written by a newer OpenClaw (2026.6.8); current version is 2026.3.24.
Config was last written by a newer OpenClaw (2026.6.8); current version is 2026.3.24.
Config was last written by a newer OpenClaw (2026.6.8); current version is 2026.3.24.
Config was last written by a newer OpenClaw (2026.6.8); current version is 2026.3.24.
Config was last written by a newer OpenClaw (2026.6.8); current version is 2026.3.24.
Config was last written by a newer OpenClaw (2026.6.8); current version is 2026.3.24.
Config was last written by a newer OpenClaw (2026.6.8); current version is 2026.3.24.
Config was last written by a newer OpenClaw (2026.6.8); current version is 2026.3.24.
Config was last written by a newer OpenClaw (2026.6.8); current version is 2026.3.24.
Config was last written by a newer OpenClaw (2026.6.8); current version is 2026.3.24.
Config was last written by a newer OpenClaw (2026.6.8); current version is 2026.3.24.
Config was last written by a newer OpenClaw (2026.6.8); current version is 2026.3.24.
Config was last written by a newer OpenClaw (2026.6.8); current version is 2026.3.24.
Config was last written by a newer OpenClaw (2026.6.8); current version is 2026.3.24.
Config was last written by a newer OpenClaw (2026.6.8); current version is 2026.3.24.
Config was last written by a newer OpenClaw (2026.6.8); current version is 2026.3.24.
Config was last written by a newer OpenClaw (2026.6.8); current version is 2026.3.24.
Config was last written by a newer OpenClaw (2026.6.8); current version is 2026.3.24.
Config was last written by a newer OpenClaw (2026.6.8); current version is 2026.3.24.
Config was last written by a newer OpenClaw (2026.6.8); current version is 2026.3.24.
Config was last written by a newer OpenClaw (2026.6.8); current version is 2026.3.24.
Config was last written by a newer OpenClaw (2026.6.8); current version is 2026.3.24.
Config was last written by a newer OpenClaw (2026.6.8); current version is 2026.3.24.
Config was last written by a newer OpenClaw (2026.6.8); current version is 2026.3.24.
Config was last written by a newer OpenClaw (2026.6.8); current version is 2026.3.24.
Config was last written by a newer OpenClaw (2026.6.8); current version is 2026.3.24.
Config was last written by a newer OpenClaw (2026.6.8); current version is 2026.3.24.
Config was last written by a newer OpenClaw (2026.6.8); current version is 2026.3.24.
Config was last written by a newer OpenClaw (2026.6.8); current version is 2026.3.24.
Config was last written by a newer OpenClaw (2026.6.8); current version is 2026.3.24.
Config was last written by a newer OpenClaw (2026.6.8); current version is 2026.3.24.
Config was last written by a newer OpenClaw (2026.6.8); current version is 2026.3.24.
Config was last written by a newer OpenClaw (2026.6.8); current version is 2026.3.24.
Config was last written by a newer OpenClaw (2026.6.8); current version is 2026.3.24.
Config was last written by a newer OpenClaw (2026.6.8); current version is 2026.3.24.
Config was last written by a newer OpenClaw (2026.6.8); current version is 2026.3.24.
Config was last written by a newer OpenClaw (2026.6.8); current version is 2026.3.24.
Config was last written by a newer OpenClaw (2026.6.8); current version is 2026.3.24.
Config was last written by a newer OpenClaw (2026.6.8); current version is 2026.3.24.
Config was last written by a newer OpenClaw (2026.6.8); current version is 2026.3.24.
Config was last written by a newer OpenClaw (2026.6.8); current version is 2026.3.24.
Config was last written by a newer OpenClaw (2026.6.8); current version is 2026.3.24.
Config was last written by a newer OpenClaw (2026.6.8); current version is 2026.3.24.
Config was last written by a newer OpenClaw (2026.6.8); current version is 2026.3.24.
Config was last written by a newer OpenClaw (2026.6.8); current version is 2026.3.24.
Config was last written by a newer OpenClaw (2026.6.8); current version is 2026.3.24.
Config was last written by a newer OpenClaw (2026.6.8); current version is 2026.3.24.
Config was last written by a newer OpenClaw (2026.6.8); current version is 2026.3.24.
Config was last written by a newer OpenClaw (2026.6.8); current version is 2026.3.24.
Config was last written by a newer OpenClaw (2026.6.8); current version is 2026.3.24.
Config was last written by a newer OpenClaw (2026.6.8); current version is 2026.3.24.
Config was last written by a newer OpenClaw (2026.6.8); current version is 2026.3.24.
Config was last written by a newer OpenClaw (2026.6.8); current version is 2026.3.24.
Config was last written by a newer OpenClaw (2026.6.8); current version is 2026.3.24.
Config was last written by a newer OpenClaw (2026.6.8); current version is 2026.3.24.
Config was last written by a newer OpenClaw (2026.6.8); current version is 2026.3.24.
Config was last written by a newer OpenClaw (2026.6.8); current version is 2026.3.24.
Config was last written by a newer OpenClaw (2026.6.8); current version is 2026.3.24.
Config was last written by a newer OpenClaw (2026.6.8); current version is 2026.3.24.
Config was last written by a newer OpenClaw (2026.6.8); current version is 2026.3.24.
Config was last written by a newer OpenClaw (2026.6.8); current version is 2026.3.24.
Config was last written by a newer OpenClaw (2026.6.8); current version is 2026.3.24.
Config was last written by a newer OpenClaw (2026.6.8); current version is 2026.3.24.
Config was last written by a newer OpenClaw (2026.6.8); current version is 2026.3.24.
Config was last written by a newer OpenClaw (2026.6.8); current version is 2026.3.24.
Config was last written by a newer OpenClaw (2026.6.8); current version is 2026.3.24.
Config was last written by a newer OpenClaw (2026.6.8); current version is 2026.3.24.
Config was last written by a newer OpenClaw (2026.6.8); current version is 2026.3.24.
Config was last written by a newer OpenClaw (2026.6.8); current version is 2026.3.24.
Config was last written by a newer OpenClaw (2026.6.8); current version is 2026.3.24.
Config was last written by a newer OpenClaw (2026.6.8); current version is 2026.3.24.
Config was last written by a newer OpenClaw (2026.6.8); current version is 2026.3.24.
Config was last written by a newer OpenClaw (2026.6.8); current version is 2026.3.24.
Config was last written by a newer OpenClaw (2026.6.8); current version is 2026.3.24.
Config was last written by a newer OpenClaw (2026.6.8); current version is 2026.3.24.
Config was last written by a newer OpenClaw (2026.6.8); current version is 2026.3.24.
Config was last written by a newer OpenClaw (2026.6.8); current version is 2026.3.24.
Config was last written by a newer OpenClaw (2026.6.8); current version is 2026.3.24.
Config was last written by a newer OpenClaw (2026.6.8); current version is 2026.3.24.
Config was last written by a newer OpenClaw (2026.6.8); current version is 2026.3.24.
Config was last written by a newer OpenClaw (2026.6.8); current version is 2026.3.24.
Config was last written by a newer OpenClaw (2026.6.8); current version is 2026.3.24.
Config was last written by a newer OpenClaw (2026.6.8); current version is 2026.3.24.
Config was last written by a newer OpenClaw (2026.6.8); current version is 2026.3.24.
Config was last written by a newer OpenClaw (2026.6.8); current version is 2026.3.24.
Config was last written by a newer OpenClaw (2026.6.8); current version is 2026.3.24.
Config was last written by a newer OpenClaw (2026.6.8); current version is 2026.3.24.
Config was last written by a newer OpenClaw (2026.6.8); current version is 2026.3.24.
Config was last written by a newer OpenClaw (2026.6.8); current version is 2026.3.24.
Config was last written by a newer OpenClaw (2026.6.8); current version is 2026.3.24.
Config was last written by a newer OpenClaw (2026.6.8); current version is 2026.3.24.
Config was last written by a newer OpenClaw (2026.6.8); current version is 2026.3.24.
Config was last written by a newer OpenClaw (2026.6.8); current version is 2026.3.24.
Config was last written by a newer OpenClaw (2026.6.8); current version is 2026.3.24.
Config was last written by a newer OpenClaw (2026.6.8); current version is 2026.3.24.
Config was last written by a newer OpenClaw (2026.6.8); current version is 2026.3.24.
Config was last written by a newer OpenClaw (2026.6.8); current version is 2026.3.24.
Config was last written by a newer OpenClaw (2026.6.8); current version is 2026.3.24.
Config was last written by a newer OpenClaw (2026.6.8); current version is 2026.3.24.
Config was last written by a newer OpenClaw (2026.6.8); current version is 2026.3.24.
Config was last written by a newer OpenClaw (2026.6.8); current version is 2026.3.24.
Config was last written by a newer OpenClaw (2026.6.8); current version is 2026.3.24.
Config was last written by a newer OpenClaw (2026.6.8); current version is 2026.3.24.
Config was last written by a newer OpenClaw (2026.6.8); current version is 2026.3.24.
Config was last written by a newer OpenClaw (2026.6.8); current version is 2026.3.24.
Config was last written by a newer OpenClaw (2026.6.8); current version is 2026.3.24.
Config was last written by a newer OpenClaw (2026.6.8); current version is 2026.3.24.
Config was last written by a newer OpenClaw (2026.6.8); current version is 2026.3.24.
Config was last written by a newer OpenClaw (2026.6.8); current version is 2026.3.24.
Config was last written by a newer OpenClaw (2026.6.8); current version is 2026.3.24.
Config was last written by a newer OpenClaw (2026.6.8); current version is 2026.3.24.
Config was last written by a newer OpenClaw (2026.6.8); current version is 2026.3.24.
Config was last written by a newer OpenClaw (2026.6.8); current version is 2026.3.24.
Config was last written by a newer OpenClaw (2026.6.8); current version is 2026.3.24.
Config was last written by a newer OpenClaw (2026.6.8); current version is 2026.3.24.
Config was last written by a newer OpenClaw (2026.6.8); current version is 2026.3.24.
Config was last written by a newer OpenClaw (2026.6.8); current version is 2026.3.24.
Config was last written by a newer OpenClaw (2026.6.8); current version is 2026.3.24.
Config was last written by a newer OpenClaw (2026.6.8); current version is 2026.3.24.
Config was last written by a newer OpenClaw (2026.6.8); current version is 2026.3.24.
Config was last written by a newer OpenClaw (2026.6.8); current version is 2026.3.24.
Config was last written by a newer OpenClaw (2026.6.8); current version is 2026.3.24.
Config was last written by a newer OpenClaw (2026.6.8); current version is 2026.3.24.
Config was last written by a newer OpenClaw (2026.6.8); current version is 2026.3.24.
Config was last written by a newer OpenClaw (2026.6.8); current version is 2026.3.24.
Config was last written by a newer OpenClaw (2026.6.8); current version is 2026.3.24.
Config was last written by a newer OpenClaw (2026.6.8); current version is 2026.3.24.
Config was last written by a newer OpenClaw (2026.6.8); current version is 2026.3.24.
Config was last written by a newer OpenClaw (2026.6.8); current version is 2026.3.24.
Config was last written by a newer OpenClaw (2026.6.8); current version is 2026.3.24.
Config was last written by a newer OpenClaw (2026.6.8); current version is 2026.3.24.
Config was last written by a newer OpenClaw (2026.6.8); current version is 2026.3.24.
Config was last written by a newer OpenClaw (2026.6.8); current version is 2026.3.24.
Config was last written by a newer OpenClaw (2026.6.8); current version is 2026.3.24.
Config was last written by a newer OpenClaw (2026.6.8); current version is 2026.3.24.
Config was last written by a newer OpenClaw (2026.6.8); current version is 2026.3.24.
Config was last written by a newer OpenClaw (2026.6.8); current version is 2026.3.24.
Config was last written by a newer OpenClaw (2026.6.8); current version is 2026.3.24.
Config was last written by a newer OpenClaw (2026.6.8); current version is 2026.3.24.
Config was last written by a newer OpenClaw (2026.6.8); current version is 2026.3.24.
Config was last written by a newer OpenClaw (2026.6.8); current version is 2026.3.24.
Config was last written by a newer OpenClaw (2026.6.8); current version is 2026.3.24.
Config was last written by a newer OpenClaw (2026.6.8); current version is 2026.3.24.
Config was last written by a newer OpenClaw (2026.6.8); current version is 2026.3.24.
Config was last written by a newer OpenClaw (2026.6.8); current version is 2026.3.24.
Config was last written by a newer OpenClaw (2026.6.8); current version is 2026.3.24.
Config was last written by a newer OpenClaw (2026.6.8); current version is 2026.3.24.
Config was last written by a newer OpenClaw (2026.6.8); current version is 2026.3.24.
Config was last written by a newer OpenClaw (2026.6.8); current version is 2026.3.24.
Config was last written by a newer OpenClaw (2026.6.8); current version is 2026.3.24.
Config was last written by a newer OpenClaw (2026.6.8); current version is 2026.3.24.
Config was last written by a newer OpenClaw (2026.6.8); current version is 2026.3.24.
[tools] tools.profile (coding) allowlist contains unknown entries (apply_patch). These entries are shipped core tools but unavailable in the current runtime/provider/model/config.
[tools] tools.profile (coding) allowlist contains unknown entries (apply_patch). These entries are shipped core tools but unavailable in the current runtime/provider/model/config.
[auto_v3]   [agent running 30s] session: 0 messages
[auto_v3]   [agent running 30s] session: 0 messages
[auto_v3]   [agent running 60s] session: 11 messages
[auto_v3]   [agent running 60s] session: 11 messages
[auto_v3]   [agent running 90s] session: 14 messages
[auto_v3]   [agent running 90s] session: 14 messages
[auto_v3]   [agent running 120s] session: 17 messages
[auto_v3]   [agent running 120s] session: 17 messages
[auto_v3]   [agent running 150s] session: 20 messages
[auto_v3]   [agent running 150s] session: 20 messages
[auto_v3]   [agent running 180s] session: 22 messages
[auto_v3]   [agent running 180s] session: 22 messages
[auto_v3]   [agent running 210s] session: 25 messages
[auto_v3]   [agent running 210s] session: 25 messages
[auto_v3]   [agent running 240s] session: 29 messages
[auto_v3]   [agent running 240s] session: 29 messages
[auto_v3]   [agent running 270s] session: 33 messages
[auto_v3]   [agent running 270s] session: 33 messages
[auto_v3]   [agent running 300s] session: 39 messages
[auto_v3]   [agent running 300s] session: 39 messages
[auto_v3]   [agent running 330s] session: 39 messages
[auto_v3]   [agent running 330s] session: 39 messages
[auto_v3]   [agent running 360s] session: 41 messages
[auto_v3]   [agent running 360s] session: 41 messages
[auto_v3]   [agent running 390s] session: 41 messages
[auto_v3]   [agent running 390s] session: 41 messages
[auto_v3]   [agent running 420s] session: 41 messages
[auto_v3]   [agent running 420s] session: 41 messages
[auto_v3]   [agent running 450s] session: 41 messages
[auto_v3]   [agent running 450s] session: 41 messages
[auto_v3]   [agent running 480s] session: 45 messages
[auto_v3]   [agent running 480s] session: 45 messages
[auto_v3]   [agent running 510s] session: 45 messages
[auto_v3]   [agent running 510s] session: 45 messages
[auto_v3]   [agent running 540s] session: 45 messages
[auto_v3]   [agent running 540s] session: 45 messages
[auto_v3]   [agent running 570s] session: 45 messages
[auto_v3]   [agent running 570s] session: 45 messages
[auto_v3]   [agent running 600s] session: 46 messages
[auto_v3]   [agent running 600s] session: 46 messages
[agent/embedded] embedded run timeout: runId=fix_quantize_869_1785135568 sessionId=fix_quantize_869_1785135568 timeoutMs=600000
[agent/embedded] embedded run timeout: runId=fix_quantize_869_1785135568 sessionId=fix_quantize_869_1785135568 timeoutMs=600000
[auto_v3]   [agent running 630s] session: 50 messages
[auto_v3]   [agent running 630s] session: 50 messages
[agent/embedded] Profile minimax:cn timed out. Trying next account...
[agent/embedded] Profile minimax:cn timed out. Trying next account...
[agent/embedded] embedded run failover decision: runId=fix_quantize_869_1785135568 stage=assistant decision=surface_error reason=timeout provider=minimax/MiniMax-M3 profile=sha256:c38c74a5066a
[agent/embedded] embedded run failover decision: runId=fix_quantize_869_1785135568 stage=assistant decision=surface_error reason=timeout provider=minimax/MiniMax-M3 profile=sha256:c38c74a5066a
[agent] run fix_quantize_869_1785135568 ended with stopReason=toolUse
[agent] run fix_quantize_869_1785135568 ended with stopReason=toolUse
I'll analyze this error following the mandatory protocol. Let me first gather evidence with read-only commands.
I'll analyze this error following the mandatory protocol. Let me first gather evidence with read-only commands.
Now I have enough evidence. Let me print the protocol block:

**COMPONENT:** environment
**ERROR_CLASS:** missing_dependency
**ROOT_CAUSE_HYPOTHESIS:** AutoRound's `mllm_load_model` (line 758 in `auto_round/utils/model.py`) calls `AutoProcessor.from_pretrained`, which loads `Qwen2VLImageProcessor` (resolved from the deprecated `Qwen2VLImageProcessorFast` in the model's `preprocessor_config.json`). This image processor class requires `torchvision` and `PIL` at import time, but neither package is installed in the Python environment.
**EVIDENCE_CMD:** `python3 -c "import torchvision; print('ok')"` and `python3 -c "import PIL; print('ok')"`
**EVIDENCE_RESULT:** `ModuleNotFoundError: No module named 'torchvision'` AND `ModuleNotFoundError: No module named 'PIL'`
**VERDICT:** FIXABLE
**UNFIXABLE_REASON:** N/A
**FIX_TIER:** config (install missing dependencies)
**FIX_PLAN:** Install `torchvision` and `pillow` via `uv pip install` so that `Qwen2VLImageProcessor` can import successfully. The model architecture (`Qwen3_5MoeForConditionalGeneration`) IS supported by auto_round 0.14.2 (AWQ mappings, norm wrappers, GGUF export all reference it) and exists in the installed transformers. The only blocker is the processor import.
**SMOKE_TEST:** `python3 -c "import torchvision; import PIL; from transformers import AutoProcessor; p = AutoProcessor.from_pretrained('/root/.cache/huggingface/hub/models--Don-oz--Tess-4-35B-A3B/snapshots/b42bfd348a6fcd96207cbe7654abf2a8fd396254'); print('Processor:', type(p).__name__)"`
Now I have enough evidence. Let me print the protocol block:

**COMPONENT:** environment
**ERROR_CLASS:** missing_dependency
**ROOT_CAUSE_HYPOTHESIS:** AutoRound's `mllm_load_model` (line 758 in `auto_round/utils/model.py`) calls `AutoProcessor.from_pretrained`, which loads `Qwen2VLImageProcessor` (resolved from the deprecated `Qwen2VLImageProcessorFast` in the model's `preprocessor_config.json`). This image processor class requires `torchvision` and `PIL` at import time, but neither package is installed in the Python environment.
**EVIDENCE_CMD:** `python3 -c "import torchvision; print('ok')"` and `python3 -c "import PIL; print('ok')"`
**EVIDENCE_RESULT:** `ModuleNotFoundError: No module named 'torchvision'` AND `ModuleNotFoundError: No module named 'PIL'`
**VERDICT:** FIXABLE
**UNFIXABLE_REASON:** N/A
**FIX_TIER:** config (install missing dependencies)
**FIX_PLAN:** Install `torchvision` and `pillow` via `uv pip install` so that `Qwen2VLImageProcessor` can import successfully. The model architecture (`Qwen3_5MoeForConditionalGeneration`) IS supported by auto_round 0.14.2 (AWQ mappings, norm wrappers, GGUF export all reference it) and exists in the installed transformers. The only blocker is the processor import.
**SMOKE_TEST:** `python3 -c "import torchvision; import PIL; from transformers import AutoProcessor; p = AutoProcessor.from_pretrained('/root/.cache/huggingface/hub/models--Don-oz--Tess-4-35B-A3B/snapshots/b42bfd348a6fcd96207cbe7654abf2a8fd396254'); print('Processor:', type(p).__name__)"`
Processor loads successfully. Now let me re-run the quantization phase:
Processor loads successfully. Now let me re-run the quantization phase:
[auto_v3]   [agent running 661s] session: 50 messages
[auto_v3]   [agent running 661s] session: 50 messages
[auto_v3]   [agent running 691s] session: 50 messages
[auto_v3]   [agent running 691s] session: 50 messages
[auto_v3]   [agent running 721s] session: 50 messages
[auto_v3]   [agent running 721s] session: 50 messages
[auto_v3]   [agent running 751s] session: 50 messages
[auto_v3]   [agent running 751s] session: 50 messages
[auto_v3]   [agent running 781s] session: 50 messages
[auto_v3]   [agent running 781s] session: 50 messages
[auto_v3]   [agent running 811s] session: 50 messages
[auto_v3]   [agent running 811s] session: 50 messages
[auto_v3]   [agent running 841s] session: 50 messages
[auto_v3]   [agent running 841s] session: 50 messages
[auto_v3]   [agent running 871s] session: 50 messages
[auto_v3]   [agent running 871s] session: 50 messages
[auto_v3] Agent timed out after 600s
[auto_v3] Agent timed out after 600s
[auto_v3]   Agent session complete: 45 messages, 0
0 tool calls
[auto_v3]   Agent session complete: 45 messages, 0
0 tool calls
[auto_v3] Effective error class: missing_dependency (agent='missing_dependency', taxonomy='multimodal_unsupported')
[auto_v3] Effective error class: missing_dependency (agent='missing_dependency', taxonomy='multimodal_unsupported')
[auto_v3] Running agent smoke test: python3 -c "import torchvision; import PIL; from transformers import AutoProcessor; p = AutoProcessor.from_pretrained('/root/.cache/huggingface/hub/models--Don-oz--Tess-4-35B-A3B/snapshots/b42bfd348a6fcd96207cbe7654abf2a8fd396254'); print('Processor:', type(p).__name__)"
[auto_v3] Running agent smoke test: python3 -c "import torchvision; import PIL; from transformers import AutoProcessor; p = AutoProcessor.from_pretrained('/root/.cache/huggingface/hub/models--Don-oz--Tess-4-35B-A3B/snapshots/b42bfd348a6fcd96207cbe7654abf2a8fd396254'); print('Processor:', type(p).__name__)"
[auto_v3] Smoke test passed — proceeding to full re-run
[auto_v3] Smoke test passed — proceeding to full re-run
[auto_v3] Re-running quantize after agent fix...
[auto_v3] Re-running quantize after agent fix...
=== Phase 2: Quantization ===
  model=Don-oz/Tess-4-35B-A3B
  scheme=W4A16
  iters=0
  export_format=auto_round
  model_free=false
  ignore_layers=<default>
  layer_config=<none>
  output_dir=/root/_work/1/s/auto_quant/output/runs/Tess-4-35B-A3B-AutoRound-W4A16-RTN/quantized_model
=== Phase 2: Quantization ===
  model=Don-oz/Tess-4-35B-A3B
  scheme=W4A16
  iters=0
  export_format=auto_round
  model_free=false
  ignore_layers=<default>
  layer_config=<none>
  output_dir=/root/_work/1/s/auto_quant/output/runs/Tess-4-35B-A3B-AutoRound-W4A16-RTN/quantized_model
07:16:15 [INFO] Quantization compute device: cuda:0 (device_map=0)
07:16:15 [INFO] Quantization compute device: cuda:0 (device_map=0)
07:16:16 [INFO] GPU0 free VRAM: 94.4GB / 95.0GB (min required: 2.0GB)
07:16:16 [INFO] Model: Don-oz/Tess-4-35B-A3B
07:16:16 [INFO] Scheme: W4A16 → AutoRound scheme='W4A16'
07:16:16 [INFO] Iters: 0 (RTN)
07:16:16 [INFO] Export format: auto_round
07:16:16 [INFO] Output: /root/_work/1/s/auto_quant/output/runs/Tess-4-35B-A3B-AutoRound-W4A16-RTN/quantized_model
07:16:16 [INFO] Device map: auto → effective: 0
07:16:16 [INFO] Loading tokenizer...
07:16:16 [INFO] GPU0 free VRAM: 94.4GB / 95.0GB (min required: 2.0GB)
07:16:16 [INFO] Model: Don-oz/Tess-4-35B-A3B
07:16:16 [INFO] Scheme: W4A16 → AutoRound scheme='W4A16'
07:16:16 [INFO] Iters: 0 (RTN)
07:16:16 [INFO] Export format: auto_round
07:16:16 [INFO] Output: /root/_work/1/s/auto_quant/output/runs/Tess-4-35B-A3B-AutoRound-W4A16-RTN/quantized_model
07:16:16 [INFO] Device map: auto → effective: 0
07:16:16 [INFO] Loading tokenizer...
07:16:16 [INFO] HTTP Request: HEAD https://huggingface.co/Don-oz/Tess-4-35B-A3B/resolve/main/config.json "HTTP/1.1 307 Temporary Redirect"
07:16:16 [INFO] HTTP Request: HEAD https://huggingface.co/Don-oz/Tess-4-35B-A3B/resolve/main/config.json "HTTP/1.1 307 Temporary Redirect"
07:16:16 [INFO] HTTP Request: HEAD https://huggingface.co/api/resolve-cache/models/Don-oz/Tess-4-35B-A3B/b42bfd348a6fcd96207cbe7654abf2a8fd396254/config.json "HTTP/1.1 200 OK"
07:16:16 [INFO] HTTP Request: HEAD https://huggingface.co/api/resolve-cache/models/Don-oz/Tess-4-35B-A3B/b42bfd348a6fcd96207cbe7654abf2a8fd396254/config.json "HTTP/1.1 200 OK"
07:16:16 [INFO] HTTP Request: HEAD https://huggingface.co/Don-oz/Tess-4-35B-A3B/resolve/main/tokenizer_config.json "HTTP/1.1 307 Temporary Redirect"
07:16:16 [INFO] HTTP Request: HEAD https://huggingface.co/Don-oz/Tess-4-35B-A3B/resolve/main/tokenizer_config.json "HTTP/1.1 307 Temporary Redirect"
07:16:16 [INFO] HTTP Request: HEAD https://huggingface.co/api/resolve-cache/models/Don-oz/Tess-4-35B-A3B/b42bfd348a6fcd96207cbe7654abf2a8fd396254/tokenizer_config.json "HTTP/1.1 200 OK"
07:16:16 [INFO] HTTP Request: HEAD https://huggingface.co/api/resolve-cache/models/Don-oz/Tess-4-35B-A3B/b42bfd348a6fcd96207cbe7654abf2a8fd396254/tokenizer_config.json "HTTP/1.1 200 OK"
07:16:16 [INFO] HTTP Request: HEAD https://huggingface.co/Don-oz/Tess-4-35B-A3B/resolve/main/tokenizer_config.json "HTTP/1.1 307 Temporary Redirect"
07:16:16 [INFO] HTTP Request: HEAD https://huggingface.co/Don-oz/Tess-4-35B-A3B/resolve/main/tokenizer_config.json "HTTP/1.1 307 Temporary Redirect"
07:16:16 [INFO] HTTP Request: HEAD https://huggingface.co/api/resolve-cache/models/Don-oz/Tess-4-35B-A3B/b42bfd348a6fcd96207cbe7654abf2a8fd396254/tokenizer_config.json "HTTP/1.1 200 OK"
07:16:16 [INFO] HTTP Request: HEAD https://huggingface.co/api/resolve-cache/models/Don-oz/Tess-4-35B-A3B/b42bfd348a6fcd96207cbe7654abf2a8fd396254/tokenizer_config.json "HTTP/1.1 200 OK"
07:16:16 [INFO] HTTP Request: GET https://huggingface.co/api/models/Don-oz/Tess-4-35B-A3B/tree/main/additional_chat_templates?recursive=false&expand=false "HTTP/1.1 404 Not Found"
07:16:16 [INFO] HTTP Request: GET https://huggingface.co/api/models/Don-oz/Tess-4-35B-A3B/tree/main/additional_chat_templates?recursive=false&expand=false "HTTP/1.1 404 Not Found"
07:16:16 [INFO] HTTP Request: GET https://huggingface.co/api/models/Don-oz/Tess-4-35B-A3B/tree/main?recursive=true&expand=false "HTTP/1.1 200 OK"
07:16:16 [INFO] HTTP Request: GET https://huggingface.co/api/models/Don-oz/Tess-4-35B-A3B/tree/main?recursive=true&expand=false "HTTP/1.1 200 OK"
07:16:17 [INFO] HTTP Request: GET https://huggingface.co/api/models/Don-oz/Tess-4-35B-A3B "HTTP/1.1 200 OK"
07:16:17 [INFO] HTTP Request: GET https://huggingface.co/api/models/Don-oz/Tess-4-35B-A3B "HTTP/1.1 200 OK"
07:16:17 [INFO] Loading model...
07:16:17 [INFO] Loading model...
07:16:17 [INFO] HTTP Request: HEAD https://huggingface.co/Don-oz/Tess-4-35B-A3B/resolve/main/config.json "HTTP/1.1 307 Temporary Redirect"
07:16:17 [INFO] HTTP Request: HEAD https://huggingface.co/Don-oz/Tess-4-35B-A3B/resolve/main/config.json "HTTP/1.1 307 Temporary Redirect"
07:16:17 [INFO] HTTP Request: HEAD https://huggingface.co/api/resolve-cache/models/Don-oz/Tess-4-35B-A3B/b42bfd348a6fcd96207cbe7654abf2a8fd396254/config.json "HTTP/1.1 200 OK"
07:16:17 [INFO] HTTP Request: HEAD https://huggingface.co/api/resolve-cache/models/Don-oz/Tess-4-35B-A3B/b42bfd348a6fcd96207cbe7654abf2a8fd396254/config.json "HTTP/1.1 200 OK"
07:16:17 [INFO] HTTP Request: HEAD https://huggingface.co/Don-oz/Tess-4-35B-A3B/resolve/main/model.safetensors "HTTP/1.1 404 Not Found"
07:16:17 [INFO] HTTP Request: HEAD https://huggingface.co/Don-oz/Tess-4-35B-A3B/resolve/main/model.safetensors "HTTP/1.1 404 Not Found"
07:16:18 [INFO] HTTP Request: HEAD https://huggingface.co/Don-oz/Tess-4-35B-A3B/resolve/main/model.safetensors.index.json "HTTP/1.1 307 Temporary Redirect"
07:16:18 [INFO] HTTP Request: HEAD https://huggingface.co/Don-oz/Tess-4-35B-A3B/resolve/main/model.safetensors.index.json "HTTP/1.1 307 Temporary Redirect"
07:16:18 [INFO] HTTP Request: HEAD https://huggingface.co/api/resolve-cache/models/Don-oz/Tess-4-35B-A3B/b42bfd348a6fcd96207cbe7654abf2a8fd396254/model.safetensors.index.json "HTTP/1.1 200 OK"
07:16:18 [INFO] HTTP Request: HEAD https://huggingface.co/api/resolve-cache/models/Don-oz/Tess-4-35B-A3B/b42bfd348a6fcd96207cbe7654abf2a8fd396254/model.safetensors.index.json "HTTP/1.1 200 OK"
07:16:18 [INFO] HTTP Request: GET https://huggingface.co/api/models/Don-oz/Tess-4-35B-A3B/revision/main "HTTP/1.1 200 OK"
07:16:18 [INFO] HTTP Request: GET https://huggingface.co/api/models/Don-oz/Tess-4-35B-A3B/revision/main "HTTP/1.1 200 OK"
[transformers] The fast path is not available because one of the required library is not installed. Falling back to torch implementation. To install follow https://github.com/fla-org/flash-linear-attention#installation and https://github.com/Dao-AILab/causal-conv1d
[transformers] The fast path is not available because one of the required library is not installed. Falling back to torch implementation. To install follow https://github.com/fla-org/flash-linear-attention#installation and https://github.com/Dao-AILab/causal-conv1d
07:16:29 [INFO] HTTP Request: HEAD https://huggingface.co/Don-oz/Tess-4-35B-A3B/resolve/main/generation_config.json "HTTP/1.1 404 Not Found"
07:16:29 [INFO] HTTP Request: HEAD https://huggingface.co/Don-oz/Tess-4-35B-A3B/resolve/main/generation_config.json "HTTP/1.1 404 Not Found"
07:16:30 [INFO] HTTP Request: HEAD https://huggingface.co/Don-oz/Tess-4-35B-A3B/resolve/main/config.json "HTTP/1.1 307 Temporary Redirect"
07:16:30 [INFO] HTTP Request: HEAD https://huggingface.co/Don-oz/Tess-4-35B-A3B/resolve/main/config.json "HTTP/1.1 307 Temporary Redirect"
07:16:30 [INFO] HTTP Request: HEAD https://huggingface.co/api/resolve-cache/models/Don-oz/Tess-4-35B-A3B/b42bfd348a6fcd96207cbe7654abf2a8fd396254/config.json "HTTP/1.1 200 OK"
07:16:30 [INFO] HTTP Request: HEAD https://huggingface.co/api/resolve-cache/models/Don-oz/Tess-4-35B-A3B/b42bfd348a6fcd96207cbe7654abf2a8fd396254/config.json "HTTP/1.1 200 OK"
07:16:30 [INFO] HTTP Request: HEAD https://huggingface.co/Don-oz/Tess-4-35B-A3B/resolve/main/custom_generate/generate.py "HTTP/1.1 404 Not Found"
07:16:30 [INFO] HTTP Request: HEAD https://huggingface.co/Don-oz/Tess-4-35B-A3B/resolve/main/custom_generate/generate.py "HTTP/1.1 404 Not Found"
07:16:30 [INFO] Architecture: Qwen3_5MoeForCausalLM (model_type=qwen3_5_moe_text, moe=True)
07:16:30 [INFO] Ignore layers (default): lm_head
07:16:30 [INFO] Configuring AutoRound...
07:16:30 [INFO] Architecture: Qwen3_5MoeForCausalLM (model_type=qwen3_5_moe_text, moe=True)
07:16:30 [INFO] Ignore layers (default): lm_head
07:16:30 [INFO] Configuring AutoRound...
[38;20m2026-07-27 07:16:30 INFO config.py L53: `enable_opt_rtn` is turned on, set `--disable_opt_rtn` for higher speed at the cost of accuracy.[0m
[38;20m2026-07-27 07:16:30 INFO config.py L53: `enable_opt_rtn` is turned on, set `--disable_opt_rtn` for higher speed at the cost of accuracy.[0m
[38;20m2026-07-27 07:16:30 INFO entry.py L745: Using MLLM mode for multimodal model.[0m
[38;20m2026-07-27 07:16:30 INFO entry.py L745: Using MLLM mode for multimodal model.[0m
07:16:30 [INFO] HTTP Request: HEAD https://huggingface.co/Don-oz/Tess-4-35B-A3B/resolve/main/config.json "HTTP/1.1 307 Temporary Redirect"
07:16:30 [INFO] HTTP Request: HEAD https://huggingface.co/Don-oz/Tess-4-35B-A3B/resolve/main/config.json "HTTP/1.1 307 Temporary Redirect"
07:16:30 [INFO] HTTP Request: HEAD https://huggingface.co/api/resolve-cache/models/Don-oz/Tess-4-35B-A3B/b42bfd348a6fcd96207cbe7654abf2a8fd396254/config.json "HTTP/1.1 200 OK"
07:16:30 [INFO] HTTP Request: HEAD https://huggingface.co/api/resolve-cache/models/Don-oz/Tess-4-35B-A3B/b42bfd348a6fcd96207cbe7654abf2a8fd396254/config.json "HTTP/1.1 200 OK"
07:16:30 [INFO] HTTP Request: HEAD https://huggingface.co/Don-oz/Tess-4-35B-A3B/resolve/main/model_index.json "HTTP/1.1 404 Not Found"
07:16:30 [INFO] HTTP Request: HEAD https://huggingface.co/Don-oz/Tess-4-35B-A3B/resolve/main/model_index.json "HTTP/1.1 404 Not Found"
404 Client Error. (Request ID: Root=1-6a6705ce-5dd93df77716e55569481c5c;c32b3291-33b3-44b1-8920-870d25c69b99)

Entry Not Found for url: https://huggingface.co/Don-oz/Tess-4-35B-A3B/resolve/main/model_index.json.
404 Client Error. (Request ID: Root=1-6a6705ce-5dd93df77716e55569481c5c;c32b3291-33b3-44b1-8920-870d25c69b99)

Entry Not Found for url: https://huggingface.co/Don-oz/Tess-4-35B-A3B/resolve/main/model_index.json.
07:16:30 [INFO] HTTP Request: HEAD https://huggingface.co/Don-oz/Tess-4-35B-A3B/resolve/main/config.json "HTTP/1.1 307 Temporary Redirect"
07:16:30 [INFO] HTTP Request: HEAD https://huggingface.co/Don-oz/Tess-4-35B-A3B/resolve/main/config.json "HTTP/1.1 307 Temporary Redirect"
07:16:30 [INFO] HTTP Request: HEAD https://huggingface.co/api/resolve-cache/models/Don-oz/Tess-4-35B-A3B/b42bfd348a6fcd96207cbe7654abf2a8fd396254/config.json "HTTP/1.1 200 OK"
07:16:30 [INFO] HTTP Request: HEAD https://huggingface.co/api/resolve-cache/models/Don-oz/Tess-4-35B-A3B/b42bfd348a6fcd96207cbe7654abf2a8fd396254/config.json "HTTP/1.1 200 OK"
07:16:30 [INFO] HTTP Request: GET https://huggingface.co/api/models/Don-oz/Tess-4-35B-A3B/tree/main?recursive=true&expand=false "HTTP/1.1 200 OK"
07:16:30 [INFO] HTTP Request: GET https://huggingface.co/api/models/Don-oz/Tess-4-35B-A3B/tree/main?recursive=true&expand=false "HTTP/1.1 200 OK"
07:16:30 [INFO] HTTP Request: HEAD https://huggingface.co/Don-oz/Tess-4-35B-A3B/resolve/main/config.json "HTTP/1.1 307 Temporary Redirect"
07:16:30 [INFO] HTTP Request: HEAD https://huggingface.co/Don-oz/Tess-4-35B-A3B/resolve/main/config.json "HTTP/1.1 307 Temporary Redirect"
07:16:30 [INFO] HTTP Request: HEAD https://huggingface.co/api/resolve-cache/models/Don-oz/Tess-4-35B-A3B/b42bfd348a6fcd96207cbe7654abf2a8fd396254/config.json "HTTP/1.1 200 OK"
07:16:30 [INFO] HTTP Request: HEAD https://huggingface.co/api/resolve-cache/models/Don-oz/Tess-4-35B-A3B/b42bfd348a6fcd96207cbe7654abf2a8fd396254/config.json "HTTP/1.1 200 OK"
07:16:31 [INFO] HTTP Request: HEAD https://huggingface.co/Don-oz/Tess-4-35B-A3B/resolve/main/config.json "HTTP/1.1 307 Temporary Redirect"
07:16:31 [INFO] HTTP Request: HEAD https://huggingface.co/Don-oz/Tess-4-35B-A3B/resolve/main/config.json "HTTP/1.1 307 Temporary Redirect"
07:16:31 [INFO] HTTP Request: HEAD https://huggingface.co/api/resolve-cache/models/Don-oz/Tess-4-35B-A3B/b42bfd348a6fcd96207cbe7654abf2a8fd396254/config.json "HTTP/1.1 200 OK"
07:16:31 [INFO] HTTP Request: HEAD https://huggingface.co/api/resolve-cache/models/Don-oz/Tess-4-35B-A3B/b42bfd348a6fcd96207cbe7654abf2a8fd396254/config.json "HTTP/1.1 200 OK"
07:16:31 [INFO] HTTP Request: HEAD https://huggingface.co/Don-oz/Tess-4-35B-A3B/resolve/main/model.safetensors "HTTP/1.1 404 Not Found"
07:16:31 [INFO] HTTP Request: HEAD https://huggingface.co/Don-oz/Tess-4-35B-A3B/resolve/main/model.safetensors "HTTP/1.1 404 Not Found"
07:16:31 [INFO] HTTP Request: HEAD https://huggingface.co/Don-oz/Tess-4-35B-A3B/resolve/main/model.safetensors.index.json "HTTP/1.1 307 Temporary Redirect"
07:16:31 [INFO] HTTP Request: HEAD https://huggingface.co/Don-oz/Tess-4-35B-A3B/resolve/main/model.safetensors.index.json "HTTP/1.1 307 Temporary Redirect"
07:16:31 [INFO] HTTP Request: HEAD https://huggingface.co/api/resolve-cache/models/Don-oz/Tess-4-35B-A3B/b42bfd348a6fcd96207cbe7654abf2a8fd396254/model.safetensors.index.json "HTTP/1.1 200 OK"
07:16:31 [INFO] HTTP Request: HEAD https://huggingface.co/api/resolve-cache/models/Don-oz/Tess-4-35B-A3B/b42bfd348a6fcd96207cbe7654abf2a8fd396254/model.safetensors.index.json "HTTP/1.1 200 OK"
07:16:31 [INFO] HTTP Request: GET https://huggingface.co/api/models/Don-oz/Tess-4-35B-A3B/revision/main "HTTP/1.1 200 OK"
07:16:31 [INFO] HTTP Request: GET https://huggingface.co/api/models/Don-oz/Tess-4-35B-A3B/revision/main "HTTP/1.1 200 OK"
07:16:32 [INFO] HTTP Request: HEAD https://huggingface.co/Don-oz/Tess-4-35B-A3B/resolve/main/generation_config.json "HTTP/1.1 404 Not Found"
07:16:32 [INFO] HTTP Request: HEAD https://huggingface.co/Don-oz/Tess-4-35B-A3B/resolve/main/generation_config.json "HTTP/1.1 404 Not Found"
07:16:32 [INFO] HTTP Request: HEAD https://huggingface.co/Don-oz/Tess-4-35B-A3B/resolve/main/config.json "HTTP/1.1 307 Temporary Redirect"
07:16:32 [INFO] HTTP Request: HEAD https://huggingface.co/Don-oz/Tess-4-35B-A3B/resolve/main/config.json "HTTP/1.1 307 Temporary Redirect"
07:16:32 [INFO] HTTP Request: HEAD https://huggingface.co/api/resolve-cache/models/Don-oz/Tess-4-35B-A3B/b42bfd348a6fcd96207cbe7654abf2a8fd396254/config.json "HTTP/1.1 200 OK"
07:16:32 [INFO] HTTP Request: HEAD https://huggingface.co/api/resolve-cache/models/Don-oz/Tess-4-35B-A3B/b42bfd348a6fcd96207cbe7654abf2a8fd396254/config.json "HTTP/1.1 200 OK"
07:16:32 [INFO] HTTP Request: HEAD https://huggingface.co/Don-oz/Tess-4-35B-A3B/resolve/main/custom_generate/generate.py "HTTP/1.1 404 Not Found"
07:16:32 [INFO] HTTP Request: HEAD https://huggingface.co/Don-oz/Tess-4-35B-A3B/resolve/main/custom_generate/generate.py "HTTP/1.1 404 Not Found"
07:16:32 [INFO] HTTP Request: HEAD https://huggingface.co/Don-oz/Tess-4-35B-A3B/resolve/main/config.json "HTTP/1.1 307 Temporary Redirect"
07:16:32 [INFO] HTTP Request: HEAD https://huggingface.co/Don-oz/Tess-4-35B-A3B/resolve/main/config.json "HTTP/1.1 307 Temporary Redirect"
07:16:32 [INFO] HTTP Request: HEAD https://huggingface.co/api/resolve-cache/models/Don-oz/Tess-4-35B-A3B/b42bfd348a6fcd96207cbe7654abf2a8fd396254/config.json "HTTP/1.1 200 OK"
07:16:32 [INFO] HTTP Request: HEAD https://huggingface.co/api/resolve-cache/models/Don-oz/Tess-4-35B-A3B/b42bfd348a6fcd96207cbe7654abf2a8fd396254/config.json "HTTP/1.1 200 OK"
07:16:32 [INFO] HTTP Request: HEAD https://huggingface.co/Don-oz/Tess-4-35B-A3B/resolve/main/tokenizer_config.json "HTTP/1.1 307 Temporary Redirect"
07:16:32 [INFO] HTTP Request: HEAD https://huggingface.co/Don-oz/Tess-4-35B-A3B/resolve/main/tokenizer_config.json "HTTP/1.1 307 Temporary Redirect"
07:16:32 [INFO] HTTP Request: HEAD https://huggingface.co/api/resolve-cache/models/Don-oz/Tess-4-35B-A3B/b42bfd348a6fcd96207cbe7654abf2a8fd396254/tokenizer_config.json "HTTP/1.1 200 OK"
07:16:32 [INFO] HTTP Request: HEAD https://huggingface.co/api/resolve-cache/models/Don-oz/Tess-4-35B-A3B/b42bfd348a6fcd96207cbe7654abf2a8fd396254/tokenizer_config.json "HTTP/1.1 200 OK"
07:16:32 [INFO] HTTP Request: HEAD https://huggingface.co/Don-oz/Tess-4-35B-A3B/resolve/main/tokenizer_config.json "HTTP/1.1 307 Temporary Redirect"
07:16:32 [INFO] HTTP Request: HEAD https://huggingface.co/Don-oz/Tess-4-35B-A3B/resolve/main/tokenizer_config.json "HTTP/1.1 307 Temporary Redirect"
07:16:32 [INFO] HTTP Request: HEAD https://huggingface.co/api/resolve-cache/models/Don-oz/Tess-4-35B-A3B/b42bfd348a6fcd96207cbe7654abf2a8fd396254/tokenizer_config.json "HTTP/1.1 200 OK"
07:16:32 [INFO] HTTP Request: HEAD https://huggingface.co/api/resolve-cache/models/Don-oz/Tess-4-35B-A3B/b42bfd348a6fcd96207cbe7654abf2a8fd396254/tokenizer_config.json "HTTP/1.1 200 OK"
07:16:32 [INFO] HTTP Request: GET https://huggingface.co/api/models/Don-oz/Tess-4-35B-A3B/tree/main/additional_chat_templates?recursive=false&expand=false "HTTP/1.1 404 Not Found"
07:16:32 [INFO] HTTP Request: GET https://huggingface.co/api/models/Don-oz/Tess-4-35B-A3B/tree/main/additional_chat_templates?recursive=false&expand=false "HTTP/1.1 404 Not Found"
07:16:33 [INFO] HTTP Request: GET https://huggingface.co/api/models/Don-oz/Tess-4-35B-A3B/tree/main?recursive=true&expand=false "HTTP/1.1 200 OK"
07:16:33 [INFO] HTTP Request: GET https://huggingface.co/api/models/Don-oz/Tess-4-35B-A3B/tree/main?recursive=true&expand=false "HTTP/1.1 200 OK"
07:16:33 [INFO] HTTP Request: GET https://huggingface.co/api/models/Don-oz/Tess-4-35B-A3B "HTTP/1.1 200 OK"
07:16:33 [INFO] HTTP Request: GET https://huggingface.co/api/models/Don-oz/Tess-4-35B-A3B "HTTP/1.1 200 OK"
07:16:33 [INFO] HTTP Request: HEAD https://huggingface.co/Don-oz/Tess-4-35B-A3B/resolve/main/processor_config.json "HTTP/1.1 404 Not Found"
07:16:33 [INFO] HTTP Request: HEAD https://huggingface.co/Don-oz/Tess-4-35B-A3B/resolve/main/processor_config.json "HTTP/1.1 404 Not Found"
07:16:33 [INFO] HTTP Request: HEAD https://huggingface.co/Don-oz/Tess-4-35B-A3B/resolve/main/preprocessor_config.json "HTTP/1.1 307 Temporary Redirect"
07:16:33 [INFO] HTTP Request: HEAD https://huggingface.co/Don-oz/Tess-4-35B-A3B/resolve/main/preprocessor_config.json "HTTP/1.1 307 Temporary Redirect"
07:16:33 [INFO] HTTP Request: HEAD https://huggingface.co/api/resolve-cache/models/Don-oz/Tess-4-35B-A3B/b42bfd348a6fcd96207cbe7654abf2a8fd396254/preprocessor_config.json "HTTP/1.1 200 OK"
07:16:33 [INFO] HTTP Request: HEAD https://huggingface.co/api/resolve-cache/models/Don-oz/Tess-4-35B-A3B/b42bfd348a6fcd96207cbe7654abf2a8fd396254/preprocessor_config.json "HTTP/1.1 200 OK"
07:16:34 [INFO] HTTP Request: HEAD https://huggingface.co/Don-oz/Tess-4-35B-A3B/resolve/main/processor_config.json "HTTP/1.1 404 Not Found"
07:16:34 [INFO] HTTP Request: HEAD https://huggingface.co/Don-oz/Tess-4-35B-A3B/resolve/main/processor_config.json "HTTP/1.1 404 Not Found"
07:16:34 [INFO] HTTP Request: HEAD https://huggingface.co/Don-oz/Tess-4-35B-A3B/resolve/main/preprocessor_config.json "HTTP/1.1 307 Temporary Redirect"
07:16:34 [INFO] HTTP Request: HEAD https://huggingface.co/Don-oz/Tess-4-35B-A3B/resolve/main/preprocessor_config.json "HTTP/1.1 307 Temporary Redirect"
07:16:34 [INFO] HTTP Request: HEAD https://huggingface.co/api/resolve-cache/models/Don-oz/Tess-4-35B-A3B/b42bfd348a6fcd96207cbe7654abf2a8fd396254/preprocessor_config.json "HTTP/1.1 200 OK"
07:16:34 [INFO] HTTP Request: HEAD https://huggingface.co/api/resolve-cache/models/Don-oz/Tess-4-35B-A3B/b42bfd348a6fcd96207cbe7654abf2a8fd396254/preprocessor_config.json "HTTP/1.1 200 OK"
07:16:34 [INFO] HTTP Request: GET https://huggingface.co/api/models/Don-oz/Tess-4-35B-A3B/tree/main/additional_chat_templates?recursive=false&expand=false "HTTP/1.1 404 Not Found"
07:16:34 [INFO] HTTP Request: GET https://huggingface.co/api/models/Don-oz/Tess-4-35B-A3B/tree/main/additional_chat_templates?recursive=false&expand=false "HTTP/1.1 404 Not Found"
07:16:34 [INFO] HTTP Request: HEAD https://huggingface.co/Don-oz/Tess-4-35B-A3B/resolve/main/processor_config.json "HTTP/1.1 404 Not Found"
07:16:34 [INFO] HTTP Request: HEAD https://huggingface.co/Don-oz/Tess-4-35B-A3B/resolve/main/processor_config.json "HTTP/1.1 404 Not Found"
07:16:34 [INFO] HTTP Request: HEAD https://huggingface.co/Don-oz/Tess-4-35B-A3B/resolve/main/chat_template.json "HTTP/1.1 404 Not Found"
07:16:34 [INFO] HTTP Request: HEAD https://huggingface.co/Don-oz/Tess-4-35B-A3B/resolve/main/chat_template.json "HTTP/1.1 404 Not Found"
07:16:34 [INFO] HTTP Request: HEAD https://huggingface.co/Don-oz/Tess-4-35B-A3B/resolve/main/chat_template.jinja "HTTP/1.1 307 Temporary Redirect"
07:16:34 [INFO] HTTP Request: HEAD https://huggingface.co/Don-oz/Tess-4-35B-A3B/resolve/main/chat_template.jinja "HTTP/1.1 307 Temporary Redirect"
07:16:34 [INFO] HTTP Request: HEAD https://huggingface.co/api/resolve-cache/models/Don-oz/Tess-4-35B-A3B/b42bfd348a6fcd96207cbe7654abf2a8fd396254/chat_template.jinja "HTTP/1.1 200 OK"
07:16:34 [INFO] HTTP Request: HEAD https://huggingface.co/api/resolve-cache/models/Don-oz/Tess-4-35B-A3B/b42bfd348a6fcd96207cbe7654abf2a8fd396254/chat_template.jinja "HTTP/1.1 200 OK"
07:16:34 [INFO] HTTP Request: HEAD https://huggingface.co/Don-oz/Tess-4-35B-A3B/resolve/main/audio_tokenizer_config.json "HTTP/1.1 404 Not Found"
07:16:34 [INFO] HTTP Request: HEAD https://huggingface.co/Don-oz/Tess-4-35B-A3B/resolve/main/audio_tokenizer_config.json "HTTP/1.1 404 Not Found"
07:16:34 [INFO] HTTP Request: HEAD https://huggingface.co/Don-oz/Tess-4-35B-A3B/resolve/main/processor_config.json "HTTP/1.1 404 Not Found"
07:16:34 [INFO] HTTP Request: HEAD https://huggingface.co/Don-oz/Tess-4-35B-A3B/resolve/main/processor_config.json "HTTP/1.1 404 Not Found"
07:16:35 [INFO] HTTP Request: HEAD https://huggingface.co/Don-oz/Tess-4-35B-A3B/resolve/main/preprocessor_config.json "HTTP/1.1 307 Temporary Redirect"
07:16:35 [INFO] HTTP Request: HEAD https://huggingface.co/Don-oz/Tess-4-35B-A3B/resolve/main/preprocessor_config.json "HTTP/1.1 307 Temporary Redirect"
07:16:35 [INFO] HTTP Request: HEAD https://huggingface.co/api/resolve-cache/models/Don-oz/Tess-4-35B-A3B/b42bfd348a6fcd96207cbe7654abf2a8fd396254/preprocessor_config.json "HTTP/1.1 200 OK"
07:16:35 [INFO] HTTP Request: HEAD https://huggingface.co/api/resolve-cache/models/Don-oz/Tess-4-35B-A3B/b42bfd348a6fcd96207cbe7654abf2a8fd396254/preprocessor_config.json "HTTP/1.1 200 OK"
07:16:35 [INFO] HTTP Request: HEAD https://huggingface.co/Don-oz/Tess-4-35B-A3B/resolve/main/processor_config.json "HTTP/1.1 404 Not Found"
07:16:35 [INFO] HTTP Request: HEAD https://huggingface.co/Don-oz/Tess-4-35B-A3B/resolve/main/processor_config.json "HTTP/1.1 404 Not Found"
07:16:35 [INFO] HTTP Request: HEAD https://huggingface.co/Don-oz/Tess-4-35B-A3B/resolve/main/preprocessor_config.json "HTTP/1.1 307 Temporary Redirect"
07:16:35 [INFO] HTTP Request: HEAD https://huggingface.co/Don-oz/Tess-4-35B-A3B/resolve/main/preprocessor_config.json "HTTP/1.1 307 Temporary Redirect"
07:16:35 [INFO] HTTP Request: HEAD https://huggingface.co/api/resolve-cache/models/Don-oz/Tess-4-35B-A3B/b42bfd348a6fcd96207cbe7654abf2a8fd396254/preprocessor_config.json "HTTP/1.1 200 OK"
07:16:35 [INFO] HTTP Request: HEAD https://huggingface.co/api/resolve-cache/models/Don-oz/Tess-4-35B-A3B/b42bfd348a6fcd96207cbe7654abf2a8fd396254/preprocessor_config.json "HTTP/1.1 200 OK"
07:16:35 [INFO] HTTP Request: HEAD https://huggingface.co/Don-oz/Tess-4-35B-A3B/resolve/main/config.json "HTTP/1.1 307 Temporary Redirect"
07:16:35 [INFO] HTTP Request: HEAD https://huggingface.co/Don-oz/Tess-4-35B-A3B/resolve/main/config.json "HTTP/1.1 307 Temporary Redirect"
07:16:35 [INFO] HTTP Request: HEAD https://huggingface.co/api/resolve-cache/models/Don-oz/Tess-4-35B-A3B/b42bfd348a6fcd96207cbe7654abf2a8fd396254/config.json "HTTP/1.1 200 OK"
07:16:35 [INFO] HTTP Request: HEAD https://huggingface.co/api/resolve-cache/models/Don-oz/Tess-4-35B-A3B/b42bfd348a6fcd96207cbe7654abf2a8fd396254/config.json "HTTP/1.1 200 OK"
07:16:35 [INFO] HTTP Request: HEAD https://huggingface.co/Don-oz/Tess-4-35B-A3B/resolve/main/tokenizer_config.json "HTTP/1.1 307 Temporary Redirect"
07:16:35 [INFO] HTTP Request: HEAD https://huggingface.co/Don-oz/Tess-4-35B-A3B/resolve/main/tokenizer_config.json "HTTP/1.1 307 Temporary Redirect"
07:16:35 [INFO] HTTP Request: HEAD https://huggingface.co/api/resolve-cache/models/Don-oz/Tess-4-35B-A3B/b42bfd348a6fcd96207cbe7654abf2a8fd396254/tokenizer_config.json "HTTP/1.1 200 OK"
07:16:35 [INFO] HTTP Request: HEAD https://huggingface.co/api/resolve-cache/models/Don-oz/Tess-4-35B-A3B/b42bfd348a6fcd96207cbe7654abf2a8fd396254/tokenizer_config.json "HTTP/1.1 200 OK"
07:16:35 [INFO] HTTP Request: HEAD https://huggingface.co/Don-oz/Tess-4-35B-A3B/resolve/main/tokenizer_config.json "HTTP/1.1 307 Temporary Redirect"
07:16:35 [INFO] HTTP Request: HEAD https://huggingface.co/Don-oz/Tess-4-35B-A3B/resolve/main/tokenizer_config.json "HTTP/1.1 307 Temporary Redirect"
07:16:35 [INFO] HTTP Request: HEAD https://huggingface.co/api/resolve-cache/models/Don-oz/Tess-4-35B-A3B/b42bfd348a6fcd96207cbe7654abf2a8fd396254/tokenizer_config.json "HTTP/1.1 200 OK"
07:16:35 [INFO] HTTP Request: HEAD https://huggingface.co/api/resolve-cache/models/Don-oz/Tess-4-35B-A3B/b42bfd348a6fcd96207cbe7654abf2a8fd396254/tokenizer_config.json "HTTP/1.1 200 OK"
07:16:35 [INFO] HTTP Request: GET https://huggingface.co/api/models/Don-oz/Tess-4-35B-A3B/tree/main/additional_chat_templates?recursive=false&expand=false "HTTP/1.1 404 Not Found"
07:16:35 [INFO] HTTP Request: GET https://huggingface.co/api/models/Don-oz/Tess-4-35B-A3B/tree/main/additional_chat_templates?recursive=false&expand=false "HTTP/1.1 404 Not Found"
07:16:35 [INFO] HTTP Request: GET https://huggingface.co/api/models/Don-oz/Tess-4-35B-A3B/tree/main?recursive=true&expand=false "HTTP/1.1 200 OK"
07:16:35 [INFO] HTTP Request: GET https://huggingface.co/api/models/Don-oz/Tess-4-35B-A3B/tree/main?recursive=true&expand=false "HTTP/1.1 200 OK"
07:16:36 [INFO] HTTP Request: GET https://huggingface.co/api/models/Don-oz/Tess-4-35B-A3B "HTTP/1.1 200 OK"
07:16:36 [INFO] HTTP Request: GET https://huggingface.co/api/models/Don-oz/Tess-4-35B-A3B "HTTP/1.1 200 OK"
07:16:36 [INFO] HTTP Request: HEAD https://huggingface.co/Don-oz/Tess-4-35B-A3B/resolve/main/processor_config.json "HTTP/1.1 404 Not Found"
07:16:36 [INFO] HTTP Request: HEAD https://huggingface.co/Don-oz/Tess-4-35B-A3B/resolve/main/processor_config.json "HTTP/1.1 404 Not Found"
07:16:36 [INFO] HTTP Request: HEAD https://huggingface.co/Don-oz/Tess-4-35B-A3B/resolve/main/video_preprocessor_config.json "HTTP/1.1 307 Temporary Redirect"
07:16:36 [INFO] HTTP Request: HEAD https://huggingface.co/Don-oz/Tess-4-35B-A3B/resolve/main/video_preprocessor_config.json "HTTP/1.1 307 Temporary Redirect"
07:16:37 [INFO] HTTP Request: HEAD https://huggingface.co/api/resolve-cache/models/Don-oz/Tess-4-35B-A3B/b42bfd348a6fcd96207cbe7654abf2a8fd396254/video_preprocessor_config.json "HTTP/1.1 200 OK"
07:16:37 [INFO] HTTP Request: HEAD https://huggingface.co/api/resolve-cache/models/Don-oz/Tess-4-35B-A3B/b42bfd348a6fcd96207cbe7654abf2a8fd396254/video_preprocessor_config.json "HTTP/1.1 200 OK"
07:16:37 [INFO] HTTP Request: HEAD https://huggingface.co/Don-oz/Tess-4-35B-A3B/resolve/main/preprocessor_config.json "HTTP/1.1 307 Temporary Redirect"
07:16:37 [INFO] HTTP Request: HEAD https://huggingface.co/Don-oz/Tess-4-35B-A3B/resolve/main/preprocessor_config.json "HTTP/1.1 307 Temporary Redirect"
07:16:37 [INFO] HTTP Request: HEAD https://huggingface.co/api/resolve-cache/models/Don-oz/Tess-4-35B-A3B/b42bfd348a6fcd96207cbe7654abf2a8fd396254/preprocessor_config.json "HTTP/1.1 200 OK"
07:16:37 [INFO] HTTP Request: HEAD https://huggingface.co/api/resolve-cache/models/Don-oz/Tess-4-35B-A3B/b42bfd348a6fcd96207cbe7654abf2a8fd396254/preprocessor_config.json "HTTP/1.1 200 OK"
07:16:37 [INFO] HTTP Request: HEAD https://huggingface.co/Don-oz/Tess-4-35B-A3B/resolve/main/processor_config.json "HTTP/1.1 404 Not Found"
07:16:37 [INFO] HTTP Request: HEAD https://huggingface.co/Don-oz/Tess-4-35B-A3B/resolve/main/processor_config.json "HTTP/1.1 404 Not Found"
07:16:37 [INFO] HTTP Request: HEAD https://huggingface.co/Don-oz/Tess-4-35B-A3B/resolve/main/video_preprocessor_config.json "HTTP/1.1 307 Temporary Redirect"
07:16:37 [INFO] HTTP Request: HEAD https://huggingface.co/Don-oz/Tess-4-35B-A3B/resolve/main/video_preprocessor_config.json "HTTP/1.1 307 Temporary Redirect"
07:16:37 [INFO] HTTP Request: HEAD https://huggingface.co/api/resolve-cache/models/Don-oz/Tess-4-35B-A3B/b42bfd348a6fcd96207cbe7654abf2a8fd396254/video_preprocessor_config.json "HTTP/1.1 200 OK"
07:16:37 [INFO] HTTP Request: HEAD https://huggingface.co/api/resolve-cache/models/Don-oz/Tess-4-35B-A3B/b42bfd348a6fcd96207cbe7654abf2a8fd396254/video_preprocessor_config.json "HTTP/1.1 200 OK"
07:16:37 [INFO] HTTP Request: HEAD https://huggingface.co/Don-oz/Tess-4-35B-A3B/resolve/main/preprocessor_config.json "HTTP/1.1 307 Temporary Redirect"
07:16:37 [INFO] HTTP Request: HEAD https://huggingface.co/Don-oz/Tess-4-35B-A3B/resolve/main/preprocessor_config.json "HTTP/1.1 307 Temporary Redirect"
07:16:37 [INFO] HTTP Request: HEAD https://huggingface.co/api/resolve-cache/models/Don-oz/Tess-4-35B-A3B/b42bfd348a6fcd96207cbe7654abf2a8fd396254/preprocessor_config.json "HTTP/1.1 200 OK"
07:16:37 [INFO] HTTP Request: HEAD https://huggingface.co/api/resolve-cache/models/Don-oz/Tess-4-35B-A3B/b42bfd348a6fcd96207cbe7654abf2a8fd396254/preprocessor_config.json "HTTP/1.1 200 OK"
07:16:37 [INFO] HTTP Request: HEAD https://huggingface.co/Don-oz/Tess-4-35B-A3B/resolve/main/processor_config.json "HTTP/1.1 404 Not Found"
07:16:37 [INFO] HTTP Request: HEAD https://huggingface.co/Don-oz/Tess-4-35B-A3B/resolve/main/processor_config.json "HTTP/1.1 404 Not Found"
07:16:37 [INFO] HTTP Request: HEAD https://huggingface.co/Don-oz/Tess-4-35B-A3B/resolve/main/preprocessor_config.json "HTTP/1.1 307 Temporary Redirect"
07:16:37 [INFO] HTTP Request: HEAD https://huggingface.co/Don-oz/Tess-4-35B-A3B/resolve/main/preprocessor_config.json "HTTP/1.1 307 Temporary Redirect"
07:16:37 [INFO] HTTP Request: HEAD https://huggingface.co/api/resolve-cache/models/Don-oz/Tess-4-35B-A3B/b42bfd348a6fcd96207cbe7654abf2a8fd396254/preprocessor_config.json "HTTP/1.1 200 OK"
07:16:37 [INFO] HTTP Request: HEAD https://huggingface.co/api/resolve-cache/models/Don-oz/Tess-4-35B-A3B/b42bfd348a6fcd96207cbe7654abf2a8fd396254/preprocessor_config.json "HTTP/1.1 200 OK"
07:16:37 [INFO] HTTP Request: HEAD https://huggingface.co/Don-oz/Tess-4-35B-A3B/resolve/main/processor_config.json "HTTP/1.1 404 Not Found"
07:16:37 [INFO] HTTP Request: HEAD https://huggingface.co/Don-oz/Tess-4-35B-A3B/resolve/main/processor_config.json "HTTP/1.1 404 Not Found"
07:16:38 [INFO] HTTP Request: HEAD https://huggingface.co/Don-oz/Tess-4-35B-A3B/resolve/main/preprocessor_config.json "HTTP/1.1 307 Temporary Redirect"
07:16:38 [INFO] HTTP Request: HEAD https://huggingface.co/Don-oz/Tess-4-35B-A3B/resolve/main/preprocessor_config.json "HTTP/1.1 307 Temporary Redirect"
07:16:38 [INFO] HTTP Request: HEAD https://huggingface.co/api/resolve-cache/models/Don-oz/Tess-4-35B-A3B/b42bfd348a6fcd96207cbe7654abf2a8fd396254/preprocessor_config.json "HTTP/1.1 200 OK"
07:16:38 [INFO] HTTP Request: HEAD https://huggingface.co/api/resolve-cache/models/Don-oz/Tess-4-35B-A3B/b42bfd348a6fcd96207cbe7654abf2a8fd396254/preprocessor_config.json "HTTP/1.1 200 OK"
07:16:38 [INFO] Starting quantization...
07:16:38 [INFO] Starting quantization...
[38;20m2026-07-27 07:16:38 INFO replace_modules.py L121: Experts (before replacement) [model.language_model.layers.0.mlp.experts] (Qwen3_5MoeExperts):
Qwen3_5MoeExperts(
  (act_fn): SiLUActivation()
)[0m
[38;20m2026-07-27 07:16:38 INFO replace_modules.py L121: Experts (before replacement) [model.language_model.layers.0.mlp.experts] (Qwen3_5MoeExperts):
Qwen3_5MoeExperts(
  (act_fn): SiLUActivation()
)[0m
[38;20m2026-07-27 07:16:38 INFO device.py L1481: [Memory Monitor] Before applying custom replacements: 'peak_ram': 1.43GB[0m
[38;20m2026-07-27 07:16:38 INFO device.py L1481: [Memory Monitor] Before applying custom replacements: 'peak_ram': 1.43GB[0m
[38;20m2026-07-27 07:16:38 INFO replace_modules.py L372: Found 40 modules to replace[0m
[38;20m2026-07-27 07:16:38 INFO replace_modules.py L372: Found 40 modules to replace[0m
Replacing modules:   0%|          | 0/40 [00:00<?, ?it/s]Replacing modules:   0%|          | 0/40 [00:00<?, ?it/s]Replacing modules: 100%|██████████| 40/40 [00:02<00:00, 16.19it/s]
[38;20m2026-07-27 07:16:40 INFO replace_modules.py L399: Replaced 40 modules[0m
[38;20m2026-07-27 07:16:40 INFO device.py L1484: [Memory Monitor] After applying custom replacements: 'peak_ram': 1.55GB[0m
Replacing modules: 100%|██████████| 40/40 [00:02<00:00, 16.19it/s]
[38;20m2026-07-27 07:16:40 INFO replace_modules.py L399: Replaced 40 modules[0m
[38;20m2026-07-27 07:16:40 INFO device.py L1484: [Memory Monitor] After applying custom replacements: 'peak_ram': 1.55GB[0m
[transformers] `loss_type=None` was set in the config but it is unrecognized. Using the default loss: `ForCausalLMLoss`.
[transformers] `loss_type=None` was set in the config but it is unrecognized. Using the default loss: `ForCausalLMLoss`.
[38;20m2026-07-27 07:16:43 INFO replace_modules.py L121: Experts (after replacement/skip) [model.language_model.layers.0.mlp.experts] (SequentialQwen3_5MoeExperts):
SequentialQwen3_5MoeExperts(
  (0-255): 256 x Qwen3_5MoeMLP(
    (gate_proj): Linear(in_features=2048, out_features=512, bias=False)
    (up_proj): Linear(in_features=2048, out_features=512, bias=False)
    (down_proj): Linear(in_features=512, out_features=2048, bias=False)
    (act_fn): SiLUActivation()
  )
)[0m
[38;20m2026-07-27 07:16:43 INFO replace_modules.py L121: Experts (after replacement/skip) [model.language_model.layers.0.mlp.experts] (SequentialQwen3_5MoeExperts):
SequentialQwen3_5MoeExperts(
  (0-255): 256 x Qwen3_5MoeMLP(
    (gate_proj): Linear(in_features=2048, out_features=512, bias=False)
    (up_proj): Linear(in_features=2048, out_features=512, bias=False)
    (down_proj): Linear(in_features=512, out_features=2048, bias=False)
    (act_fn): SiLUActivation()
  )
)[0m
[38;20m2026-07-27 07:16:43 INFO base.py L659: Using predefined ignore_layers: model.language_model.layers.[0-39].mlp.gate[0m
[38;20m2026-07-27 07:16:43 INFO base.py L659: Using predefined ignore_layers: model.language_model.layers.[0-39].mlp.gate[0m
[38;20m2026-07-27 07:16:43 INFO utils.py L1026: Ignored layers: lm_head, lm_head, model.language_model.layers.[0-39].mlp.gate[0m
[38;20m2026-07-27 07:16:43 INFO utils.py L1026: Ignored layers: lm_head, lm_head, model.language_model.layers.[0-39].mlp.gate[0m
[38;20m2026-07-27 07:16:45 INFO base.py L767: 'enable_torch_compile' is set to `False` by default. Enabling it can reduce tuning cost by 20%, but it might throw an exception.[0m
[38;20m2026-07-27 07:16:45 INFO base.py L767: 'enable_torch_compile' is set to `False` by default. Enabling it can reduce tuning cost by 20%, but it might throw an exception.[0m
[38;20m2026-07-27 07:16:45 INFO data_driven.py L1216: start to compute imatrix[0m
[38;20m2026-07-27 07:16:45 INFO calib_dataset.py L977: Preprocessing calibration dataset in a subprocess to avoid memory leaks...[0m
[38;20m2026-07-27 07:16:45 INFO data_driven.py L1216: start to compute imatrix[0m
[38;20m2026-07-27 07:16:45 INFO calib_dataset.py L977: Preprocessing calibration dataset in a subprocess to avoid memory leaks...[0m
07:16:46 [INFO] HTTP Request: HEAD https://huggingface.co/datasets/NeelNanda/pile-10k/resolve/main/README.md "HTTP/1.1 307 Temporary Redirect"
07:16:46 [INFO] HTTP Request: HEAD https://huggingface.co/datasets/NeelNanda/pile-10k/resolve/main/README.md "HTTP/1.1 307 Temporary Redirect"
07:16:46 [INFO] HTTP Request: HEAD https://huggingface.co/api/resolve-cache/datasets/NeelNanda/pile-10k/127bfedcd5047750df5ccf3a12979a47bfa0bafa/README.md "HTTP/1.1 200 OK"
07:16:46 [INFO] HTTP Request: HEAD https://huggingface.co/api/resolve-cache/datasets/NeelNanda/pile-10k/127bfedcd5047750df5ccf3a12979a47bfa0bafa/README.md "HTTP/1.1 200 OK"
07:16:46 [INFO] HTTP Request: HEAD https://huggingface.co/datasets/NeelNanda/pile-10k/resolve/127bfedcd5047750df5ccf3a12979a47bfa0bafa/pile-10k.py "HTTP/1.1 404 Not Found"
07:16:46 [INFO] HTTP Request: HEAD https://huggingface.co/datasets/NeelNanda/pile-10k/resolve/127bfedcd5047750df5ccf3a12979a47bfa0bafa/pile-10k.py "HTTP/1.1 404 Not Found"
07:16:46 [INFO] HTTP Request: HEAD https://s3.amazonaws.com/datasets.huggingface.co/datasets/datasets/NeelNanda/pile-10k/NeelNanda/pile-10k.py "HTTP/1.1 404 Not Found"
07:16:46 [INFO] HTTP Request: HEAD https://s3.amazonaws.com/datasets.huggingface.co/datasets/datasets/NeelNanda/pile-10k/NeelNanda/pile-10k.py "HTTP/1.1 404 Not Found"
07:16:46 [INFO] HTTP Request: GET https://huggingface.co/api/datasets/NeelNanda/pile-10k/revision/127bfedcd5047750df5ccf3a12979a47bfa0bafa "HTTP/1.1 200 OK"
07:16:46 [INFO] HTTP Request: GET https://huggingface.co/api/datasets/NeelNanda/pile-10k/revision/127bfedcd5047750df5ccf3a12979a47bfa0bafa "HTTP/1.1 200 OK"
07:16:46 [INFO] HTTP Request: HEAD https://huggingface.co/datasets/NeelNanda/pile-10k/resolve/127bfedcd5047750df5ccf3a12979a47bfa0bafa/.huggingface.yaml "HTTP/1.1 404 Not Found"
07:16:46 [INFO] HTTP Request: HEAD https://huggingface.co/datasets/NeelNanda/pile-10k/resolve/127bfedcd5047750df5ccf3a12979a47bfa0bafa/.huggingface.yaml "HTTP/1.1 404 Not Found"
07:16:47 [INFO] HTTP Request: GET https://datasets-server.huggingface.co/info?dataset=NeelNanda/pile-10k "HTTP/1.1 200 OK"
07:16:47 [INFO] HTTP Request: GET https://datasets-server.huggingface.co/info?dataset=NeelNanda/pile-10k "HTTP/1.1 200 OK"
07:16:47 [INFO] HTTP Request: GET https://huggingface.co/api/datasets/NeelNanda/pile-10k/tree/127bfedcd5047750df5ccf3a12979a47bfa0bafa/data?recursive=true&expand=false "HTTP/1.1 200 OK"
07:16:47 [INFO] HTTP Request: GET https://huggingface.co/api/datasets/NeelNanda/pile-10k/tree/127bfedcd5047750df5ccf3a12979a47bfa0bafa/data?recursive=true&expand=false "HTTP/1.1 200 OK"
07:16:47 [INFO] HTTP Request: GET https://huggingface.co/api/datasets/NeelNanda/pile-10k/tree/127bfedcd5047750df5ccf3a12979a47bfa0bafa?recursive=false&expand=false "HTTP/1.1 200 OK"
07:16:47 [INFO] HTTP Request: GET https://huggingface.co/api/datasets/NeelNanda/pile-10k/tree/127bfedcd5047750df5ccf3a12979a47bfa0bafa?recursive=false&expand=false "HTTP/1.1 200 OK"
07:16:47 [INFO] HTTP Request: HEAD https://huggingface.co/datasets/NeelNanda/pile-10k/resolve/main/README.md "HTTP/1.1 307 Temporary Redirect"
07:16:47 [INFO] HTTP Request: HEAD https://huggingface.co/datasets/NeelNanda/pile-10k/resolve/main/README.md "HTTP/1.1 307 Temporary Redirect"
07:16:47 [INFO] HTTP Request: HEAD https://huggingface.co/api/resolve-cache/datasets/NeelNanda/pile-10k/127bfedcd5047750df5ccf3a12979a47bfa0bafa/README.md "HTTP/1.1 200 OK"
07:16:47 [INFO] HTTP Request: HEAD https://huggingface.co/api/resolve-cache/datasets/NeelNanda/pile-10k/127bfedcd5047750df5ccf3a12979a47bfa0bafa/README.md "HTTP/1.1 200 OK"
07:16:47 [INFO] HTTP Request: HEAD https://huggingface.co/datasets/NeelNanda/pile-10k/resolve/127bfedcd5047750df5ccf3a12979a47bfa0bafa/pile-10k.py "HTTP/1.1 404 Not Found"
07:16:47 [INFO] HTTP Request: HEAD https://huggingface.co/datasets/NeelNanda/pile-10k/resolve/127bfedcd5047750df5ccf3a12979a47bfa0bafa/pile-10k.py "HTTP/1.1 404 Not Found"
07:16:48 [INFO] HTTP Request: HEAD https://s3.amazonaws.com/datasets.huggingface.co/datasets/datasets/NeelNanda/pile-10k/NeelNanda/pile-10k.py "HTTP/1.1 404 Not Found"
07:16:48 [INFO] HTTP Request: HEAD https://s3.amazonaws.com/datasets.huggingface.co/datasets/datasets/NeelNanda/pile-10k/NeelNanda/pile-10k.py "HTTP/1.1 404 Not Found"
07:16:48 [INFO] HTTP Request: GET https://huggingface.co/api/datasets/NeelNanda/pile-10k/revision/127bfedcd5047750df5ccf3a12979a47bfa0bafa "HTTP/1.1 200 OK"
07:16:48 [INFO] HTTP Request: GET https://huggingface.co/api/datasets/NeelNanda/pile-10k/revision/127bfedcd5047750df5ccf3a12979a47bfa0bafa "HTTP/1.1 200 OK"
07:16:48 [INFO] HTTP Request: HEAD https://huggingface.co/datasets/NeelNanda/pile-10k/resolve/127bfedcd5047750df5ccf3a12979a47bfa0bafa/.huggingface.yaml "HTTP/1.1 404 Not Found"
07:16:48 [INFO] HTTP Request: HEAD https://huggingface.co/datasets/NeelNanda/pile-10k/resolve/127bfedcd5047750df5ccf3a12979a47bfa0bafa/.huggingface.yaml "HTTP/1.1 404 Not Found"
07:16:48 [INFO] HTTP Request: GET https://datasets-server.huggingface.co/info?dataset=NeelNanda/pile-10k "HTTP/1.1 200 OK"
07:16:48 [INFO] HTTP Request: GET https://datasets-server.huggingface.co/info?dataset=NeelNanda/pile-10k "HTTP/1.1 200 OK"
07:16:48 [INFO] HTTP Request: GET https://huggingface.co/api/datasets/NeelNanda/pile-10k/tree/127bfedcd5047750df5ccf3a12979a47bfa0bafa/data?recursive=true&expand=false "HTTP/1.1 200 OK"
07:16:48 [INFO] HTTP Request: GET https://huggingface.co/api/datasets/NeelNanda/pile-10k/tree/127bfedcd5047750df5ccf3a12979a47bfa0bafa/data?recursive=true&expand=false "HTTP/1.1 200 OK"
07:16:48 [INFO] HTTP Request: GET https://huggingface.co/api/datasets/NeelNanda/pile-10k/tree/127bfedcd5047750df5ccf3a12979a47bfa0bafa?recursive=false&expand=false "HTTP/1.1 200 OK"
07:16:48 [INFO] HTTP Request: GET https://huggingface.co/api/datasets/NeelNanda/pile-10k/tree/127bfedcd5047750df5ccf3a12979a47bfa0bafa?recursive=false&expand=false "HTTP/1.1 200 OK"
[38;20m2026-07-27 07:16:51 INFO mllm.py L83: Using MLLM template: qwen3_5_moe[0m
[38;20m2026-07-27 07:16:51 INFO calib_dataset.py L977: Preprocessing calibration dataset in a subprocess to avoid memory leaks...[0m
[38;20m2026-07-27 07:16:51 INFO mllm.py L83: Using MLLM template: qwen3_5_moe[0m
[38;20m2026-07-27 07:16:51 INFO calib_dataset.py L977: Preprocessing calibration dataset in a subprocess to avoid memory leaks...[0m
07:16:52 [INFO] HTTP Request: HEAD https://huggingface.co/datasets/NeelNanda/pile-10k/resolve/main/README.md "HTTP/1.1 307 Temporary Redirect"
07:16:52 [INFO] HTTP Request: HEAD https://huggingface.co/datasets/NeelNanda/pile-10k/resolve/main/README.md "HTTP/1.1 307 Temporary Redirect"
07:16:52 [INFO] HTTP Request: HEAD https://huggingface.co/api/resolve-cache/datasets/NeelNanda/pile-10k/127bfedcd5047750df5ccf3a12979a47bfa0bafa/README.md "HTTP/1.1 200 OK"
07:16:52 [INFO] HTTP Request: HEAD https://huggingface.co/api/resolve-cache/datasets/NeelNanda/pile-10k/127bfedcd5047750df5ccf3a12979a47bfa0bafa/README.md "HTTP/1.1 200 OK"
07:16:52 [INFO] HTTP Request: HEAD https://huggingface.co/datasets/NeelNanda/pile-10k/resolve/127bfedcd5047750df5ccf3a12979a47bfa0bafa/pile-10k.py "HTTP/1.1 404 Not Found"
07:16:52 [INFO] HTTP Request: HEAD https://huggingface.co/datasets/NeelNanda/pile-10k/resolve/127bfedcd5047750df5ccf3a12979a47bfa0bafa/pile-10k.py "HTTP/1.1 404 Not Found"
07:16:52 [INFO] HTTP Request: HEAD https://s3.amazonaws.com/datasets.huggingface.co/datasets/datasets/NeelNanda/pile-10k/NeelNanda/pile-10k.py "HTTP/1.1 404 Not Found"
07:16:52 [INFO] HTTP Request: HEAD https://s3.amazonaws.com/datasets.huggingface.co/datasets/datasets/NeelNanda/pile-10k/NeelNanda/pile-10k.py "HTTP/1.1 404 Not Found"
07:16:52 [INFO] HTTP Request: HEAD https://huggingface.co/datasets/NeelNanda/pile-10k/resolve/127bfedcd5047750df5ccf3a12979a47bfa0bafa/.huggingface.yaml "HTTP/1.1 404 Not Found"
07:16:52 [INFO] HTTP Request: HEAD https://huggingface.co/datasets/NeelNanda/pile-10k/resolve/127bfedcd5047750df5ccf3a12979a47bfa0bafa/.huggingface.yaml "HTTP/1.1 404 Not Found"
07:16:52 [INFO] HTTP Request: GET https://datasets-server.huggingface.co/info?dataset=NeelNanda/pile-10k "HTTP/1.1 200 OK"
07:16:52 [INFO] HTTP Request: GET https://datasets-server.huggingface.co/info?dataset=NeelNanda/pile-10k "HTTP/1.1 200 OK"
07:16:53 [INFO] HTTP Request: HEAD https://huggingface.co/datasets/NeelNanda/pile-10k/resolve/main/README.md "HTTP/1.1 307 Temporary Redirect"
07:16:53 [INFO] HTTP Request: HEAD https://huggingface.co/datasets/NeelNanda/pile-10k/resolve/main/README.md "HTTP/1.1 307 Temporary Redirect"
07:16:53 [INFO] HTTP Request: HEAD https://huggingface.co/api/resolve-cache/datasets/NeelNanda/pile-10k/127bfedcd5047750df5ccf3a12979a47bfa0bafa/README.md "HTTP/1.1 200 OK"
07:16:53 [INFO] HTTP Request: HEAD https://huggingface.co/api/resolve-cache/datasets/NeelNanda/pile-10k/127bfedcd5047750df5ccf3a12979a47bfa0bafa/README.md "HTTP/1.1 200 OK"
07:16:53 [INFO] HTTP Request: HEAD https://huggingface.co/datasets/NeelNanda/pile-10k/resolve/127bfedcd5047750df5ccf3a12979a47bfa0bafa/pile-10k.py "HTTP/1.1 404 Not Found"
07:16:53 [INFO] HTTP Request: HEAD https://huggingface.co/datasets/NeelNanda/pile-10k/resolve/127bfedcd5047750df5ccf3a12979a47bfa0bafa/pile-10k.py "HTTP/1.1 404 Not Found"
07:16:53 [INFO] HTTP Request: HEAD https://s3.amazonaws.com/datasets.huggingface.co/datasets/datasets/NeelNanda/pile-10k/NeelNanda/pile-10k.py "HTTP/1.1 404 Not Found"
07:16:53 [INFO] HTTP Request: HEAD https://s3.amazonaws.com/datasets.huggingface.co/datasets/datasets/NeelNanda/pile-10k/NeelNanda/pile-10k.py "HTTP/1.1 404 Not Found"
07:16:53 [INFO] HTTP Request: HEAD https://huggingface.co/datasets/NeelNanda/pile-10k/resolve/127bfedcd5047750df5ccf3a12979a47bfa0bafa/.huggingface.yaml "HTTP/1.1 404 Not Found"
07:16:53 [INFO] HTTP Request: HEAD https://huggingface.co/datasets/NeelNanda/pile-10k/resolve/127bfedcd5047750df5ccf3a12979a47bfa0bafa/.huggingface.yaml "HTTP/1.1 404 Not Found"
07:16:54 [INFO] HTTP Request: GET https://datasets-server.huggingface.co/info?dataset=NeelNanda/pile-10k "HTTP/1.1 200 OK"
07:16:54 [INFO] HTTP Request: GET https://datasets-server.huggingface.co/info?dataset=NeelNanda/pile-10k "HTTP/1.1 200 OK"
  0%|          | 0/40 [00:00<?, ?it/s]  0%|          | 0/40 [00:00<?, ?it/s]Quantizing model.language_model.layers.0:   0%|          | 0/40 [00:00<?, ?it/s]Quantizing model.language_model.layers.0:   0%|          | 0/40 [00:00<?, ?it/s][33;1m2026-07-27 07:17:10 WARNING logging.py L340: MoE layer detected: optimized RTN is disabled for efficiency. Use `--enable_opt_rtn` to force-enable it for MoE layers.[0m
[33;1m2026-07-27 07:17:10 WARNING logging.py L340: MoE layer detected: optimized RTN is disabled for efficiency. Use `--enable_opt_rtn` to force-enable it for MoE layers.[0m
[38;20m2026-07-27 07:17:23 INFO offload.py L707: OffloadManager (compressor): tempdir = /root/_work/1/s/auto_quant/ar_work_space/offload/compressor_chrznrli[0m
[38;20m2026-07-27 07:17:23 INFO offload.py L707: OffloadManager (compressor): tempdir = /root/_work/1/s/auto_quant/ar_work_space/offload/compressor_chrznrli[0m
[38;20m2026-07-27 07:17:24 INFO device.py L1450: 'peak_ram': 9.77GB, 'peak_vram': 64.61GB[0m
Quantizing model.language_model.layers.1:   2%|▎         | 1/40 [00:28<18:22, 28.26s/it][38;20m2026-07-27 07:17:24 INFO device.py L1450: 'peak_ram': 9.77GB, 'peak_vram': 64.61GB[0m
Quantizing model.language_model.layers.1:   2%|▎         | 1/40 [00:28<18:22, 28.26s/it][38;20m2026-07-27 07:17:57 INFO device.py L1450: 'peak_ram': 10.01GB, 'peak_vram': 64.61GB[0m
Quantizing model.language_model.layers.2:   5%|▌         | 2/40 [01:01<19:25, 30.67s/it][38;20m2026-07-27 07:17:57 INFO device.py L1450: 'peak_ram': 10.01GB, 'peak_vram': 64.61GB[0m
Quantizing model.language_model.layers.2:   5%|▌         | 2/40 [01:01<19:25, 30.67s/it][38;20m2026-07-27 07:18:27 INFO device.py L1450: 'peak_ram': 11.94GB, 'peak_vram': 64.61GB[0m
Quantizing model.language_model.layers.3:   8%|▊         | 3/40 [01:30<18:39, 30.26s/it][38;20m2026-07-27 07:18:27 INFO device.py L1450: 'peak_ram': 11.94GB, 'peak_vram': 64.61GB[0m
Quantizing model.language_model.layers.3:   8%|▊         | 3/40 [01:30<18:39, 30.26s/it][38;20m2026-07-27 07:18:52 INFO device.py L1450: 'peak_ram': 11.94GB, 'peak_vram': 64.61GB[0m
Quantizing model.language_model.layers.4:  10%|█         | 4/40 [01:55<17:22, 28.95s/it][38;20m2026-07-27 07:18:52 INFO device.py L1450: 'peak_ram': 11.94GB, 'peak_vram': 64.61GB[0m
Quantizing model.language_model.layers.4:  10%|█         | 4/40 [01:55<17:22, 28.95s/it][38;20m2026-07-27 07:19:20 INFO device.py L1450: 'peak_ram': 11.94GB, 'peak_vram': 64.61GB[0m
Quantizing model.language_model.layers.4:  12%|█▎        | 5/40 [02:24<16:50, 28.86s/it]Quantizing model.language_model.layers.5:  12%|█▎        | 5/40 [02:24<16:50, 28.86s/it][38;20m2026-07-27 07:19:20 INFO device.py L1450: 'peak_ram': 11.94GB, 'peak_vram': 64.61GB[0m
Quantizing model.language_model.layers.4:  12%|█▎        | 5/40 [02:24<16:50, 28.86s/it]Quantizing model.language_model.layers.5:  12%|█▎        | 5/40 [02:24<16:50, 28.86s/it]Quantizing model.language_model.layers.5:  12%|█▎        | 5/40 [02:42<16:50, 28.86s/it]Quantizing model.language_model.layers.5:  12%|█▎        | 5/40 [02:42<16:50, 28.86s/it][38;20m2026-07-27 07:19:44 INFO device.py L1450: 'peak_ram': 11.94GB, 'peak_vram': 64.61GB[0m
Quantizing model.language_model.layers.6:  15%|█▌        | 6/40 [02:48<16:21, 28.86s/it][38;20m2026-07-27 07:19:44 INFO device.py L1450: 'peak_ram': 11.94GB, 'peak_vram': 64.61GB[0m
Quantizing model.language_model.layers.6:  15%|█▌        | 6/40 [02:48<16:21, 28.86s/it][38;20m2026-07-27 07:20:15 INFO device.py L1450: 'peak_ram': 11.94GB, 'peak_vram': 64.61GB[0m
Quantizing model.language_model.layers.7:  18%|█▊        | 7/40 [03:19<15:52, 28.86s/it][38;20m2026-07-27 07:20:15 INFO device.py L1450: 'peak_ram': 11.94GB, 'peak_vram': 64.61GB[0m
Quantizing model.language_model.layers.7:  18%|█▊        | 7/40 [03:19<15:52, 28.86s/it][38;20m2026-07-27 07:20:44 INFO device.py L1450: 'peak_ram': 11.94GB, 'peak_vram': 64.61GB[0m
Quantizing model.language_model.layers.8:  20%|██        | 8/40 [03:48<15:23, 28.86s/it][38;20m2026-07-27 07:20:44 INFO device.py L1450: 'peak_ram': 11.94GB, 'peak_vram': 64.61GB[0m
Quantizing model.language_model.layers.8:  20%|██        | 8/40 [03:48<15:23, 28.86s/it][38;20m2026-07-27 07:21:10 INFO device.py L1450: 'peak_ram': 11.94GB, 'peak_vram': 64.61GB[0m
Quantizing model.language_model.layers.9:  22%|██▎       | 9/40 [04:14<14:54, 28.86s/it][38;20m2026-07-27 07:21:10 INFO device.py L1450: 'peak_ram': 11.94GB, 'peak_vram': 64.61GB[0m
Quantizing model.language_model.layers.9:  22%|██▎       | 9/40 [04:14<14:54, 28.86s/it][38;20m2026-07-27 07:21:37 INFO device.py L1450: 'peak_ram': 13.19GB, 'peak_vram': 64.61GB[0m
Quantizing model.language_model.layers.9:  25%|██▌       | 10/40 [04:41<14:00, 28.01s/it]Quantizing model.language_model.layers.10:  25%|██▌       | 10/40 [04:41<14:00, 28.01s/it][38;20m2026-07-27 07:21:37 INFO device.py L1450: 'peak_ram': 13.19GB, 'peak_vram': 64.61GB[0m
Quantizing model.language_model.layers.9:  25%|██▌       | 10/40 [04:41<14:00, 28.01s/it]Quantizing model.language_model.layers.10:  25%|██▌       | 10/40 [04:41<14:00, 28.01s/it]Quantizing model.language_model.layers.10:  25%|██▌       | 10/40 [04:52<14:00, 28.01s/it]Quantizing model.language_model.layers.10:  25%|██▌       | 10/40 [04:52<14:00, 28.01s/it][38;20m2026-07-27 07:22:03 INFO device.py L1450: 'peak_ram': 13.19GB, 'peak_vram': 64.61GB[0m
Quantizing model.language_model.layers.11:  28%|██▊       | 11/40 [05:07<13:32, 28.01s/it][38;20m2026-07-27 07:22:03 INFO device.py L1450: 'peak_ram': 13.19GB, 'peak_vram': 64.61GB[0m
Quantizing model.language_model.layers.11:  28%|██▊       | 11/40 [05:07<13:32, 28.01s/it][38;20m2026-07-27 07:22:27 INFO device.py L1450: 'peak_ram': 13.19GB, 'peak_vram': 64.61GB[0m
Quantizing model.language_model.layers.12:  30%|███       | 12/40 [05:31<13:04, 28.01s/it][38;20m2026-07-27 07:22:27 INFO device.py L1450: 'peak_ram': 13.19GB, 'peak_vram': 64.61GB[0m
Quantizing model.language_model.layers.12:  30%|███       | 12/40 [05:31<13:04, 28.01s/it][38;20m2026-07-27 07:22:51 INFO device.py L1450: 'peak_ram': 13.57GB, 'peak_vram': 64.61GB[0m
Quantizing model.language_model.layers.13:  32%|███▎      | 13/40 [05:54<12:36, 28.01s/it][38;20m2026-07-27 07:22:51 INFO device.py L1450: 'peak_ram': 13.57GB, 'peak_vram': 64.61GB[0m
Quantizing model.language_model.layers.13:  32%|███▎      | 13/40 [05:54<12:36, 28.01s/it][38;20m2026-07-27 07:23:16 INFO device.py L1450: 'peak_ram': 13.57GB, 'peak_vram': 64.61GB[0m
Quantizing model.language_model.layers.14:  35%|███▌      | 14/40 [06:20<12:08, 28.01s/it][38;20m2026-07-27 07:23:16 INFO device.py L1450: 'peak_ram': 13.57GB, 'peak_vram': 64.61GB[0m
Quantizing model.language_model.layers.14:  35%|███▌      | 14/40 [06:20<12:08, 28.01s/it][38;20m2026-07-27 07:23:42 INFO device.py L1450: 'peak_ram': 13.57GB, 'peak_vram': 64.61GB[0m
Quantizing model.language_model.layers.14:  38%|███▊      | 15/40 [06:46<11:06, 26.65s/it]Quantizing model.language_model.layers.15:  38%|███▊      | 15/40 [06:46<11:06, 26.65s/it][38;20m2026-07-27 07:23:42 INFO device.py L1450: 'peak_ram': 13.57GB, 'peak_vram': 64.61GB[0m
Quantizing model.language_model.layers.14:  38%|███▊      | 15/40 [06:46<11:06, 26.65s/it]Quantizing model.language_model.layers.15:  38%|███▊      | 15/40 [06:46<11:06, 26.65s/it]Quantizing model.language_model.layers.15:  38%|███▊      | 15/40 [07:02<11:06, 26.65s/it]Quantizing model.language_model.layers.15:  38%|███▊      | 15/40 [07:02<11:06, 26.65s/it][38;20m2026-07-27 07:24:18 INFO device.py L1450: 'peak_ram': 13.57GB, 'peak_vram': 64.61GB[0m
Quantizing model.language_model.layers.16:  40%|████      | 16/40 [07:22<10:39, 26.65s/it][38;20m2026-07-27 07:24:18 INFO device.py L1450: 'peak_ram': 13.57GB, 'peak_vram': 64.61GB[0m
Quantizing model.language_model.layers.16:  40%|████      | 16/40 [07:22<10:39, 26.65s/it][38;20m2026-07-27 07:24:53 INFO device.py L1450: 'peak_ram': 13.57GB, 'peak_vram': 64.61GB[0m
Quantizing model.language_model.layers.17:  42%|████▎     | 17/40 [07:57<10:12, 26.65s/it][38;20m2026-07-27 07:24:53 INFO device.py L1450: 'peak_ram': 13.57GB, 'peak_vram': 64.61GB[0m
Quantizing model.language_model.layers.17:  42%|████▎     | 17/40 [07:57<10:12, 26.65s/it][38;20m2026-07-27 07:25:25 INFO device.py L1450: 'peak_ram': 13.57GB, 'peak_vram': 64.61GB[0m
Quantizing model.language_model.layers.18:  45%|████▌     | 18/40 [08:29<09:46, 26.65s/it][38;20m2026-07-27 07:25:25 INFO device.py L1450: 'peak_ram': 13.57GB, 'peak_vram': 64.61GB[0m
Quantizing model.language_model.layers.18:  45%|████▌     | 18/40 [08:29<09:46, 26.65s/it][38;20m2026-07-27 07:25:59 INFO device.py L1450: 'peak_ram': 13.57GB, 'peak_vram': 64.61GB[0m
Quantizing model.language_model.layers.18:  48%|████▊     | 19/40 [09:02<10:12, 29.18s/it]Quantizing model.language_model.layers.19:  48%|████▊     | 19/40 [09:02<10:12, 29.18s/it][38;20m2026-07-27 07:25:59 INFO device.py L1450: 'peak_ram': 13.57GB, 'peak_vram': 64.61GB[0m
Quantizing model.language_model.layers.18:  48%|████▊     | 19/40 [09:02<10:12, 29.18s/it]Quantizing model.language_model.layers.19:  48%|████▊     | 19/40 [09:02<10:12, 29.18s/it]Quantizing model.language_model.layers.19:  48%|████▊     | 19/40 [09:13<10:12, 29.18s/it]Quantizing model.language_model.layers.19:  48%|████▊     | 19/40 [09:13<10:12, 29.18s/it][38;20m2026-07-27 07:26:32 INFO device.py L1450: 'peak_ram': 13.57GB, 'peak_vram': 64.61GB[0m
Quantizing model.language_model.layers.20:  50%|█████     | 20/40 [09:36<09:43, 29.18s/it][38;20m2026-07-27 07:26:32 INFO device.py L1450: 'peak_ram': 13.57GB, 'peak_vram': 64.61GB[0m
Quantizing model.language_model.layers.20:  50%|█████     | 20/40 [09:36<09:43, 29.18s/it][38;20m2026-07-27 07:26:59 INFO device.py L1450: 'peak_ram': 13.57GB, 'peak_vram': 64.61GB[0m
Quantizing model.language_model.layers.21:  52%|█████▎    | 21/40 [10:03<09:14, 29.18s/it][38;20m2026-07-27 07:26:59 INFO device.py L1450: 'peak_ram': 13.57GB, 'peak_vram': 64.61GB[0m
Quantizing model.language_model.layers.21:  52%|█████▎    | 21/40 [10:03<09:14, 29.18s/it][38;20m2026-07-27 07:27:34 INFO device.py L1450: 'peak_ram': 13.57GB, 'peak_vram': 64.61GB[0m
Quantizing model.language_model.layers.22:  55%|█████▌    | 22/40 [10:37<08:45, 29.18s/it][38;20m2026-07-27 07:27:34 INFO device.py L1450: 'peak_ram': 13.57GB, 'peak_vram': 64.61GB[0m
Quantizing model.language_model.layers.22:  55%|█████▌    | 22/40 [10:37<08:45, 29.18s/it][38;20m2026-07-27 07:28:04 INFO device.py L1450: 'peak_ram': 13.57GB, 'peak_vram': 64.61GB[0m
Quantizing model.language_model.layers.22:  57%|█████▊    | 23/40 [11:07<08:27, 29.88s/it]Quantizing model.language_model.layers.23:  57%|█████▊    | 23/40 [11:07<08:27, 29.88s/it][38;20m2026-07-27 07:28:04 INFO device.py L1450: 'peak_ram': 13.57GB, 'peak_vram': 64.61GB[0m
Quantizing model.language_model.layers.22:  57%|█████▊    | 23/40 [11:07<08:27, 29.88s/it]Quantizing model.language_model.layers.23:  57%|█████▊    | 23/40 [11:07<08:27, 29.88s/it]Quantizing model.language_model.layers.23:  57%|█████▊    | 23/40 [11:23<08:27, 29.88s/it]Quantizing model.language_model.layers.23:  57%|█████▊    | 23/40 [11:23<08:27, 29.88s/it][38;20m2026-07-27 07:28:36 INFO device.py L1450: 'peak_ram': 13.57GB, 'peak_vram': 64.61GB[0m
Quantizing model.language_model.layers.24:  60%|██████    | 24/40 [11:40<07:58, 29.88s/it][38;20m2026-07-27 07:28:36 INFO device.py L1450: 'peak_ram': 13.57GB, 'peak_vram': 64.61GB[0m
Quantizing model.language_model.layers.24:  60%|██████    | 24/40 [11:40<07:58, 29.88s/it][38;20m2026-07-27 07:29:09 INFO device.py L1450: 'peak_ram': 13.63GB, 'peak_vram': 64.61GB[0m
Quantizing model.language_model.layers.25:  62%|██████▎   | 25/40 [12:13<07:28, 29.88s/it][38;20m2026-07-27 07:29:09 INFO device.py L1450: 'peak_ram': 13.63GB, 'peak_vram': 64.61GB[0m
Quantizing model.language_model.layers.25:  62%|██████▎   | 25/40 [12:13<07:28, 29.88s/it][38;20m2026-07-27 07:29:44 INFO device.py L1450: 'peak_ram': 13.63GB, 'peak_vram': 64.61GB[0m
Quantizing model.language_model.layers.26:  65%|██████▌   | 26/40 [12:48<06:58, 29.88s/it][38;20m2026-07-27 07:29:44 INFO device.py L1450: 'peak_ram': 13.63GB, 'peak_vram': 64.61GB[0m
Quantizing model.language_model.layers.26:  65%|██████▌   | 26/40 [12:48<06:58, 29.88s/it][38;20m2026-07-27 07:30:19 INFO device.py L1450: 'peak_ram': 13.63GB, 'peak_vram': 64.61GB[0m
Quantizing model.language_model.layers.26:  68%|██████▊   | 27/40 [13:22<06:44, 31.11s/it]Quantizing model.language_model.layers.27:  68%|██████▊   | 27/40 [13:22<06:44, 31.11s/it][38;20m2026-07-27 07:30:19 INFO device.py L1450: 'peak_ram': 13.63GB, 'peak_vram': 64.61GB[0m
Quantizing model.language_model.layers.26:  68%|██████▊   | 27/40 [13:22<06:44, 31.11s/it]Quantizing model.language_model.layers.27:  68%|██████▊   | 27/40 [13:22<06:44, 31.11s/it]Quantizing model.language_model.layers.27:  68%|██████▊   | 27/40 [13:34<06:44, 31.11s/it]Quantizing model.language_model.layers.27:  68%|██████▊   | 27/40 [13:34<06:44, 31.11s/it][38;20m2026-07-27 07:30:53 INFO device.py L1450: 'peak_ram': 13.63GB, 'peak_vram': 64.61GB[0m
Quantizing model.language_model.layers.28:  70%|███████   | 28/40 [13:57<06:13, 31.11s/it][38;20m2026-07-27 07:30:53 INFO device.py L1450: 'peak_ram': 13.63GB, 'peak_vram': 64.61GB[0m
Quantizing model.language_model.layers.28:  70%|███████   | 28/40 [13:57<06:13, 31.11s/it][38;20m2026-07-27 07:31:27 INFO device.py L1450: 'peak_ram': 13.63GB, 'peak_vram': 64.61GB[0m
Quantizing model.language_model.layers.29:  72%|███████▎  | 29/40 [14:31<05:42, 31.11s/it][38;20m2026-07-27 07:31:27 INFO device.py L1450: 'peak_ram': 13.63GB, 'peak_vram': 64.61GB[0m
Quantizing model.language_model.layers.29:  72%|███████▎  | 29/40 [14:31<05:42, 31.11s/it][38;20m2026-07-27 07:32:00 INFO device.py L1450: 'peak_ram': 13.63GB, 'peak_vram': 64.61GB[0m
Quantizing model.language_model.layers.30:  75%|███████▌  | 30/40 [15:04<05:11, 31.11s/it][38;20m2026-07-27 07:32:00 INFO device.py L1450: 'peak_ram': 13.63GB, 'peak_vram': 64.61GB[0m
Quantizing model.language_model.layers.30:  75%|███████▌  | 30/40 [15:04<05:11, 31.11s/it][38;20m2026-07-27 07:32:29 INFO device.py L1450: 'peak_ram': 13.71GB, 'peak_vram': 64.61GB[0m
[38;20m2026-07-27 07:32:29 INFO device.py L1450: 'peak_ram': 13.71GB, 'peak_vram': 64.61GB[0m
Quantizing model.language_model.layers.30:  78%|███████▊  | 31/40 [15:32<04:43, 31.55s/it]Quantizing model.language_model.layers.30:  78%|███████▊  | 31/40 [15:32<04:43, 31.55s/it]Quantizing model.language_model.layers.31:  78%|███████▊  | 31/40 [15:32<04:43, 31.55s/it]Quantizing model.language_model.layers.31:  78%|███████▊  | 31/40 [15:32<04:43, 31.55s/it]Quantizing model.language_model.layers.31:  78%|███████▊  | 31/40 [15:44<04:43, 31.55s/it]Quantizing model.language_model.layers.31:  78%|███████▊  | 31/40 [15:44<04:43, 31.55s/it][38;20m2026-07-27 07:33:03 INFO device.py L1450: 'peak_ram': 13.71GB, 'peak_vram': 64.61GB[0m
Quantizing model.language_model.layers.32:  80%|████████  | 32/40 [16:06<04:12, 31.55s/it][38;20m2026-07-27 07:33:03 INFO device.py L1450: 'peak_ram': 13.71GB, 'peak_vram': 64.61GB[0m
Quantizing model.language_model.layers.32:  80%|████████  | 32/40 [16:06<04:12, 31.55s/it][38;20m2026-07-27 07:33:39 INFO device.py L1450: 'peak_ram': 13.71GB, 'peak_vram': 64.61GB[0m
Quantizing model.language_model.layers.33:  82%|████████▎ | 33/40 [16:43<03:40, 31.55s/it][38;20m2026-07-27 07:33:39 INFO device.py L1450: 'peak_ram': 13.71GB, 'peak_vram': 64.61GB[0m
Quantizing model.language_model.layers.33:  82%|████████▎ | 33/40 [16:43<03:40, 31.55s/it][38;20m2026-07-27 07:34:13 INFO device.py L1450: 'peak_ram': 13.71GB, 'peak_vram': 64.61GB[0m
Quantizing model.language_model.layers.34:  85%|████████▌ | 34/40 [17:16<03:09, 31.55s/it][38;20m2026-07-27 07:34:13 INFO device.py L1450: 'peak_ram': 13.71GB, 'peak_vram': 64.61GB[0m
Quantizing model.language_model.layers.34:  85%|████████▌ | 34/40 [17:16<03:09, 31.55s/it][38;20m2026-07-27 07:34:52 INFO device.py L1450: 'peak_ram': 13.71GB, 'peak_vram': 64.61GB[0m
Quantizing model.language_model.layers.34:  88%|████████▊ | 35/40 [17:56<02:44, 32.89s/it]Quantizing model.language_model.layers.35:  88%|████████▊ | 35/40 [17:56<02:44, 32.89s/it][38;20m2026-07-27 07:34:52 INFO device.py L1450: 'peak_ram': 13.71GB, 'peak_vram': 64.61GB[0m
Quantizing model.language_model.layers.34:  88%|████████▊ | 35/40 [17:56<02:44, 32.89s/it]Quantizing model.language_model.layers.35:  88%|████████▊ | 35/40 [17:56<02:44, 32.89s/it]Quantizing model.language_model.layers.35:  88%|████████▊ | 35/40 [18:16<02:44, 32.89s/it]Quantizing model.language_model.layers.35:  88%|████████▊ | 35/40 [18:16<02:44, 32.89s/it][38;20m2026-07-27 07:35:27 INFO device.py L1450: 'peak_ram': 13.71GB, 'peak_vram': 64.61GB[0m
Quantizing model.language_model.layers.36:  90%|█████████ | 36/40 [18:30<02:11, 32.89s/it][38;20m2026-07-27 07:35:27 INFO device.py L1450: 'peak_ram': 13.71GB, 'peak_vram': 64.61GB[0m
Quantizing model.language_model.layers.36:  90%|█████████ | 36/40 [18:30<02:11, 32.89s/it][38;20m2026-07-27 07:35:59 INFO device.py L1450: 'peak_ram': 13.71GB, 'peak_vram': 64.61GB[0m
Quantizing model.language_model.layers.37:  92%|█████████▎| 37/40 [19:02<01:38, 32.89s/it][38;20m2026-07-27 07:35:59 INFO device.py L1450: 'peak_ram': 13.71GB, 'peak_vram': 64.61GB[0m
Quantizing model.language_model.layers.37:  92%|█████████▎| 37/40 [19:02<01:38, 32.89s/it][38;20m2026-07-27 07:36:35 INFO device.py L1450: 'peak_ram': 13.71GB, 'peak_vram': 64.61GB[0m
Quantizing model.language_model.layers.38:  95%|█████████▌| 38/40 [19:38<01:05, 32.89s/it][38;20m2026-07-27 07:36:35 INFO device.py L1450: 'peak_ram': 13.71GB, 'peak_vram': 64.61GB[0m
Quantizing model.language_model.layers.38:  95%|█████████▌| 38/40 [19:38<01:05, 32.89s/it][38;20m2026-07-27 07:37:10 INFO device.py L1450: 'peak_ram': 13.71GB, 'peak_vram': 64.61GB[0m
Quantizing model.language_model.layers.38:  98%|█████████▊| 39/40 [20:14<00:33, 33.38s/it]Quantizing model.language_model.layers.39:  98%|█████████▊| 39/40 [20:14<00:33, 33.38s/it][38;20m2026-07-27 07:37:10 INFO device.py L1450: 'peak_ram': 13.71GB, 'peak_vram': 64.61GB[0m
Quantizing model.language_model.layers.38:  98%|█████████▊| 39/40 [20:14<00:33, 33.38s/it]Quantizing model.language_model.layers.39:  98%|█████████▊| 39/40 [20:14<00:33, 33.38s/it]Quantizing model.language_model.layers.39:  98%|█████████▊| 39/40 [20:26<00:33, 33.38s/it]Quantizing model.language_model.layers.39:  98%|█████████▊| 39/40 [20:26<00:33, 33.38s/it][38;20m2026-07-27 07:37:43 INFO device.py L1450: 'peak_ram': 13.71GB, 'peak_vram': 64.61GB[0m
Quantizing model.language_model.layers.39: 100%|██████████| 40/40 [20:46<00:00, 31.17s/it]
[38;20m2026-07-27 07:37:43 INFO device.py L1450: 'peak_ram': 13.71GB, 'peak_vram': 64.61GB[0m
Quantizing model.language_model.layers.39: 100%|██████████| 40/40 [20:46<00:00, 31.17s/it]
07:37:44 [INFO] Saving quantized model (auto_round format)...
07:37:44 [INFO] Saving quantized model (auto_round format)...
packing:   0%|          | 0/31125 [00:00<?, ?it/s]packing:   0%|          | 0/31125 [00:00<?, ?it/s]packing:  26%|██▌       | 8099/31125 [02:00<05:41, 67.45it/s]packing:  26%|██▌       | 8099/31125 [02:00<05:41, 67.45it/s]packing:  26%|██▌       | 8099/31125 [02:18<05:41, 67.45it/s]packing:  26%|██▌       | 8099/31125 [02:18<05:41, 67.45it/s]packing:  50%|█████     | 15665/31125 [04:00<03:58, 64.86it/s]packing:  50%|█████     | 15665/31125 [04:00<03:58, 64.86it/s]packing:  50%|█████     | 15665/31125 [04:18<03:58, 64.86it/s]packing:  50%|█████     | 15665/31125 [04:18<03:58, 64.86it/s]packing:  72%|███████▏  | 22432/31125 [06:00<02:22, 60.99it/s]packing:  72%|███████▏  | 22432/31125 [06:00<02:22, 60.99it/s]packing:  72%|███████▏  | 22432/31125 [06:18<02:22, 60.99it/s]packing:  72%|███████▏  | 22432/31125 [06:18<02:22, 60.99it/s]packing:  94%|█████████▍| 29286/31125 [08:00<00:30, 59.46it/s]packing:  94%|█████████▍| 29286/31125 [08:00<00:30, 59.46it/s]packing:  94%|█████████▍| 29286/31125 [08:18<00:30, 59.46it/s]packing:  94%|█████████▍| 29286/31125 [08:18<00:30, 59.46it/s]packing: 100%|██████████| 31125/31125 [08:31<00:00, 60.80it/s]
packing: 100%|██████████| 31125/31125 [08:31<00:00, 60.80it/s]
[33;1m2026-07-27 07:46:17 WARNING export.py L345: /root/_work/1/s/auto_quant/output/runs/Tess-4-35B-A3B-AutoRound-W4A16-RTN/quantized_model already exists, this may cause model conflict[0m
[33;1m2026-07-27 07:46:17 WARNING export.py L345: /root/_work/1/s/auto_quant/output/runs/Tess-4-35B-A3B-AutoRound-W4A16-RTN/quantized_model already exists, this may cause model conflict[0m
[38;20m2026-07-27 07:46:42 INFO missing_tensors.py L358: Found 19 tensor(s) in the source checkpoint that are absent from the saved output (e.g., MTP parameters): mtp.fc, mtp.layers.0.input_layernorm, mtp.layers.0.mlp.experts, mtp.layers.0.mlp.gate, mtp.layers.0.mlp.shared_expert.down_proj, mtp.layers.0.mlp.shared_expert.gate_proj, mtp.layers.0.mlp.shared_expert.up_proj, mtp.layers.0.mlp.shared_expert_gate, mtp.layers.0.post_attention_layernorm, mtp.layers.0.self_attn.k_norm, mtp.layers.0.self_attn.k_proj, mtp.layers.0.self_attn.o_proj, mtp.layers.0.self_attn.q_norm, mtp.layers.0.self_attn.q_proj, mtp.layers.0.self_attn.v_proj, mtp.norm, mtp.pre_fc_norm_embedding, mtp.pre_fc_norm_hidden. Copying them now...
[0m
[38;20m2026-07-27 07:46:42 INFO missing_tensors.py L358: Found 19 tensor(s) in the source checkpoint that are absent from the saved output (e.g., MTP parameters): mtp.fc, mtp.layers.0.input_layernorm, mtp.layers.0.mlp.experts, mtp.layers.0.mlp.gate, mtp.layers.0.mlp.shared_expert.down_proj, mtp.layers.0.mlp.shared_expert.gate_proj, mtp.layers.0.mlp.shared_expert.up_proj, mtp.layers.0.mlp.shared_expert_gate, mtp.layers.0.post_attention_layernorm, mtp.layers.0.self_attn.k_norm, mtp.layers.0.self_attn.k_proj, mtp.layers.0.self_attn.o_proj, mtp.layers.0.self_attn.q_norm, mtp.layers.0.self_attn.q_proj, mtp.layers.0.self_attn.v_proj, mtp.norm, mtp.pre_fc_norm_embedding, mtp.pre_fc_norm_hidden. Copying them now...
[0m
Loading missing tensors:   0%|          | 0/2 [00:00<?, ?shard/s]Loading missing tensors:   0%|          | 0/2 [00:00<?, ?shard/s]
  model-00026-of-00026.safetensors:   0%|          | 0/18 [00:00<?, ?tensor/s][A
  model-00026-of-00026.safetensors:   0%|          | 0/18 [00:00<?, ?tensor/s][A
                                                                              [A
                                                                              [A
  model-00025-of-00026.safetensors:   0%|          | 0/1 [00:00<?, ?tensor/s][A
                                                                             [ALoading missing tensors: 100%|██████████| 2/2 [00:00<00:00, 879.68shard/s]

  model-00025-of-00026.safetensors:   0%|          | 0/1 [00:00<?, ?tensor/s][A
                                                                             [ALoading missing tensors: 100%|██████████| 2/2 [00:00<00:00, 879.68shard/s]
[38;20m2026-07-27 07:46:42 INFO missing_tensors.py L155: Splitting stacked expert tensor 'mtp.layers.0.mlp.experts.down_proj' (shape=[256, 2048, 512], num_experts=256)[0m
[38;20m2026-07-27 07:46:42 INFO missing_tensors.py L155: Splitting stacked expert tensor 'mtp.layers.0.mlp.experts.down_proj' (shape=[256, 2048, 512], num_experts=256)[0m
[38;20m2026-07-27 07:46:42 INFO missing_tensors.py L143: Splitting fused expert tensor 'mtp.layers.0.mlp.experts.gate_up_proj' (shape=[256, 1024, 2048], num_experts=256) into ['gate_proj', 'up_proj'][0m
[38;20m2026-07-27 07:46:42 INFO missing_tensors.py L143: Splitting fused expert tensor 'mtp.layers.0.mlp.experts.gate_up_proj' (shape=[256, 1024, 2048], num_experts=256) into ['gate_proj', 'up_proj'][0m
[38;20m2026-07-27 07:46:42 INFO missing_tensors.py L167: Split 2 fused expert tensor(s) into 768 per-expert tensors.[0m
[38;20m2026-07-27 07:46:42 INFO missing_tensors.py L167: Split 2 fused expert tensor(s) into 768 per-expert tensors.[0m
[38;20m2026-07-27 07:46:42 INFO missing_tensors.py L845: Processing config.json to update quantization_config for missing tensors...[0m
[38;20m2026-07-27 07:46:42 INFO missing_tensors.py L812: Updated extra_config for 3 ignored layer(s): mtp.fc, mtp.layers.0.mlp.gate, mtp.layers.0.mlp.shared_expert_gate[0m
[38;20m2026-07-27 07:46:42 INFO missing_tensors.py L845: Processing config.json to update quantization_config for missing tensors...[0m
[38;20m2026-07-27 07:46:42 INFO missing_tensors.py L812: Updated extra_config for 3 ignored layer(s): mtp.fc, mtp.layers.0.mlp.gate, mtp.layers.0.mlp.shared_expert_gate[0m
[38;20m2026-07-27 07:46:42 INFO missing_tensors.py L838: Updated block_name_to_quantize: ['model.language_model.layers', 'mtp.layers'][0m
[38;20m2026-07-27 07:46:42 INFO missing_tensors.py L838: Updated block_name_to_quantize: ['model.language_model.layers', 'mtp.layers'][0m
[38;20m2026-07-27 07:46:42 INFO missing_tensors.py L868: Applying WOQ[RTN] to 775 missing Linear weight(s) (per-layer overrides from extra_config applied)...[0m
WOQ[RTN] quantizing missing weights:   0%|          | 0/775 [00:00<?, ?weight/s][38;20m2026-07-27 07:46:42 INFO missing_tensors.py L868: Applying WOQ[RTN] to 775 missing Linear weight(s) (per-layer overrides from extra_config applied)...[0m
WOQ[RTN] quantizing missing weights:   0%|          | 0/775 [00:00<?, ?weight/s]WOQ[RTN] quantizing missing weights: 100%|██████████| 775/775 [00:41<00:00, 18.71weight/s]
WOQ[RTN] quantizing missing weights: 100%|██████████| 775/775 [00:41<00:00, 18.71weight/s]
[38;20m2026-07-27 07:47:24 INFO missing_tensors.py L931: Successfully packed 775 weight(s) into WOQ format (2325 packed tensor(s) created).[0m
[38;20m2026-07-27 07:47:24 INFO missing_tensors.py L931: Successfully packed 775 weight(s) into WOQ format (2325 packed tensor(s) created).[0m
[38;20m2026-07-27 07:47:24 INFO missing_tensors.py L498: Successfully wrote 2335 missing tensor(s) to 'model_extra_tensors.safetensors' in /root/_work/1/s/auto_quant/output/runs/Tess-4-35B-A3B-AutoRound-W4A16-RTN/quantized_model.[0m
[38;20m2026-07-27 07:47:24 INFO missing_tensors.py L498: Successfully wrote 2335 missing tensor(s) to 'model_extra_tensors.safetensors' in /root/_work/1/s/auto_quant/output/runs/Tess-4-35B-A3B-AutoRound-W4A16-RTN/quantized_model.[0m
07:47:24 [INFO] HTTP Request: HEAD https://huggingface.co/Don-oz/Tess-4-35B-A3B/resolve/main/config.json "HTTP/1.1 307 Temporary Redirect"
07:47:24 [INFO] HTTP Request: HEAD https://huggingface.co/Don-oz/Tess-4-35B-A3B/resolve/main/config.json "HTTP/1.1 307 Temporary Redirect"
07:47:24 [INFO] HTTP Request: HEAD https://huggingface.co/api/resolve-cache/models/Don-oz/Tess-4-35B-A3B/b42bfd348a6fcd96207cbe7654abf2a8fd396254/config.json "HTTP/1.1 200 OK"
07:47:24 [INFO] HTTP Request: HEAD https://huggingface.co/api/resolve-cache/models/Don-oz/Tess-4-35B-A3B/b42bfd348a6fcd96207cbe7654abf2a8fd396254/config.json "HTTP/1.1 200 OK"
07:47:24 [INFO] Quantization completed in 1846.6s
07:47:24 [INFO] Quantization completed in 1846.6s
07:47:24 [INFO] Summary written to /root/_work/1/s/auto_quant/output/runs/Tess-4-35B-A3B-AutoRound-W4A16-RTN/quant_summary.json
07:47:24 [INFO] === Phase 2: DONE ===
07:47:24 [INFO] Summary written to /root/_work/1/s/auto_quant/output/runs/Tess-4-35B-A3B-AutoRound-W4A16-RTN/quant_summary.json
07:47:24 [INFO] === Phase 2: DONE ===
[auto_v3] quantize fixed on attempt 1
[auto_v3] quantize fixed on attempt 1
[lesson] Saved: [fixed] `pip install pillow`. Please note that you may need to restart your runtime afte
[lesson]   Solution: **FIX_PLAN:** Install `torchvision` and `pillow` via `uv pip install` so that `Qwen2VLImageProcessor` can import successfully. The model architecture (`Qwen3_5MoeForConditionalGeneration`) IS supported by auto_round 0.14.2 (AWQ mappings, norm wrappers, GGUF export all reference it) and exists in the installed transformers. The only blocker is the processor import.;**SMOKE_TEST:** `python3 -c "import torchvision; import PIL; from transformers import AutoProcessor; p = AutoProcessor.from_pretrained('/root/.cache/huggingface/hub/models--Don-oz--Tess-4-35B-A3B/snapshots/b42bfd348a6fcd96207cbe7654abf2a8fd396254'); print('Processor:', type(p).__name__)"`;Processor loads successfully. Now let me re-run the quantization phase:;[TIMEOUT] Agent exceeded 600s;
[lesson] Saved: [fixed] `pip install pillow`. Please note that you may need to restart your runtime afte
[lesson]   Solution: **FIX_PLAN:** Install `torchvision` and `pillow` via `uv pip install` so that `Qwen2VLImageProcessor` can import successfully. The model architecture (`Qwen3_5MoeForConditionalGeneration`) IS supported by auto_round 0.14.2 (AWQ mappings, norm wrappers, GGUF export all reference it) and exists in the installed transformers. The only blocker is the processor import.;**SMOKE_TEST:** `python3 -c "import torchvision; import PIL; from transformers import AutoProcessor; p = AutoProcessor.from_pretrained('/root/.cache/huggingface/hub/models--Don-oz--Tess-4-35B-A3B/snapshots/b42bfd348a6fcd96207cbe7654abf2a8fd396254'); print('Processor:', type(p).__name__)"`;Processor loads successfully. Now let me re-run the quantization phase:;[TIMEOUT] Agent exceeded 600s;
[auto_v3] CUDA available at start — GPU will be enforced across fix attempts
[auto_v3] CUDA available at start — GPU will be enforced across fix attempts

═══════ Phase: evaluate ═══════


═══════ Phase: evaluate ═══════

=== Phase 3: Evaluation ===
  backend=hf
  model=/root/_work/1/s/auto_quant/output/runs/Tess-4-35B-A3B-AutoRound-W4A16-RTN/quantized_model
  tasks=piqa,mmlu,hellaswag
  batch_size=auto
  num_gpus=1
=== Phase 3: Evaluation ===
  backend=hf
  model=/root/_work/1/s/auto_quant/output/runs/Tess-4-35B-A3B-AutoRound-W4A16-RTN/quantized_model
  tasks=piqa,mmlu,hellaswag
  batch_size=auto
  num_gpus=1
[evaluate] Running lm_eval with hf backend...
[evaluate] Running lm_eval with hf backend...
2026-07-27:07:47:39 INFO     [_cli.run:388] Selected Tasks: ['piqa', 'mmlu', 'hellaswag']
2026-07-27:07:47:39 INFO     [_cli.run:388] Selected Tasks: ['piqa', 'mmlu', 'hellaswag']
2026-07-27:07:47:40 INFO     [evaluator:214] Setting random seed to 42 | Setting numpy seed to 42 | Setting torch manual seed to 42 | Setting fewshot manual seed to 42
2026-07-27:07:47:40 INFO     [evaluator:239] Initializing hf model, with arguments: {'pretrained': '/root/_work/1/s/auto_quant/output/runs/Tess-4-35B-A3B-AutoRound-W4A16-RTN/quantized_model', 'dtype': 'bfloat16', 'trust_remote_code': True}
2026-07-27:07:47:40 INFO     [evaluator:214] Setting random seed to 42 | Setting numpy seed to 42 | Setting torch manual seed to 42 | Setting fewshot manual seed to 42
2026-07-27:07:47:40 INFO     [evaluator:239] Initializing hf model, with arguments: {'pretrained': '/root/_work/1/s/auto_quant/output/runs/Tess-4-35B-A3B-AutoRound-W4A16-RTN/quantized_model', 'dtype': 'bfloat16', 'trust_remote_code': True}
2026-07-27:07:47:42 INFO     [models.huggingface:286] Using device 'cuda:0'
2026-07-27:07:47:42 INFO     [models.huggingface:286] Using device 'cuda:0'
2026-07-27:07:47:44 INFO     [models.huggingface:579] Model parallel was set to False, max memory was not set, and device map was set to {'': 'cuda:0'}
2026-07-27:07:47:44 INFO     [models.huggingface:579] Model parallel was set to False, max memory was not set, and device map was set to {'': 'cuda:0'}
/root/.venv/lib/python3.12/site-packages/transformers/quantizers/auto.py:271: UserWarning: You passed `quantization_config` or equivalent parameters to `from_pretrained` but the model you're loading already has a `quantization_config` attribute. The `quantization_config` from the model will be used.However, loading attributes (e.g. ['backend']) will be overwritten with the one you passed to `from_pretrained`. The rest will be ignored.
  warnings.warn(warning_msg)
/root/.venv/lib/python3.12/site-packages/transformers/quantizers/auto.py:271: UserWarning: You passed `quantization_config` or equivalent parameters to `from_pretrained` but the model you're loading already has a `quantization_config` attribute. The `quantization_config` from the model will be used.However, loading attributes (e.g. ['backend']) will be overwritten with the one you passed to `from_pretrained`. The rest will be ignored.
  warnings.warn(warning_msg)
[transformers] The fast path is not available because one of the required library is not installed. Falling back to torch implementation. To install follow https://github.com/fla-org/flash-linear-attention#installation and https://github.com/Dao-AILab/causal-conv1d
[transformers] The fast path is not available because one of the required library is not installed. Falling back to torch implementation. To install follow https://github.com/fla-org/flash-linear-attention#installation and https://github.com/Dao-AILab/causal-conv1d
[38;20m2026-07-27 07:47:44 INFO replace_modules.py L121: Experts (before replacement) [model.layers.0.mlp.experts] (Qwen3_5MoeExperts):
Qwen3_5MoeExperts(
  (act_fn): SiLUActivation()
)[0m
[38;20m2026-07-27 07:47:44 INFO replace_modules.py L121: Experts (before replacement) [model.layers.0.mlp.experts] (Qwen3_5MoeExperts):
Qwen3_5MoeExperts(
  (act_fn): SiLUActivation()
)[0m
[38;20m2026-07-27 07:47:44 INFO device.py L1481: [Memory Monitor] Before applying custom replacements: 'peak_ram': 1.19GB[0m
[38;20m2026-07-27 07:47:44 INFO device.py L1481: [Memory Monitor] Before applying custom replacements: 'peak_ram': 1.19GB[0m
[38;20m2026-07-27 07:47:44 INFO replace_modules.py L372: Found 40 modules to replace[0m
[38;20m2026-07-27 07:47:44 INFO replace_modules.py L372: Found 40 modules to replace[0m
Replacing modules:   0%|          | 0/40 [00:00<?, ?it/s]Replacing modules:   0%|          | 0/40 [00:00<?, ?it/s]Replacing modules: 100%|██████████| 40/40 [00:02<00:00, 14.06it/s]
[38;20m2026-07-27 07:47:47 INFO replace_modules.py L399: Replaced 40 modules[0m
Replacing modules: 100%|██████████| 40/40 [00:02<00:00, 14.06it/s]
[38;20m2026-07-27 07:47:47 INFO replace_modules.py L399: Replaced 40 modules[0m
[38;20m2026-07-27 07:47:47 INFO device.py L1484: [Memory Monitor] After applying custom replacements: 'peak_ram': 1.29GB[0m
[38;20m2026-07-27 07:47:47 INFO device.py L1484: [Memory Monitor] After applying custom replacements: 'peak_ram': 1.29GB[0m
[33;1m2026-07-27 07:47:47 WARNING modeling_utils.py L4770: `loss_type=None` was set in the config but it is unrecognized. Using the default loss: `ForCausalLMLoss`.[0m
[33;1m2026-07-27 07:47:47 WARNING modeling_utils.py L4770: `loss_type=None` was set in the config but it is unrecognized. Using the default loss: `ForCausalLMLoss`.[0m
[38;20m2026-07-27 07:47:49 INFO replace_modules.py L121: Experts (after replacement/skip) [model.layers.0.mlp.experts] (SequentialQwen3_5MoeExperts):
SequentialQwen3_5MoeExperts(
  (0-255): 256 x Qwen3_5MoeMLP(
    (gate_proj): Linear(in_features=2048, out_features=512, bias=False)
    (up_proj): Linear(in_features=2048, out_features=512, bias=False)
    (down_proj): Linear(in_features=512, out_features=2048, bias=False)
    (act_fn): SiLUActivation()
  )
)[0m
[38;20m2026-07-27 07:47:49 INFO replace_modules.py L121: Experts (after replacement/skip) [model.layers.0.mlp.experts] (SequentialQwen3_5MoeExperts):
SequentialQwen3_5MoeExperts(
  (0-255): 256 x Qwen3_5MoeMLP(
    (gate_proj): Linear(in_features=2048, out_features=512, bias=False)
    (up_proj): Linear(in_features=2048, out_features=512, bias=False)
    (down_proj): Linear(in_features=512, out_features=2048, bias=False)
    (act_fn): SiLUActivation()
  )
)[0m
[38;20m2026-07-27 07:47:49 INFO convert_model.py L233: Remapped block_name_to_quantize: ['model.language_model.layers', 'mtp.layers'] -> ['model.layers', 'mtp.layers'][0m
[38;20m2026-07-27 07:47:49 INFO convert_model.py L233: Remapped block_name_to_quantize: ['model.language_model.layers', 'mtp.layers'] -> ['model.layers', 'mtp.layers'][0m
[33;1m2026-07-27 07:47:55 WARNING backend.py L1176: Better backend is found, please install all the following requirements to enable it.[0m
[33;1m2026-07-27 07:47:55 WARNING backend.py L1176: `pip install -v "gptqmodel>=2.0" --no-build-isolation`[0m
[33;1m2026-07-27 07:47:55 WARNING backend.py L1176: Better backend is found, please install all the following requirements to enable it.[0m
[33;1m2026-07-27 07:47:55 WARNING backend.py L1176: `pip install -v "gptqmodel>=2.0" --no-build-isolation`[0m
Generating train split:   0%|          | 0/16113 [00:00<?, ? examples/s]Generating train split:   0%|          | 0/16113 [00:00<?, ? examples/s]Generating train split: 100%|██████████| 16113/16113 [00:00<00:00, 488820.24 examples/s]
Generating validation split:   0%|          | 0/1838 [00:00<?, ? examples/s]Generating train split: 100%|██████████| 16113/16113 [00:00<00:00, 488820.24 examples/s]
Generating validation split:   0%|          | 0/1838 [00:00<?, ? examples/s]Generating validation split: 100%|██████████| 1838/1838 [00:00<00:00, 443308.27 examples/s]
Generating test split:   0%|          | 0/3084 [00:00<?, ? examples/s]Generating validation split: 100%|██████████| 1838/1838 [00:00<00:00, 443308.27 examples/s]
Generating test split:   0%|          | 0/3084 [00:00<?, ? examples/s]Generating test split: 100%|██████████| 3084/3084 [00:00<00:00, 638115.22 examples/s]
Generating test split: 100%|██████████| 3084/3084 [00:00<00:00, 638115.22 examples/s]
Generating test split:   0%|          | 0/100 [00:00<?, ? examples/s]Generating test split:   0%|          | 0/100 [00:00<?, ? examples/s]Generating test split: 100%|██████████| 100/100 [00:00<00:00, 20816.44 examples/s]
Generating validation split:   0%|          | 0/11 [00:00<?, ? examples/s]Generating test split: 100%|██████████| 100/100 [00:00<00:00, 20816.44 examples/s]
Generating validation split:   0%|          | 0/11 [00:00<?, ? examples/s]Generating validation split: 100%|██████████| 11/11 [00:00<00:00, 3864.75 examples/s]
Generating dev split:   0%|          | 0/5 [00:00<?, ? examples/s]Generating validation split: 100%|██████████| 11/11 [00:00<00:00, 3864.75 examples/s]
Generating dev split:   0%|          | 0/5 [00:00<?, ? examples/s]Generating dev split: 100%|██████████| 5/5 [00:00<00:00, 1644.83 examples/s]
Generating dev split: 100%|██████████| 5/5 [00:00<00:00, 1644.83 examples/s]
Generating test split:   0%|          | 0/135 [00:00<?, ? examples/s]Generating test split:   0%|          | 0/135 [00:00<?, ? examples/s]Generating test split: 100%|██████████| 135/135 [00:00<00:00, 29495.81 examples/s]
Generating validation split:   0%|          | 0/14 [00:00<?, ? examples/s]Generating test split: 100%|██████████| 135/135 [00:00<00:00, 29495.81 examples/s]
Generating validation split:   0%|          | 0/14 [00:00<?, ? examples/s]Generating validation split: 100%|██████████| 14/14 [00:00<00:00, 3891.34 examples/s]
Generating dev split:   0%|          | 0/5 [00:00<?, ? examples/s]Generating validation split: 100%|██████████| 14/14 [00:00<00:00, 3891.34 examples/s]
Generating dev split:   0%|          | 0/5 [00:00<?, ? examples/s]Generating dev split: 100%|██████████| 5/5 [00:00<00:00, 1473.86 examples/s]
Generating dev split: 100%|██████████| 5/5 [00:00<00:00, 1473.86 examples/s]
Generating test split:   0%|          | 0/152 [00:00<?, ? examples/s]Generating test split:   0%|          | 0/152 [00:00<?, ? examples/s]Generating test split: 100%|██████████| 152/152 [00:00<00:00, 35489.55 examples/s]
Generating validation split:   0%|          | 0/16 [00:00<?, ? examples/s]Generating test split: 100%|██████████| 152/152 [00:00<00:00, 35489.55 examples/s]
Generating validation split:   0%|          | 0/16 [00:00<?, ? examples/s]Generating validation split: 100%|██████████| 16/16 [00:00<00:00, 6437.92 examples/s]
Generating dev split:   0%|          | 0/5 [00:00<?, ? examples/s]Generating validation split: 100%|██████████| 16/16 [00:00<00:00, 6437.92 examples/s]
Generating dev split:   0%|          | 0/5 [00:00<?, ? examples/s]Generating dev split: 100%|██████████| 5/5 [00:00<00:00, 1947.76 examples/s]
Generating dev split: 100%|██████████| 5/5 [00:00<00:00, 1947.76 examples/s]
Generating test split:   0%|          | 0/144 [00:00<?, ? examples/s]Generating test split:   0%|          | 0/144 [00:00<?, ? examples/s]Generating test split: 100%|██████████| 144/144 [00:00<00:00, 29478.25 examples/s]
Generating validation split:   0%|          | 0/16 [00:00<?, ? examples/s]Generating test split: 100%|██████████| 144/144 [00:00<00:00, 29478.25 examples/s]
Generating validation split:   0%|          | 0/16 [00:00<?, ? examples/s]Generating validation split: 100%|██████████| 16/16 [00:00<00:00, 4311.52 examples/s]
Generating dev split:   0%|          | 0/5 [00:00<?, ? examples/s]Generating validation split: 100%|██████████| 16/16 [00:00<00:00, 4311.52 examples/s]
Generating dev split:   0%|          | 0/5 [00:00<?, ? examples/s]Generating dev split: 100%|██████████| 5/5 [00:00<00:00, 1539.65 examples/s]
Generating dev split: 100%|██████████| 5/5 [00:00<00:00, 1539.65 examples/s]
Generating test split:   0%|          | 0/100 [00:00<?, ? examples/s]Generating test split:   0%|          | 0/100 [00:00<?, ? examples/s]Generating test split: 100%|██████████| 100/100 [00:00<00:00, 21213.35 examples/s]
Generating validation split:   0%|          | 0/8 [00:00<?, ? examples/s]Generating test split: 100%|██████████| 100/100 [00:00<00:00, 21213.35 examples/s]
Generating validation split:   0%|          | 0/8 [00:00<?, ? examples/s]Generating validation split: 100%|██████████| 8/8 [00:00<00:00, 2132.74 examples/s]
Generating dev split:   0%|          | 0/5 [00:00<?, ? examples/s]Generating validation split: 100%|██████████| 8/8 [00:00<00:00, 2132.74 examples/s]
Generating dev split:   0%|          | 0/5 [00:00<?, ? examples/s]Generating dev split: 100%|██████████| 5/5 [00:00<00:00, 1549.09 examples/s]
Generating dev split: 100%|██████████| 5/5 [00:00<00:00, 1549.09 examples/s]
Generating test split:   0%|          | 0/100 [00:00<?, ? examples/s]Generating test split:   0%|          | 0/100 [00:00<?, ? examples/s]Generating test split: 100%|██████████| 100/100 [00:00<00:00, 20134.91 examples/s]
Generating test split: 100%|██████████| 100/100 [00:00<00:00, 20134.91 examples/s]
Generating validation split:   0%|          | 0/11 [00:00<?, ? examples/s]Generating validation split:   0%|          | 0/11 [00:00<?, ? examples/s]Generating validation split: 100%|██████████| 11/11 [00:00<00:00, 3686.56 examples/s]
Generating dev split:   0%|          | 0/5 [00:00<?, ? examples/s]Generating validation split: 100%|██████████| 11/11 [00:00<00:00, 3686.56 examples/s]
Generating dev split:   0%|          | 0/5 [00:00<?, ? examples/s]Generating dev split: 100%|██████████| 5/5 [00:00<00:00, 1725.62 examples/s]
Generating dev split: 100%|██████████| 5/5 [00:00<00:00, 1725.62 examples/s]
Generating test split:   0%|          | 0/100 [00:00<?, ? examples/s]Generating test split:   0%|          | 0/100 [00:00<?, ? examples/s]Generating test split: 100%|██████████| 100/100 [00:00<00:00, 23827.21 examples/s]
Generating validation split:   0%|          | 0/11 [00:00<?, ? examples/s]Generating test split: 100%|██████████| 100/100 [00:00<00:00, 23827.21 examples/s]
Generating validation split:   0%|          | 0/11 [00:00<?, ? examples/s]Generating validation split: 100%|██████████| 11/11 [00:00<00:00, 3602.23 examples/s]
Generating dev split:   0%|          | 0/5 [00:00<?, ? examples/s]Generating validation split: 100%|██████████| 11/11 [00:00<00:00, 3602.23 examples/s]
Generating dev split:   0%|          | 0/5 [00:00<?, ? examples/s]Generating dev split: 100%|██████████| 5/5 [00:00<00:00, 1933.04 examples/s]
Generating dev split: 100%|██████████| 5/5 [00:00<00:00, 1933.04 examples/s]
Generating test split:   0%|          | 0/102 [00:00<?, ? examples/s]Generating test split:   0%|          | 0/102 [00:00<?, ? examples/s]Generating test split: 100%|██████████| 102/102 [00:00<00:00, 18928.37 examples/s]
Generating validation split:   0%|          | 0/11 [00:00<?, ? examples/s]Generating test split: 100%|██████████| 102/102 [00:00<00:00, 18928.37 examples/s]
Generating validation split:   0%|          | 0/11 [00:00<?, ? examples/s]Generating validation split: 100%|██████████| 11/11 [00:00<00:00, 2827.56 examples/s]
Generating validation split: 100%|██████████| 11/11 [00:00<00:00, 2827.56 examples/s]
Generating dev split:   0%|          | 0/5 [00:00<?, ? examples/s]Generating dev split:   0%|          | 0/5 [00:00<?, ? examples/s]Generating dev split: 100%|██████████| 5/5 [00:00<00:00, 1305.01 examples/s]
Generating dev split: 100%|██████████| 5/5 [00:00<00:00, 1305.01 examples/s]
Generating test split:   0%|          | 0/100 [00:00<?, ? examples/s]Generating test split:   0%|          | 0/100 [00:00<?, ? examples/s]Generating test split: 100%|██████████| 100/100 [00:00<00:00, 17725.16 examples/s]
Generating validation split:   0%|          | 0/11 [00:00<?, ? examples/s]Generating test split: 100%|██████████| 100/100 [00:00<00:00, 17725.16 examples/s]
Generating validation split:   0%|          | 0/11 [00:00<?, ? examples/s]Generating validation split: 100%|██████████| 11/11 [00:00<00:00, 3386.97 examples/s]
Generating dev split:   0%|          | 0/5 [00:00<?, ? examples/s]Generating validation split: 100%|██████████| 11/11 [00:00<00:00, 3386.97 examples/s]
Generating dev split:   0%|          | 0/5 [00:00<?, ? examples/s]Generating dev split: 100%|██████████| 5/5 [00:00<00:00, 1595.03 examples/s]
Generating dev split: 100%|██████████| 5/5 [00:00<00:00, 1595.03 examples/s]
Generating test split:   0%|          | 0/235 [00:00<?, ? examples/s]Generating test split:   0%|          | 0/235 [00:00<?, ? examples/s]Generating test split: 100%|██████████| 235/235 [00:00<00:00, 43594.05 examples/s]
Generating validation split:   0%|          | 0/26 [00:00<?, ? examples/s]Generating test split: 100%|██████████| 235/235 [00:00<00:00, 43594.05 examples/s]
Generating validation split:   0%|          | 0/26 [00:00<?, ? examples/s]Generating validation split: 100%|██████████| 26/26 [00:00<00:00, 7701.95 examples/s]
Generating dev split:   0%|          | 0/5 [00:00<?, ? examples/s]Generating validation split: 100%|██████████| 26/26 [00:00<00:00, 7701.95 examples/s]
Generating dev split:   0%|          | 0/5 [00:00<?, ? examples/s]Generating dev split: 100%|██████████| 5/5 [00:00<00:00, 1453.03 examples/s]
Generating dev split: 100%|██████████| 5/5 [00:00<00:00, 1453.03 examples/s]
Generating test split:   0%|          | 0/145 [00:00<?, ? examples/s]Generating test split:   0%|          | 0/145 [00:00<?, ? examples/s]Generating test split: 100%|██████████| 145/145 [00:00<00:00, 27629.21 examples/s]
Generating test split: 100%|██████████| 145/145 [00:00<00:00, 27629.21 examples/s]
Generating validation split:   0%|          | 0/16 [00:00<?, ? examples/s]Generating validation split:   0%|          | 0/16 [00:00<?, ? examples/s]Generating validation split: 100%|██████████| 16/16 [00:00<00:00, 4365.94 examples/s]
Generating dev split:   0%|          | 0/5 [00:00<?, ? examples/s]Generating validation split: 100%|██████████| 16/16 [00:00<00:00, 4365.94 examples/s]
Generating dev split:   0%|          | 0/5 [00:00<?, ? examples/s]Generating dev split: 100%|██████████| 5/5 [00:00<00:00, 1384.17 examples/s]
Generating dev split: 100%|██████████| 5/5 [00:00<00:00, 1384.17 examples/s]
Generating test split:   0%|          | 0/378 [00:00<?, ? examples/s]Generating test split:   0%|          | 0/378 [00:00<?, ? examples/s]Generating test split: 100%|██████████| 378/378 [00:00<00:00, 71284.88 examples/s]
Generating validation split:   0%|          | 0/41 [00:00<?, ? examples/s]Generating test split: 100%|██████████| 378/378 [00:00<00:00, 71284.88 examples/s]
Generating validation split:   0%|          | 0/41 [00:00<?, ? examples/s]Generating validation split: 100%|██████████| 41/41 [00:00<00:00, 11400.59 examples/s]
Generating dev split:   0%|          | 0/5 [00:00<?, ? examples/s]Generating validation split: 100%|██████████| 41/41 [00:00<00:00, 11400.59 examples/s]
Generating dev split:   0%|          | 0/5 [00:00<?, ? examples/s]Generating dev split: 100%|██████████| 5/5 [00:00<00:00, 1494.12 examples/s]
Generating dev split: 100%|██████████| 5/5 [00:00<00:00, 1494.12 examples/s]
Generating test split:   0%|          | 0/310 [00:00<?, ? examples/s]Generating test split:   0%|          | 0/310 [00:00<?, ? examples/s]Generating test split: 100%|██████████| 310/310 [00:00<00:00, 54005.41 examples/s]
Generating validation split:   0%|          | 0/32 [00:00<?, ? examples/s]Generating test split: 100%|██████████| 310/310 [00:00<00:00, 54005.41 examples/s]
Generating validation split:   0%|          | 0/32 [00:00<?, ? examples/s]Generating validation split: 100%|██████████| 32/32 [00:00<00:00, 9163.50 examples/s]
Generating dev split:   0%|          | 0/5 [00:00<?, ? examples/s]Generating validation split: 100%|██████████| 32/32 [00:00<00:00, 9163.50 examples/s]
Generating dev split:   0%|          | 0/5 [00:00<?, ? examples/s]Generating dev split: 100%|██████████| 5/5 [00:00<00:00, 1469.83 examples/s]
Generating dev split: 100%|██████████| 5/5 [00:00<00:00, 1469.83 examples/s]
Generating test split:   0%|          | 0/203 [00:00<?, ? examples/s]Generating test split:   0%|          | 0/203 [00:00<?, ? examples/s]Generating test split: 100%|██████████| 203/203 [00:00<00:00, 32293.25 examples/s]
Generating test split: 100%|██████████| 203/203 [00:00<00:00, 32293.25 examples/s]
Generating validation split:   0%|          | 0/22 [00:00<?, ? examples/s]Generating validation split:   0%|          | 0/22 [00:00<?, ? examples/s]Generating validation split: 100%|██████████| 22/22 [00:00<00:00, 6029.84 examples/s]
Generating dev split:   0%|          | 0/5 [00:00<?, ? examples/s]Generating validation split: 100%|██████████| 22/22 [00:00<00:00, 6029.84 examples/s]
Generating dev split:   0%|          | 0/5 [00:00<?, ? examples/s]Generating dev split: 100%|██████████| 5/5 [00:00<00:00, 1560.73 examples/s]
Generating dev split: 100%|██████████| 5/5 [00:00<00:00, 1560.73 examples/s]
Generating test split:   0%|          | 0/100 [00:00<?, ? examples/s]Generating test split:   0%|          | 0/100 [00:00<?, ? examples/s]Generating test split: 100%|██████████| 100/100 [00:00<00:00, 23735.52 examples/s]
Generating validation split:   0%|          | 0/9 [00:00<?, ? examples/s]Generating test split: 100%|██████████| 100/100 [00:00<00:00, 23735.52 examples/s]
Generating validation split:   0%|          | 0/9 [00:00<?, ? examples/s]Generating validation split: 100%|██████████| 9/9 [00:00<00:00, 2313.32 examples/s]
Generating dev split:   0%|          | 0/5 [00:00<?, ? examples/s]Generating validation split: 100%|██████████| 9/9 [00:00<00:00, 2313.32 examples/s]
Generating dev split:   0%|          | 0/5 [00:00<?, ? examples/s]Generating dev split: 100%|██████████| 5/5 [00:00<00:00, 1461.12 examples/s]
Generating dev split: 100%|██████████| 5/5 [00:00<00:00, 1461.12 examples/s]
Generating test split:   0%|          | 0/270 [00:00<?, ? examples/s]Generating test split:   0%|          | 0/270 [00:00<?, ? examples/s]Generating test split: 100%|██████████| 270/270 [00:00<00:00, 55844.08 examples/s]
Generating validation split:   0%|          | 0/29 [00:00<?, ? examples/s]Generating test split: 100%|██████████| 270/270 [00:00<00:00, 55844.08 examples/s]
Generating validation split:   0%|          | 0/29 [00:00<?, ? examples/s]Generating validation split: 100%|██████████| 29/29 [00:00<00:00, 8462.73 examples/s]
Generating dev split:   0%|          | 0/5 [00:00<?, ? examples/s]Generating validation split: 100%|██████████| 29/29 [00:00<00:00, 8462.73 examples/s]
Generating dev split:   0%|          | 0/5 [00:00<?, ? examples/s]Generating dev split: 100%|██████████| 5/5 [00:00<00:00, 1424.79 examples/s]
Generating dev split: 100%|██████████| 5/5 [00:00<00:00, 1424.79 examples/s]
Generating test split:   0%|          | 0/151 [00:00<?, ? examples/s]Generating test split:   0%|          | 0/151 [00:00<?, ? examples/s]Generating test split: 100%|██████████| 151/151 [00:00<00:00, 30283.06 examples/s]
Generating validation split:   0%|          | 0/17 [00:00<?, ? examples/s]Generating test split: 100%|██████████| 151/151 [00:00<00:00, 30283.06 examples/s]
Generating validation split:   0%|          | 0/17 [00:00<?, ? examples/s]Generating validation split: 100%|██████████| 17/17 [00:00<00:00, 4728.33 examples/s]
Generating dev split:   0%|          | 0/5 [00:00<?, ? examples/s]Generating validation split: 100%|██████████| 17/17 [00:00<00:00, 4728.33 examples/s]
Generating dev split:   0%|          | 0/5 [00:00<?, ? examples/s]Generating dev split: 100%|██████████| 5/5 [00:00<00:00, 1448.41 examples/s]
Generating dev split: 100%|██████████| 5/5 [00:00<00:00, 1448.41 examples/s]
Generating test split:   0%|          | 0/216 [00:00<?, ? examples/s]Generating test split:   0%|          | 0/216 [00:00<?, ? examples/s]Generating test split: 100%|██████████| 216/216 [00:00<00:00, 39438.00 examples/s]
Generating test split: 100%|██████████| 216/216 [00:00<00:00, 39438.00 examples/s]
Generating validation split:   0%|          | 0/23 [00:00<?, ? examples/s]Generating validation split:   0%|          | 0/23 [00:00<?, ? examples/s]Generating validation split: 100%|██████████| 23/23 [00:00<00:00, 7397.93 examples/s]
Generating dev split:   0%|          | 0/5 [00:00<?, ? examples/s]Generating validation split: 100%|██████████| 23/23 [00:00<00:00, 7397.93 examples/s]
Generating dev split:   0%|          | 0/5 [00:00<?, ? examples/s]Generating dev split: 100%|██████████| 5/5 [00:00<00:00, 1869.45 examples/s]
Generating dev split: 100%|██████████| 5/5 [00:00<00:00, 1869.45 examples/s]
Generating test split:   0%|          | 0/112 [00:00<?, ? examples/s]Generating test split:   0%|          | 0/112 [00:00<?, ? examples/s]Generating test split: 100%|██████████| 112/112 [00:00<00:00, 21076.90 examples/s]
Generating validation split:   0%|          | 0/11 [00:00<?, ? examples/s]Generating test split: 100%|██████████| 112/112 [00:00<00:00, 21076.90 examples/s]
Generating validation split:   0%|          | 0/11 [00:00<?, ? examples/s]Generating validation split: 100%|██████████| 11/11 [00:00<00:00, 3092.32 examples/s]
Generating dev split:   0%|          | 0/5 [00:00<?, ? examples/s]Generating validation split: 100%|██████████| 11/11 [00:00<00:00, 3092.32 examples/s]
Generating dev split:   0%|          | 0/5 [00:00<?, ? examples/s]Generating dev split: 100%|██████████| 5/5 [00:00<00:00, 1557.60 examples/s]
Generating dev split: 100%|██████████| 5/5 [00:00<00:00, 1557.60 examples/s]
Generating test split:   0%|          | 0/100 [00:00<?, ? examples/s]Generating test split:   0%|          | 0/100 [00:00<?, ? examples/s]Generating test split: 100%|██████████| 100/100 [00:00<00:00, 18029.16 examples/s]
Generating validation split:   0%|          | 0/11 [00:00<?, ? examples/s]Generating test split: 100%|██████████| 100/100 [00:00<00:00, 18029.16 examples/s]
Generating validation split:   0%|          | 0/11 [00:00<?, ? examples/s]Generating validation split: 100%|██████████| 11/11 [00:00<00:00, 3506.68 examples/s]
Generating dev split:   0%|          | 0/5 [00:00<?, ? examples/s]Generating validation split: 100%|██████████| 11/11 [00:00<00:00, 3506.68 examples/s]
Generating dev split:   0%|          | 0/5 [00:00<?, ? examples/s]Generating dev split: 100%|██████████| 5/5 [00:00<00:00, 1628.86 examples/s]
Generating dev split: 100%|██████████| 5/5 [00:00<00:00, 1628.86 examples/s]
Generating test split:   0%|          | 0/265 [00:00<?, ? examples/s]Generating test split:   0%|          | 0/265 [00:00<?, ? examples/s]Generating test split: 100%|██████████| 265/265 [00:00<00:00, 56340.76 examples/s]
Generating validation split:   0%|          | 0/29 [00:00<?, ? examples/s]Generating test split: 100%|██████████| 265/265 [00:00<00:00, 56340.76 examples/s]
Generating validation split:   0%|          | 0/29 [00:00<?, ? examples/s]Generating validation split: 100%|██████████| 29/29 [00:00<00:00, 8352.32 examples/s]
Generating dev split:   0%|          | 0/5 [00:00<?, ? examples/s]Generating validation split: 100%|██████████| 29/29 [00:00<00:00, 8352.32 examples/s]
Generating dev split:   0%|          | 0/5 [00:00<?, ? examples/s]Generating dev split: 100%|██████████| 5/5 [00:00<00:00, 1611.33 examples/s]
Generating dev split: 100%|██████████| 5/5 [00:00<00:00, 1611.33 examples/s]
Generating test split:   0%|          | 0/173 [00:00<?, ? examples/s]Generating test split:   0%|          | 0/173 [00:00<?, ? examples/s]Generating test split: 100%|██████████| 173/173 [00:00<00:00, 39341.50 examples/s]
Generating test split: 100%|██████████| 173/173 [00:00<00:00, 39341.50 examples/s]
Generating validation split:   0%|          | 0/22 [00:00<?, ? examples/s]Generating validation split:   0%|          | 0/22 [00:00<?, ? examples/s]Generating validation split: 100%|██████████| 22/22 [00:00<00:00, 5289.16 examples/s]
Generating validation split: 100%|██████████| 22/22 [00:00<00:00, 5289.16 examples/s]
Generating dev split:   0%|          | 0/5 [00:00<?, ? examples/s]Generating dev split:   0%|          | 0/5 [00:00<?, ? examples/s]Generating dev split: 100%|██████████| 5/5 [00:00<00:00, 1291.27 examples/s]
Generating dev split: 100%|██████████| 5/5 [00:00<00:00, 1291.27 examples/s]
Generating test split:   0%|          | 0/100 [00:00<?, ? examples/s]Generating test split:   0%|          | 0/100 [00:00<?, ? examples/s]Generating test split: 100%|██████████| 100/100 [00:00<00:00, 20597.67 examples/s]
Generating test split: 100%|██████████| 100/100 [00:00<00:00, 20597.67 examples/s]
Generating validation split:   0%|          | 0/10 [00:00<?, ? examples/s]Generating validation split:   0%|          | 0/10 [00:00<?, ? examples/s]Generating validation split: 100%|██████████| 10/10 [00:00<00:00, 3063.55 examples/s]
Generating dev split:   0%|          | 0/5 [00:00<?, ? examples/s]Generating validation split: 100%|██████████| 10/10 [00:00<00:00, 3063.55 examples/s]
Generating dev split:   0%|          | 0/5 [00:00<?, ? examples/s]Generating dev split: 100%|██████████| 5/5 [00:00<00:00, 1557.02 examples/s]
Generating dev split: 100%|██████████| 5/5 [00:00<00:00, 1557.02 examples/s]
Generating test split:   0%|          | 0/223 [00:00<?, ? examples/s]Generating test split:   0%|          | 0/223 [00:00<?, ? examples/s]Generating test split: 100%|██████████| 223/223 [00:00<00:00, 51010.57 examples/s]
Generating validation split:   0%|          | 0/23 [00:00<?, ? examples/s]Generating test split: 100%|██████████| 223/223 [00:00<00:00, 51010.57 examples/s]
Generating validation split:   0%|          | 0/23 [00:00<?, ? examples/s]Generating validation split: 100%|██████████| 23/23 [00:00<00:00, 6351.66 examples/s]
Generating dev split:   0%|          | 0/5 [00:00<?, ? examples/s]Generating validation split: 100%|██████████| 23/23 [00:00<00:00, 6351.66 examples/s]
Generating dev split:   0%|          | 0/5 [00:00<?, ? examples/s]Generating dev split: 100%|██████████| 5/5 [00:00<00:00, 1498.07 examples/s]
Generating dev split: 100%|██████████| 5/5 [00:00<00:00, 1498.07 examples/s]
Generating test split:   0%|          | 0/103 [00:00<?, ? examples/s]Generating test split:   0%|          | 0/103 [00:00<?, ? examples/s]Generating test split: 100%|██████████| 103/103 [00:00<00:00, 23615.03 examples/s]
Generating validation split:   0%|          | 0/11 [00:00<?, ? examples/s]Generating test split: 100%|██████████| 103/103 [00:00<00:00, 23615.03 examples/s]
Generating validation split:   0%|          | 0/11 [00:00<?, ? examples/s]Generating validation split: 100%|██████████| 11/11 [00:00<00:00, 3425.70 examples/s]
Generating dev split:   0%|          | 0/5 [00:00<?, ? examples/s]Generating validation split: 100%|██████████| 11/11 [00:00<00:00, 3425.70 examples/s]
Generating dev split:   0%|          | 0/5 [00:00<?, ? examples/s]Generating dev split: 100%|██████████| 5/5 [00:00<00:00, 1584.91 examples/s]
Generating dev split: 100%|██████████| 5/5 [00:00<00:00, 1584.91 examples/s]
Generating test split:   0%|          | 0/234 [00:00<?, ? examples/s]Generating test split:   0%|          | 0/234 [00:00<?, ? examples/s]Generating test split: 100%|██████████| 234/234 [00:00<00:00, 58033.77 examples/s]
Generating validation split:   0%|          | 0/25 [00:00<?, ? examples/s]Generating test split: 100%|██████████| 234/234 [00:00<00:00, 58033.77 examples/s]
Generating validation split:   0%|          | 0/25 [00:00<?, ? examples/s]Generating validation split: 100%|██████████| 25/25 [00:00<00:00, 7399.45 examples/s]
Generating dev split:   0%|          | 0/5 [00:00<?, ? examples/s]Generating validation split: 100%|██████████| 25/25 [00:00<00:00, 7399.45 examples/s]
Generating dev split:   0%|          | 0/5 [00:00<?, ? examples/s]Generating dev split: 100%|██████████| 5/5 [00:00<00:00, 1665.07 examples/s]
Generating dev split: 100%|██████████| 5/5 [00:00<00:00, 1665.07 examples/s]
Generating test split:   0%|          | 0/100 [00:00<?, ? examples/s]Generating test split:   0%|          | 0/100 [00:00<?, ? examples/s]Generating test split: 100%|██████████| 100/100 [00:00<00:00, 29228.60 examples/s]
Generating test split: 100%|██████████| 100/100 [00:00<00:00, 29228.60 examples/s]
Generating validation split:   0%|          | 0/11 [00:00<?, ? examples/s]Generating validation split:   0%|          | 0/11 [00:00<?, ? examples/s]Generating validation split: 100%|██████████| 11/11 [00:00<00:00, 3053.23 examples/s]
Generating validation split: 100%|██████████| 11/11 [00:00<00:00, 3053.23 examples/s]
Generating dev split:   0%|          | 0/5 [00:00<?, ? examples/s]Generating dev split:   0%|          | 0/5 [00:00<?, ? examples/s]Generating dev split: 100%|██████████| 5/5 [00:00<00:00, 1416.32 examples/s]
Generating dev split: 100%|██████████| 5/5 [00:00<00:00, 1416.32 examples/s]
Generating test split:   0%|          | 0/783 [00:00<?, ? examples/s]Generating test split:   0%|          | 0/783 [00:00<?, ? examples/s]Generating test split: 100%|██████████| 783/783 [00:00<00:00, 132767.63 examples/s]
Generating test split: 100%|██████████| 783/783 [00:00<00:00, 132767.63 examples/s]
Generating validation split:   0%|          | 0/86 [00:00<?, ? examples/s]Generating validation split:   0%|          | 0/86 [00:00<?, ? examples/s]Generating validation split: 100%|██████████| 86/86 [00:00<00:00, 21767.55 examples/s]
Generating dev split:   0%|          | 0/5 [00:00<?, ? examples/s]Generating validation split: 100%|██████████| 86/86 [00:00<00:00, 21767.55 examples/s]
Generating dev split:   0%|          | 0/5 [00:00<?, ? examples/s]Generating dev split: 100%|██████████| 5/5 [00:00<00:00, 1414.13 examples/s]
Generating dev split: 100%|██████████| 5/5 [00:00<00:00, 1414.13 examples/s]
Generating test split:   0%|          | 0/306 [00:00<?, ? examples/s]Generating test split:   0%|          | 0/306 [00:00<?, ? examples/s]Generating test split: 100%|██████████| 306/306 [00:00<00:00, 58661.59 examples/s]
Generating validation split:   0%|          | 0/33 [00:00<?, ? examples/s]Generating test split: 100%|██████████| 306/306 [00:00<00:00, 58661.59 examples/s]
Generating validation split:   0%|          | 0/33 [00:00<?, ? examples/s]Generating validation split: 100%|██████████| 33/33 [00:00<00:00, 9340.80 examples/s]
Generating dev split:   0%|          | 0/5 [00:00<?, ? examples/s]Generating validation split: 100%|██████████| 33/33 [00:00<00:00, 9340.80 examples/s]
Generating dev split:   0%|          | 0/5 [00:00<?, ? examples/s]Generating dev split: 100%|██████████| 5/5 [00:00<00:00, 1559.34 examples/s]
Generating dev split: 100%|██████████| 5/5 [00:00<00:00, 1559.34 examples/s]
Generating test split:   0%|          | 0/282 [00:00<?, ? examples/s]Generating test split:   0%|          | 0/282 [00:00<?, ? examples/s]Generating test split: 100%|██████████| 282/282 [00:00<00:00, 56339.61 examples/s]
Generating validation split:   0%|          | 0/31 [00:00<?, ? examples/s]Generating test split: 100%|██████████| 282/282 [00:00<00:00, 56339.61 examples/s]
Generating validation split:   0%|          | 0/31 [00:00<?, ? examples/s]Generating validation split: 100%|██████████| 31/31 [00:00<00:00, 9107.83 examples/s]
Generating dev split:   0%|          | 0/5 [00:00<?, ? examples/s]Generating validation split: 100%|██████████| 31/31 [00:00<00:00, 9107.83 examples/s]
Generating dev split:   0%|          | 0/5 [00:00<?, ? examples/s]Generating dev split: 100%|██████████| 5/5 [00:00<00:00, 1590.08 examples/s]
Generating dev split: 100%|██████████| 5/5 [00:00<00:00, 1590.08 examples/s]
Generating test split:   0%|          | 0/272 [00:00<?, ? examples/s]Generating test split:   0%|          | 0/272 [00:00<?, ? examples/s]Generating test split: 100%|██████████| 272/272 [00:00<00:00, 49411.00 examples/s]
Generating validation split:   0%|          | 0/31 [00:00<?, ? examples/s]Generating test split: 100%|██████████| 272/272 [00:00<00:00, 49411.00 examples/s]
Generating validation split:   0%|          | 0/31 [00:00<?, ? examples/s]Generating validation split: 100%|██████████| 31/31 [00:00<00:00, 8016.73 examples/s]
Generating dev split:   0%|          | 0/5 [00:00<?, ? examples/s]Generating validation split: 100%|██████████| 31/31 [00:00<00:00, 8016.73 examples/s]
Generating dev split:   0%|          | 0/5 [00:00<?, ? examples/s]Generating dev split: 100%|██████████| 5/5 [00:00<00:00, 1457.17 examples/s]
Generating dev split: 100%|██████████| 5/5 [00:00<00:00, 1457.17 examples/s]
Generating test split:   0%|          | 0/166 [00:00<?, ? examples/s]Generating test split:   0%|          | 0/166 [00:00<?, ? examples/s]Generating test split: 100%|██████████| 166/166 [00:00<00:00, 41741.87 examples/s]
Generating validation split:   0%|          | 0/18 [00:00<?, ? examples/s]Generating test split: 100%|██████████| 166/166 [00:00<00:00, 41741.87 examples/s]
Generating validation split:   0%|          | 0/18 [00:00<?, ? examples/s]Generating validation split: 100%|██████████| 18/18 [00:00<00:00, 6457.74 examples/s]
Generating dev split:   0%|          | 0/5 [00:00<?, ? examples/s]Generating validation split: 100%|██████████| 18/18 [00:00<00:00, 6457.74 examples/s]
Generating dev split:   0%|          | 0/5 [00:00<?, ? examples/s]Generating dev split: 100%|██████████| 5/5 [00:00<00:00, 1624.69 examples/s]
Generating dev split: 100%|██████████| 5/5 [00:00<00:00, 1624.69 examples/s]
Generating test split:   0%|          | 0/114 [00:00<?, ? examples/s]Generating test split:   0%|          | 0/114 [00:00<?, ? examples/s]Generating test split: 100%|██████████| 114/114 [00:00<00:00, 24747.72 examples/s]
Generating validation split:   0%|          | 0/12 [00:00<?, ? examples/s]Generating test split: 100%|██████████| 114/114 [00:00<00:00, 24747.72 examples/s]
Generating validation split:   0%|          | 0/12 [00:00<?, ? examples/s]Generating validation split: 100%|██████████| 12/12 [00:00<00:00, 3185.35 examples/s]
Generating validation split: 100%|██████████| 12/12 [00:00<00:00, 3185.35 examples/s]
Generating dev split:   0%|          | 0/5 [00:00<?, ? examples/s]Generating dev split:   0%|          | 0/5 [00:00<?, ? examples/s]Generating dev split: 100%|██████████| 5/5 [00:00<00:00, 1451.62 examples/s]
Generating dev split: 100%|██████████| 5/5 [00:00<00:00, 1451.62 examples/s]
Generating test split:   0%|          | 0/198 [00:00<?, ? examples/s]Generating test split:   0%|          | 0/198 [00:00<?, ? examples/s]Generating test split: 100%|██████████| 198/198 [00:00<00:00, 44403.15 examples/s]
Generating validation split:   0%|          | 0/22 [00:00<?, ? examples/s]Generating test split: 100%|██████████| 198/198 [00:00<00:00, 44403.15 examples/s]
Generating validation split:   0%|          | 0/22 [00:00<?, ? examples/s]Generating validation split: 100%|██████████| 22/22 [00:00<00:00, 7028.85 examples/s]
Generating dev split:   0%|          | 0/5 [00:00<?, ? examples/s]Generating validation split: 100%|██████████| 22/22 [00:00<00:00, 7028.85 examples/s]
Generating dev split:   0%|          | 0/5 [00:00<?, ? examples/s]Generating dev split: 100%|██████████| 5/5 [00:00<00:00, 1605.05 examples/s]
Generating dev split: 100%|██████████| 5/5 [00:00<00:00, 1605.05 examples/s]
Generating test split:   0%|          | 0/193 [00:00<?, ? examples/s]Generating test split:   0%|          | 0/193 [00:00<?, ? examples/s]Generating test split: 100%|██████████| 193/193 [00:00<00:00, 38767.33 examples/s]
Generating validation split:   0%|          | 0/21 [00:00<?, ? examples/s]Generating test split: 100%|██████████| 193/193 [00:00<00:00, 38767.33 examples/s]
Generating validation split:   0%|          | 0/21 [00:00<?, ? examples/s]Generating validation split: 100%|██████████| 21/21 [00:00<00:00, 4204.51 examples/s]
Generating validation split: 100%|██████████| 21/21 [00:00<00:00, 4204.51 examples/s]
Generating dev split:   0%|          | 0/5 [00:00<?, ? examples/s]Generating dev split:   0%|          | 0/5 [00:00<?, ? examples/s]Generating dev split: 100%|██████████| 5/5 [00:00<00:00, 897.02 examples/s]
Generating dev split: 100%|██████████| 5/5 [00:00<00:00, 897.02 examples/s]
Generating test split:   0%|          | 0/390 [00:00<?, ? examples/s]Generating test split:   0%|          | 0/390 [00:00<?, ? examples/s]Generating test split: 100%|██████████| 390/390 [00:00<00:00, 71572.02 examples/s]
Generating validation split:   0%|          | 0/43 [00:00<?, ? examples/s]Generating test split: 100%|██████████| 390/390 [00:00<00:00, 71572.02 examples/s]
Generating validation split:   0%|          | 0/43 [00:00<?, ? examples/s]Generating validation split: 100%|██████████| 43/43 [00:00<00:00, 12826.62 examples/s]
Generating dev split:   0%|          | 0/5 [00:00<?, ? examples/s]Generating validation split: 100%|██████████| 43/43 [00:00<00:00, 12826.62 examples/s]
Generating dev split:   0%|          | 0/5 [00:00<?, ? examples/s]Generating dev split: 100%|██████████| 5/5 [00:00<00:00, 1794.58 examples/s]
Generating dev split: 100%|██████████| 5/5 [00:00<00:00, 1794.58 examples/s]
Generating test split:   0%|          | 0/238 [00:00<?, ? examples/s]Generating test split:   0%|          | 0/238 [00:00<?, ? examples/s]Generating test split: 100%|██████████| 238/238 [00:00<00:00, 60995.01 examples/s]
Generating validation split:   0%|          | 0/26 [00:00<?, ? examples/s]Generating test split: 100%|██████████| 238/238 [00:00<00:00, 60995.01 examples/s]
Generating validation split:   0%|          | 0/26 [00:00<?, ? examples/s]Generating validation split: 100%|██████████| 26/26 [00:00<00:00, 7606.33 examples/s]
Generating validation split: 100%|██████████| 26/26 [00:00<00:00, 7606.33 examples/s]
Generating dev split:   0%|          | 0/5 [00:00<?, ? examples/s]Generating dev split:   0%|          | 0/5 [00:00<?, ? examples/s]Generating dev split: 100%|██████████| 5/5 [00:00<00:00, 1477.18 examples/s]
Generating dev split: 100%|██████████| 5/5 [00:00<00:00, 1477.18 examples/s]
Generating test split:   0%|          | 0/545 [00:00<?, ? examples/s]Generating test split:   0%|          | 0/545 [00:00<?, ? examples/s]Generating test split: 100%|██████████| 545/545 [00:00<00:00, 118201.34 examples/s]
Generating validation split:   0%|          | 0/60 [00:00<?, ? examples/s]Generating test split: 100%|██████████| 545/545 [00:00<00:00, 118201.34 examples/s]
Generating validation split:   0%|          | 0/60 [00:00<?, ? examples/s]Generating validation split: 100%|██████████| 60/60 [00:00<00:00, 18373.24 examples/s]
Generating dev split:   0%|          | 0/5 [00:00<?, ? examples/s]Generating validation split: 100%|██████████| 60/60 [00:00<00:00, 18373.24 examples/s]
Generating dev split:   0%|          | 0/5 [00:00<?, ? examples/s]Generating dev split: 100%|██████████| 5/5 [00:00<00:00, 1654.17 examples/s]
Generating dev split: 100%|██████████| 5/5 [00:00<00:00, 1654.17 examples/s]
Generating test split:   0%|          | 0/131 [00:00<?, ? examples/s]Generating test split:   0%|          | 0/131 [00:00<?, ? examples/s]Generating test split: 100%|██████████| 131/131 [00:00<00:00, 36613.17 examples/s]
Generating validation split:   0%|          | 0/12 [00:00<?, ? examples/s]Generating test split: 100%|██████████| 131/131 [00:00<00:00, 36613.17 examples/s]
Generating validation split:   0%|          | 0/12 [00:00<?, ? examples/s]Generating validation split: 100%|██████████| 12/12 [00:00<00:00, 3769.31 examples/s]
Generating dev split:   0%|          | 0/5 [00:00<?, ? examples/s]Generating validation split: 100%|██████████| 12/12 [00:00<00:00, 3769.31 examples/s]
Generating dev split:   0%|          | 0/5 [00:00<?, ? examples/s]Generating dev split: 100%|██████████| 5/5 [00:00<00:00, 1581.20 examples/s]
Generating dev split: 100%|██████████| 5/5 [00:00<00:00, 1581.20 examples/s]
Generating test split:   0%|          | 0/612 [00:00<?, ? examples/s]Generating test split:   0%|          | 0/612 [00:00<?, ? examples/s]Generating test split: 100%|██████████| 612/612 [00:00<00:00, 95866.23 examples/s]
Generating validation split:   0%|          | 0/69 [00:00<?, ? examples/s]Generating test split: 100%|██████████| 612/612 [00:00<00:00, 95866.23 examples/s]
Generating validation split:   0%|          | 0/69 [00:00<?, ? examples/s]Generating validation split: 100%|██████████| 69/69 [00:00<00:00, 19865.94 examples/s]
Generating dev split:   0%|          | 0/5 [00:00<?, ? examples/s]Generating validation split: 100%|██████████| 69/69 [00:00<00:00, 19865.94 examples/s]
Generating dev split:   0%|          | 0/5 [00:00<?, ? examples/s]Generating dev split: 100%|██████████| 5/5 [00:00<00:00, 1489.98 examples/s]
Generating dev split: 100%|██████████| 5/5 [00:00<00:00, 1489.98 examples/s]
Generating test split:   0%|          | 0/110 [00:00<?, ? examples/s]Generating test split:   0%|          | 0/110 [00:00<?, ? examples/s]Generating test split: 100%|██████████| 110/110 [00:00<00:00, 20542.92 examples/s]
Generating validation split:   0%|          | 0/12 [00:00<?, ? examples/s]Generating test split: 100%|██████████| 110/110 [00:00<00:00, 20542.92 examples/s]
Generating validation split:   0%|          | 0/12 [00:00<?, ? examples/s]Generating validation split: 100%|██████████| 12/12 [00:00<00:00, 3326.39 examples/s]
Generating dev split:   0%|          | 0/5 [00:00<?, ? examples/s]Generating validation split: 100%|██████████| 12/12 [00:00<00:00, 3326.39 examples/s]
Generating dev split:   0%|          | 0/5 [00:00<?, ? examples/s]Generating dev split: 100%|██████████| 5/5 [00:00<00:00, 1531.44 examples/s]
Generating dev split: 100%|██████████| 5/5 [00:00<00:00, 1531.44 examples/s]
Generating test split:   0%|          | 0/245 [00:00<?, ? examples/s]Generating test split:   0%|          | 0/245 [00:00<?, ? examples/s]Generating test split: 100%|██████████| 245/245 [00:00<00:00, 41830.35 examples/s]
Generating validation split:   0%|          | 0/27 [00:00<?, ? examples/s]Generating test split: 100%|██████████| 245/245 [00:00<00:00, 41830.35 examples/s]
Generating validation split:   0%|          | 0/27 [00:00<?, ? examples/s]Generating validation split: 100%|██████████| 27/27 [00:00<00:00, 7608.59 examples/s]
Generating dev split:   0%|          | 0/5 [00:00<?, ? examples/s]Generating validation split: 100%|██████████| 27/27 [00:00<00:00, 7608.59 examples/s]
Generating dev split:   0%|          | 0/5 [00:00<?, ? examples/s]Generating dev split: 100%|██████████| 5/5 [00:00<00:00, 1628.60 examples/s]
Generating dev split: 100%|██████████| 5/5 [00:00<00:00, 1628.60 examples/s]
Generating test split:   0%|          | 0/201 [00:00<?, ? examples/s]Generating test split:   0%|          | 0/201 [00:00<?, ? examples/s]Generating test split: 100%|██████████| 201/201 [00:00<00:00, 35476.14 examples/s]
Generating test split: 100%|██████████| 201/201 [00:00<00:00, 35476.14 examples/s]
Generating validation split:   0%|          | 0/22 [00:00<?, ? examples/s]Generating validation split:   0%|          | 0/22 [00:00<?, ? examples/s]Generating validation split: 100%|██████████| 22/22 [00:00<00:00, 5887.49 examples/s]
Generating dev split:   0%|          | 0/5 [00:00<?, ? examples/s]Generating validation split: 100%|██████████| 22/22 [00:00<00:00, 5887.49 examples/s]
Generating dev split:   0%|          | 0/5 [00:00<?, ? examples/s]Generating dev split: 100%|██████████| 5/5 [00:00<00:00, 1809.14 examples/s]
Generating dev split: 100%|██████████| 5/5 [00:00<00:00, 1809.14 examples/s]
Generating test split:   0%|          | 0/100 [00:00<?, ? examples/s]Generating test split:   0%|          | 0/100 [00:00<?, ? examples/s]Generating test split: 100%|██████████| 100/100 [00:00<00:00, 24561.13 examples/s]
Generating validation split:   0%|          | 0/11 [00:00<?, ? examples/s]Generating test split: 100%|██████████| 100/100 [00:00<00:00, 24561.13 examples/s]
Generating validation split:   0%|          | 0/11 [00:00<?, ? examples/s]Generating validation split: 100%|██████████| 11/11 [00:00<00:00, 3116.97 examples/s]
Generating dev split:   0%|          | 0/5 [00:00<?, ? examples/s]Generating validation split: 100%|██████████| 11/11 [00:00<00:00, 3116.97 examples/s]
Generating dev split:   0%|          | 0/5 [00:00<?, ? examples/s]Generating dev split: 100%|██████████| 5/5 [00:00<00:00, 1657.96 examples/s]
Generating dev split: 100%|██████████| 5/5 [00:00<00:00, 1657.96 examples/s]
Generating test split:   0%|          | 0/126 [00:00<?, ? examples/s]Generating test split:   0%|          | 0/126 [00:00<?, ? examples/s]Generating test split: 100%|██████████| 126/126 [00:00<00:00, 10901.49 examples/s]
Generating validation split:   0%|          | 0/14 [00:00<?, ? examples/s]Generating test split: 100%|██████████| 126/126 [00:00<00:00, 10901.49 examples/s]
Generating validation split:   0%|          | 0/14 [00:00<?, ? examples/s]Generating validation split: 100%|██████████| 14/14 [00:00<00:00, 4303.11 examples/s]
Generating dev split:   0%|          | 0/5 [00:00<?, ? examples/s]Generating validation split: 100%|██████████| 14/14 [00:00<00:00, 4303.11 examples/s]
Generating dev split:   0%|          | 0/5 [00:00<?, ? examples/s]Generating dev split: 100%|██████████| 5/5 [00:00<00:00, 1583.00 examples/s]
Generating dev split: 100%|██████████| 5/5 [00:00<00:00, 1583.00 examples/s]
Generating test split:   0%|          | 0/165 [00:00<?, ? examples/s]Generating test split:   0%|          | 0/165 [00:00<?, ? examples/s]Generating test split: 100%|██████████| 165/165 [00:00<00:00, 24508.98 examples/s]
Generating validation split:   0%|          | 0/18 [00:00<?, ? examples/s]Generating test split: 100%|██████████| 165/165 [00:00<00:00, 24508.98 examples/s]
Generating validation split:   0%|          | 0/18 [00:00<?, ? examples/s]Generating validation split: 100%|██████████| 18/18 [00:00<00:00, 4691.03 examples/s]
Generating dev split:   0%|          | 0/5 [00:00<?, ? examples/s]Generating validation split: 100%|██████████| 18/18 [00:00<00:00, 4691.03 examples/s]
Generating dev split:   0%|          | 0/5 [00:00<?, ? examples/s]Generating dev split: 100%|██████████| 5/5 [00:00<00:00, 1472.41 examples/s]
Generating dev split: 100%|██████████| 5/5 [00:00<00:00, 1472.41 examples/s]
Generating test split:   0%|          | 0/204 [00:00<?, ? examples/s]Generating test split:   0%|          | 0/204 [00:00<?, ? examples/s]Generating test split: 100%|██████████| 204/204 [00:00<00:00, 27846.45 examples/s]
Generating validation split:   0%|          | 0/22 [00:00<?, ? examples/s]Generating test split: 100%|██████████| 204/204 [00:00<00:00, 27846.45 examples/s]
Generating validation split:   0%|          | 0/22 [00:00<?, ? examples/s]Generating validation split: 100%|██████████| 22/22 [00:00<00:00, 6198.34 examples/s]
Generating dev split:   0%|          | 0/5 [00:00<?, ? examples/s]Generating validation split: 100%|██████████| 22/22 [00:00<00:00, 6198.34 examples/s]
Generating dev split:   0%|          | 0/5 [00:00<?, ? examples/s]Generating dev split: 100%|██████████| 5/5 [00:00<00:00, 1454.84 examples/s]
Generating dev split: 100%|██████████| 5/5 [00:00<00:00, 1454.84 examples/s]
Generating test split:   0%|          | 0/237 [00:00<?, ? examples/s]Generating test split:   0%|          | 0/237 [00:00<?, ? examples/s]Generating test split: 100%|██████████| 237/237 [00:00<00:00, 26888.02 examples/s]
Generating validation split:   0%|          | 0/26 [00:00<?, ? examples/s]Generating test split: 100%|██████████| 237/237 [00:00<00:00, 26888.02 examples/s]
Generating validation split:   0%|          | 0/26 [00:00<?, ? examples/s]Generating validation split: 100%|██████████| 26/26 [00:00<00:00, 7113.63 examples/s]
Generating dev split:   0%|          | 0/5 [00:00<?, ? examples/s]Generating validation split: 100%|██████████| 26/26 [00:00<00:00, 7113.63 examples/s]
Generating dev split:   0%|          | 0/5 [00:00<?, ? examples/s]Generating dev split: 100%|██████████| 5/5 [00:00<00:00, 1525.87 examples/s]
Generating dev split: 100%|██████████| 5/5 [00:00<00:00, 1525.87 examples/s]
Generating test split:   0%|          | 0/121 [00:00<?, ? examples/s]Generating test split:   0%|          | 0/121 [00:00<?, ? examples/s]Generating test split: 100%|██████████| 121/121 [00:00<00:00, 24026.45 examples/s]
Generating validation split:   0%|          | 0/13 [00:00<?, ? examples/s]Generating test split: 100%|██████████| 121/121 [00:00<00:00, 24026.45 examples/s]
Generating validation split:   0%|          | 0/13 [00:00<?, ? examples/s]Generating validation split: 100%|██████████| 13/13 [00:00<00:00, 4187.54 examples/s]
Generating dev split:   0%|          | 0/5 [00:00<?, ? examples/s]Generating validation split: 100%|██████████| 13/13 [00:00<00:00, 4187.54 examples/s]
Generating dev split:   0%|          | 0/5 [00:00<?, ? examples/s]Generating dev split: 100%|██████████| 5/5 [00:00<00:00, 1057.35 examples/s]
Generating dev split: 100%|██████████| 5/5 [00:00<00:00, 1057.35 examples/s]
Generating test split:   0%|          | 0/108 [00:00<?, ? examples/s]Generating test split:   0%|          | 0/108 [00:00<?, ? examples/s]Generating test split: 100%|██████████| 108/108 [00:00<00:00, 22461.69 examples/s]
Generating validation split:   0%|          | 0/11 [00:00<?, ? examples/s]Generating test split: 100%|██████████| 108/108 [00:00<00:00, 22461.69 examples/s]
Generating validation split:   0%|          | 0/11 [00:00<?, ? examples/s]Generating validation split: 100%|██████████| 11/11 [00:00<00:00, 3424.68 examples/s]
Generating dev split:   0%|          | 0/5 [00:00<?, ? examples/s]Generating validation split: 100%|██████████| 11/11 [00:00<00:00, 3424.68 examples/s]
Generating dev split:   0%|          | 0/5 [00:00<?, ? examples/s]Generating dev split: 100%|██████████| 5/5 [00:00<00:00, 1557.72 examples/s]
Generating dev split: 100%|██████████| 5/5 [00:00<00:00, 1557.72 examples/s]
Generating test split:   0%|          | 0/163 [00:00<?, ? examples/s]Generating test split:   0%|          | 0/163 [00:00<?, ? examples/s]Generating test split: 100%|██████████| 163/163 [00:00<00:00, 31246.41 examples/s]
Generating validation split:   0%|          | 0/18 [00:00<?, ? examples/s]Generating test split: 100%|██████████| 163/163 [00:00<00:00, 31246.41 examples/s]
Generating validation split:   0%|          | 0/18 [00:00<?, ? examples/s]Generating validation split: 100%|██████████| 18/18 [00:00<00:00, 4892.58 examples/s]
Generating dev split:   0%|          | 0/5 [00:00<?, ? examples/s]Generating validation split: 100%|██████████| 18/18 [00:00<00:00, 4892.58 examples/s]
Generating dev split:   0%|          | 0/5 [00:00<?, ? examples/s]Generating dev split: 100%|██████████| 5/5 [00:00<00:00, 1587.55 examples/s]
Generating dev split: 100%|██████████| 5/5 [00:00<00:00, 1587.55 examples/s]
Generating test split:   0%|          | 0/346 [00:00<?, ? examples/s]Generating test split:   0%|          | 0/346 [00:00<?, ? examples/s]Generating test split: 100%|██████████| 346/346 [00:00<00:00, 55795.05 examples/s]
Generating validation split:   0%|          | 0/38 [00:00<?, ? examples/s]Generating test split: 100%|██████████| 346/346 [00:00<00:00, 55795.05 examples/s]
Generating validation split:   0%|          | 0/38 [00:00<?, ? examples/s]Generating validation split: 100%|██████████| 38/38 [00:00<00:00, 11155.06 examples/s]
Generating dev split:   0%|          | 0/5 [00:00<?, ? examples/s]Generating validation split: 100%|██████████| 38/38 [00:00<00:00, 11155.06 examples/s]
Generating dev split:   0%|          | 0/5 [00:00<?, ? examples/s]Generating dev split: 100%|██████████| 5/5 [00:00<00:00, 1535.36 examples/s]
Generating dev split: 100%|██████████| 5/5 [00:00<00:00, 1535.36 examples/s]
Generating test split:   0%|          | 0/895 [00:00<?, ? examples/s]Generating test split:   0%|          | 0/895 [00:00<?, ? examples/s]Generating test split: 100%|██████████| 895/895 [00:00<00:00, 174275.86 examples/s]
Generating validation split:   0%|          | 0/100 [00:00<?, ? examples/s]Generating test split: 100%|██████████| 895/895 [00:00<00:00, 174275.86 examples/s]
Generating validation split:   0%|          | 0/100 [00:00<?, ? examples/s]Generating validation split: 100%|██████████| 100/100 [00:00<00:00, 27815.53 examples/s]
Generating dev split:   0%|          | 0/5 [00:00<?, ? examples/s]Generating validation split: 100%|██████████| 100/100 [00:00<00:00, 27815.53 examples/s]
Generating dev split:   0%|          | 0/5 [00:00<?, ? examples/s]Generating dev split: 100%|██████████| 5/5 [00:00<00:00, 1793.05 examples/s]
Generating dev split: 100%|██████████| 5/5 [00:00<00:00, 1793.05 examples/s]
Generating test split:   0%|          | 0/311 [00:00<?, ? examples/s]Generating test split:   0%|          | 0/311 [00:00<?, ? examples/s]Generating test split: 100%|██████████| 311/311 [00:00<00:00, 75966.95 examples/s]
Generating validation split:   0%|          | 0/34 [00:00<?, ? examples/s]Generating test split: 100%|██████████| 311/311 [00:00<00:00, 75966.95 examples/s]
Generating validation split:   0%|          | 0/34 [00:00<?, ? examples/s]Generating validation split: 100%|██████████| 34/34 [00:00<00:00, 9057.25 examples/s]
Generating dev split:   0%|          | 0/5 [00:00<?, ? examples/s]Generating validation split: 100%|██████████| 34/34 [00:00<00:00, 9057.25 examples/s]
Generating dev split:   0%|          | 0/5 [00:00<?, ? examples/s]Generating dev split: 100%|██████████| 5/5 [00:00<00:00, 1506.36 examples/s]
Generating dev split: 100%|██████████| 5/5 [00:00<00:00, 1506.36 examples/s]
Generating test split:   0%|          | 0/324 [00:00<?, ? examples/s]Generating test split:   0%|          | 0/324 [00:00<?, ? examples/s]Generating test split: 100%|██████████| 324/324 [00:00<00:00, 79128.60 examples/s]
Generating validation split:   0%|          | 0/35 [00:00<?, ? examples/s]Generating test split: 100%|██████████| 324/324 [00:00<00:00, 79128.60 examples/s]
Generating validation split:   0%|          | 0/35 [00:00<?, ? examples/s]Generating validation split: 100%|██████████| 35/35 [00:00<00:00, 11006.20 examples/s]
Generating dev split:   0%|          | 0/5 [00:00<?, ? examples/s]Generating validation split: 100%|██████████| 35/35 [00:00<00:00, 11006.20 examples/s]
Generating dev split:   0%|          | 0/5 [00:00<?, ? examples/s]Generating dev split: 100%|██████████| 5/5 [00:00<00:00, 1505.39 examples/s]
Generating dev split: 100%|██████████| 5/5 [00:00<00:00, 1505.39 examples/s]
Generating test split:   0%|          | 0/1534 [00:00<?, ? examples/s]Generating test split:   0%|          | 0/1534 [00:00<?, ? examples/s]Generating test split: 100%|██████████| 1534/1534 [00:00<00:00, 102698.52 examples/s]
Generating validation split:   0%|          | 0/170 [00:00<?, ? examples/s]Generating test split: 100%|██████████| 1534/1534 [00:00<00:00, 102698.52 examples/s]
Generating validation split:   0%|          | 0/170 [00:00<?, ? examples/s]Generating validation split: 100%|██████████| 170/170 [00:00<00:00, 41234.77 examples/s]
Generating dev split:   0%|          | 0/5 [00:00<?, ? examples/s]Generating validation split: 100%|██████████| 170/170 [00:00<00:00, 41234.77 examples/s]
Generating dev split:   0%|          | 0/5 [00:00<?, ? examples/s]Generating dev split: 100%|██████████| 5/5 [00:00<00:00, 1506.57 examples/s]
Generating dev split: 100%|██████████| 5/5 [00:00<00:00, 1506.57 examples/s]
Generating test split:   0%|          | 0/171 [00:00<?, ? examples/s]Generating test split:   0%|          | 0/171 [00:00<?, ? examples/s]Generating test split: 100%|██████████| 171/171 [00:00<00:00, 55401.36 examples/s]
Generating validation split:   0%|          | 0/19 [00:00<?, ? examples/s]Generating test split: 100%|██████████| 171/171 [00:00<00:00, 55401.36 examples/s]
Generating validation split:   0%|          | 0/19 [00:00<?, ? examples/s]Generating validation split: 100%|██████████| 19/19 [00:00<00:00, 6984.38 examples/s]
Generating validation split: 100%|██████████| 19/19 [00:00<00:00, 6984.38 examples/s]
Generating dev split:   0%|          | 0/5 [00:00<?, ? examples/s]Generating dev split:   0%|          | 0/5 [00:00<?, ? examples/s]Generating dev split: 100%|██████████| 5/5 [00:00<00:00, 1767.21 examples/s]
Generating dev split: 100%|██████████| 5/5 [00:00<00:00, 1767.21 examples/s]
Generating train split:   0%|          | 0/39905 [00:00<?, ? examples/s]Generating train split:   0%|          | 0/39905 [00:00<?, ? examples/s]Generating train split: 100%|██████████| 39905/39905 [00:00<00:00, 330005.23 examples/s]
Generating test split:   0%|          | 0/10003 [00:00<?, ? examples/s]Generating train split: 100%|██████████| 39905/39905 [00:00<00:00, 330005.23 examples/s]
Generating test split:   0%|          | 0/10003 [00:00<?, ? examples/s]Generating test split: 100%|██████████| 10003/10003 [00:00<00:00, 296690.68 examples/s]
Generating validation split:   0%|          | 0/10042 [00:00<?, ? examples/s]Generating test split: 100%|██████████| 10003/10003 [00:00<00:00, 296690.68 examples/s]
Generating validation split:   0%|          | 0/10042 [00:00<?, ? examples/s]Generating validation split: 100%|██████████| 10042/10042 [00:00<00:00, 451056.46 examples/s]
Generating validation split: 100%|██████████| 10042/10042 [00:00<00:00, 451056.46 examples/s]
Map:   0%|          | 0/39905 [00:00<?, ? examples/s]Map:   0%|          | 0/39905 [00:00<?, ? examples/s]Map: 100%|██████████| 39905/39905 [00:03<00:00, 12844.77 examples/s]
Map: 100%|██████████| 39905/39905 [00:03<00:00, 12844.77 examples/s]
Map:   0%|          | 0/10042 [00:00<?, ? examples/s]Map:   0%|          | 0/10042 [00:00<?, ? examples/s]Map: 100%|██████████| 10042/10042 [00:00<00:00, 16766.57 examples/s]
Map: 100%|██████████| 10042/10042 [00:00<00:00, 16766.57 examples/s]
2026-07-27:07:52:17 INFO     [evaluator_utils:446] Selected tasks:
2026-07-27:07:52:17 INFO     [evaluator_utils:462] Group: mmlu
2026-07-27:07:52:17 INFO     [evaluator_utils:462]   Group: mmlu_stem
2026-07-27:07:52:17 INFO     [evaluator_utils:446] Selected tasks:
2026-07-27:07:52:17 INFO     [evaluator_utils:462] Group: mmlu
2026-07-27:07:52:17 INFO     [evaluator_utils:462]   Group: mmlu_stem
2026-07-27:07:52:17 INFO     [evaluator_utils:470]     Task: mmlu_abstract_algebra (mmlu/default/mmlu_abstract_algebra.yaml)
2026-07-27:07:52:17 INFO     [evaluator_utils:470]     Task: mmlu_anatomy (mmlu/default/mmlu_anatomy.yaml)
2026-07-27:07:52:17 INFO     [evaluator_utils:470]     Task: mmlu_astronomy (mmlu/default/mmlu_astronomy.yaml)
2026-07-27:07:52:17 INFO     [evaluator_utils:470]     Task: mmlu_college_biology (mmlu/default/mmlu_college_biology.yaml)
2026-07-27:07:52:17 INFO     [evaluator_utils:470]     Task: mmlu_college_chemistry (mmlu/default/mmlu_college_chemistry.yaml)
2026-07-27:07:52:17 INFO     [evaluator_utils:470]     Task: mmlu_college_computer_science (mmlu/default/mmlu_college_computer_science.yaml)
2026-07-27:07:52:17 INFO     [evaluator_utils:470]     Task: mmlu_college_mathematics (mmlu/default/mmlu_college_mathematics.yaml)
2026-07-27:07:52:17 INFO     [evaluator_utils:470]     Task: mmlu_college_physics (mmlu/default/mmlu_college_physics.yaml)
2026-07-27:07:52:17 INFO     [evaluator_utils:470]     Task: mmlu_abstract_algebra (mmlu/default/mmlu_abstract_algebra.yaml)
2026-07-27:07:52:17 INFO     [evaluator_utils:470]     Task: mmlu_anatomy (mmlu/default/mmlu_anatomy.yaml)
2026-07-27:07:52:17 INFO     [evaluator_utils:470]     Task: mmlu_astronomy (mmlu/default/mmlu_astronomy.yaml)
2026-07-27:07:52:17 INFO     [evaluator_utils:470]     Task: mmlu_college_biology (mmlu/default/mmlu_college_biology.yaml)
2026-07-27:07:52:17 INFO     [evaluator_utils:470]     Task: mmlu_college_chemistry (mmlu/default/mmlu_college_chemistry.yaml)
2026-07-27:07:52:17 INFO     [evaluator_utils:470]     Task: mmlu_college_computer_science (mmlu/default/mmlu_college_computer_science.yaml)
2026-07-27:07:52:17 INFO     [evaluator_utils:470]     Task: mmlu_college_mathematics (mmlu/default/mmlu_college_mathematics.yaml)
2026-07-27:07:52:17 INFO     [evaluator_utils:470]     Task: mmlu_college_physics (mmlu/default/mmlu_college_physics.yaml)
2026-07-27:07:52:17 INFO     [evaluator_utils:470]     Task: mmlu_computer_security (mmlu/default/mmlu_computer_security.yaml)
2026-07-27:07:52:17 INFO     [evaluator_utils:470]     Task: mmlu_conceptual_physics (mmlu/default/mmlu_conceptual_physics.yaml)
2026-07-27:07:52:17 INFO     [evaluator_utils:470]     Task: mmlu_electrical_engineering (mmlu/default/mmlu_electrical_engineering.yaml)
2026-07-27:07:52:17 INFO     [evaluator_utils:470]     Task: mmlu_elementary_mathematics (mmlu/default/mmlu_elementary_mathematics.yaml)
2026-07-27:07:52:17 INFO     [evaluator_utils:470]     Task: mmlu_high_school_biology (mmlu/default/mmlu_high_school_biology.yaml)
2026-07-27:07:52:17 INFO     [evaluator_utils:470]     Task: mmlu_high_school_chemistry (mmlu/default/mmlu_high_school_chemistry.yaml)
2026-07-27:07:52:17 INFO     [evaluator_utils:470]     Task: mmlu_high_school_computer_science (mmlu/default/mmlu_high_school_computer_science.yaml)
2026-07-27:07:52:17 INFO     [evaluator_utils:470]     Task: mmlu_computer_security (mmlu/default/mmlu_computer_security.yaml)
2026-07-27:07:52:17 INFO     [evaluator_utils:470]     Task: mmlu_conceptual_physics (mmlu/default/mmlu_conceptual_physics.yaml)
2026-07-27:07:52:17 INFO     [evaluator_utils:470]     Task: mmlu_electrical_engineering (mmlu/default/mmlu_electrical_engineering.yaml)
2026-07-27:07:52:17 INFO     [evaluator_utils:470]     Task: mmlu_elementary_mathematics (mmlu/default/mmlu_elementary_mathematics.yaml)
2026-07-27:07:52:17 INFO     [evaluator_utils:470]     Task: mmlu_high_school_biology (mmlu/default/mmlu_high_school_biology.yaml)
2026-07-27:07:52:17 INFO     [evaluator_utils:470]     Task: mmlu_high_school_chemistry (mmlu/default/mmlu_high_school_chemistry.yaml)
2026-07-27:07:52:17 INFO     [evaluator_utils:470]     Task: mmlu_high_school_computer_science (mmlu/default/mmlu_high_school_computer_science.yaml)
2026-07-27:07:52:17 INFO     [evaluator_utils:470]     Task: mmlu_high_school_mathematics (mmlu/default/mmlu_high_school_mathematics.yaml)
2026-07-27:07:52:17 INFO     [evaluator_utils:470]     Task: mmlu_high_school_physics (mmlu/default/mmlu_high_school_physics.yaml)
2026-07-27:07:52:17 INFO     [evaluator_utils:470]     Task: mmlu_high_school_statistics (mmlu/default/mmlu_high_school_statistics.yaml)
2026-07-27:07:52:17 INFO     [evaluator_utils:470]     Task: mmlu_machine_learning (mmlu/default/mmlu_machine_learning.yaml)
2026-07-27:07:52:17 INFO     [evaluator_utils:462]   Group: mmlu_other
2026-07-27:07:52:17 INFO     [evaluator_utils:470]     Task: mmlu_business_ethics (mmlu/default/mmlu_business_ethics.yaml)
2026-07-27:07:52:17 INFO     [evaluator_utils:470]     Task: mmlu_clinical_knowledge (mmlu/default/mmlu_clinical_knowledge.yaml)
2026-07-27:07:52:17 INFO     [evaluator_utils:470]     Task: mmlu_college_medicine (mmlu/default/mmlu_college_medicine.yaml)
2026-07-27:07:52:17 INFO     [evaluator_utils:470]     Task: mmlu_global_facts (mmlu/default/mmlu_global_facts.yaml)
2026-07-27:07:52:17 INFO     [evaluator_utils:470]     Task: mmlu_human_aging (mmlu/default/mmlu_human_aging.yaml)
2026-07-27:07:52:17 INFO     [evaluator_utils:470]     Task: mmlu_management (mmlu/default/mmlu_management.yaml)
2026-07-27:07:52:17 INFO     [evaluator_utils:470]     Task: mmlu_high_school_mathematics (mmlu/default/mmlu_high_school_mathematics.yaml)
2026-07-27:07:52:17 INFO     [evaluator_utils:470]     Task: mmlu_high_school_physics (mmlu/default/mmlu_high_school_physics.yaml)
2026-07-27:07:52:17 INFO     [evaluator_utils:470]     Task: mmlu_high_school_statistics (mmlu/default/mmlu_high_school_statistics.yaml)
2026-07-27:07:52:17 INFO     [evaluator_utils:470]     Task: mmlu_machine_learning (mmlu/default/mmlu_machine_learning.yaml)
2026-07-27:07:52:17 INFO     [evaluator_utils:462]   Group: mmlu_other
2026-07-27:07:52:17 INFO     [evaluator_utils:470]     Task: mmlu_business_ethics (mmlu/default/mmlu_business_ethics.yaml)
2026-07-27:07:52:17 INFO     [evaluator_utils:470]     Task: mmlu_clinical_knowledge (mmlu/default/mmlu_clinical_knowledge.yaml)
2026-07-27:07:52:17 INFO     [evaluator_utils:470]     Task: mmlu_college_medicine (mmlu/default/mmlu_college_medicine.yaml)
2026-07-27:07:52:17 INFO     [evaluator_utils:470]     Task: mmlu_global_facts (mmlu/default/mmlu_global_facts.yaml)
2026-07-27:07:52:17 INFO     [evaluator_utils:470]     Task: mmlu_human_aging (mmlu/default/mmlu_human_aging.yaml)
2026-07-27:07:52:17 INFO     [evaluator_utils:470]     Task: mmlu_management (mmlu/default/mmlu_management.yaml)
2026-07-27:07:52:17 INFO     [evaluator_utils:470]     Task: mmlu_marketing (mmlu/default/mmlu_marketing.yaml)
2026-07-27:07:52:17 INFO     [evaluator_utils:470]     Task: mmlu_medical_genetics (mmlu/default/mmlu_medical_genetics.yaml)
2026-07-27:07:52:17 INFO     [evaluator_utils:470]     Task: mmlu_miscellaneous (mmlu/default/mmlu_miscellaneous.yaml)
2026-07-27:07:52:17 INFO     [evaluator_utils:470]     Task: mmlu_nutrition (mmlu/default/mmlu_nutrition.yaml)
2026-07-27:07:52:17 INFO     [evaluator_utils:470]     Task: mmlu_professional_accounting (mmlu/default/mmlu_professional_accounting.yaml)
2026-07-27:07:52:17 INFO     [evaluator_utils:470]     Task: mmlu_professional_medicine (mmlu/default/mmlu_professional_medicine.yaml)
2026-07-27:07:52:17 INFO     [evaluator_utils:470]     Task: mmlu_virology (mmlu/default/mmlu_virology.yaml)
2026-07-27:07:52:17 INFO     [evaluator_utils:462]   Group: mmlu_social_sciences
2026-07-27:07:52:17 INFO     [evaluator_utils:470]     Task: mmlu_marketing (mmlu/default/mmlu_marketing.yaml)
2026-07-27:07:52:17 INFO     [evaluator_utils:470]     Task: mmlu_medical_genetics (mmlu/default/mmlu_medical_genetics.yaml)
2026-07-27:07:52:17 INFO     [evaluator_utils:470]     Task: mmlu_miscellaneous (mmlu/default/mmlu_miscellaneous.yaml)
2026-07-27:07:52:17 INFO     [evaluator_utils:470]     Task: mmlu_nutrition (mmlu/default/mmlu_nutrition.yaml)
2026-07-27:07:52:17 INFO     [evaluator_utils:470]     Task: mmlu_professional_accounting (mmlu/default/mmlu_professional_accounting.yaml)
2026-07-27:07:52:17 INFO     [evaluator_utils:470]     Task: mmlu_professional_medicine (mmlu/default/mmlu_professional_medicine.yaml)
2026-07-27:07:52:17 INFO     [evaluator_utils:470]     Task: mmlu_virology (mmlu/default/mmlu_virology.yaml)
2026-07-27:07:52:17 INFO     [evaluator_utils:462]   Group: mmlu_social_sciences
2026-07-27:07:52:17 INFO     [evaluator_utils:470]     Task: mmlu_econometrics (mmlu/default/mmlu_econometrics.yaml)
2026-07-27:07:52:17 INFO     [evaluator_utils:470]     Task: mmlu_high_school_geography (mmlu/default/mmlu_high_school_geography.yaml)
2026-07-27:07:52:17 INFO     [evaluator_utils:470]     Task: mmlu_high_school_government_and_politics (mmlu/default/mmlu_high_school_government_and_politics.yaml)
2026-07-27:07:52:17 INFO     [evaluator_utils:470]     Task: mmlu_high_school_macroeconomics (mmlu/default/mmlu_high_school_macroeconomics.yaml)
2026-07-27:07:52:17 INFO     [evaluator_utils:470]     Task: mmlu_high_school_microeconomics (mmlu/default/mmlu_high_school_microeconomics.yaml)
2026-07-27:07:52:17 INFO     [evaluator_utils:470]     Task: mmlu_high_school_psychology (mmlu/default/mmlu_high_school_psychology.yaml)
2026-07-27:07:52:17 INFO     [evaluator_utils:470]     Task: mmlu_econometrics (mmlu/default/mmlu_econometrics.yaml)
2026-07-27:07:52:17 INFO     [evaluator_utils:470]     Task: mmlu_high_school_geography (mmlu/default/mmlu_high_school_geography.yaml)
2026-07-27:07:52:17 INFO     [evaluator_utils:470]     Task: mmlu_high_school_government_and_politics (mmlu/default/mmlu_high_school_government_and_politics.yaml)
2026-07-27:07:52:17 INFO     [evaluator_utils:470]     Task: mmlu_high_school_macroeconomics (mmlu/default/mmlu_high_school_macroeconomics.yaml)
2026-07-27:07:52:17 INFO     [evaluator_utils:470]     Task: mmlu_high_school_microeconomics (mmlu/default/mmlu_high_school_microeconomics.yaml)
2026-07-27:07:52:17 INFO     [evaluator_utils:470]     Task: mmlu_high_school_psychology (mmlu/default/mmlu_high_school_psychology.yaml)
2026-07-27:07:52:17 INFO     [evaluator_utils:470]     Task: mmlu_human_sexuality (mmlu/default/mmlu_human_sexuality.yaml)
2026-07-27:07:52:17 INFO     [evaluator_utils:470]     Task: mmlu_professional_psychology (mmlu/default/mmlu_professional_psychology.yaml)
2026-07-27:07:52:17 INFO     [evaluator_utils:470]     Task: mmlu_public_relations (mmlu/default/mmlu_public_relations.yaml)
2026-07-27:07:52:17 INFO     [evaluator_utils:470]     Task: mmlu_security_studies (mmlu/default/mmlu_security_studies.yaml)
2026-07-27:07:52:17 INFO     [evaluator_utils:470]     Task: mmlu_sociology (mmlu/default/mmlu_sociology.yaml)
2026-07-27:07:52:17 INFO     [evaluator_utils:470]     Task: mmlu_us_foreign_policy (mmlu/default/mmlu_us_foreign_policy.yaml)
2026-07-27:07:52:17 INFO     [evaluator_utils:462]   Group: mmlu_humanities
2026-07-27:07:52:17 INFO     [evaluator_utils:470]     Task: mmlu_formal_logic (mmlu/default/mmlu_formal_logic.yaml)
2026-07-27:07:52:17 INFO     [evaluator_utils:470]     Task: mmlu_high_school_european_history (mmlu/default/mmlu_high_school_european_history.yaml)
2026-07-27:07:52:17 INFO     [evaluator_utils:470]     Task: mmlu_high_school_us_history (mmlu/default/mmlu_high_school_us_history.yaml)
2026-07-27:07:52:17 INFO     [evaluator_utils:470]     Task: mmlu_high_school_world_history (mmlu/default/mmlu_high_school_world_history.yaml)
2026-07-27:07:52:17 INFO     [evaluator_utils:470]     Task: mmlu_international_law (mmlu/default/mmlu_international_law.yaml)
2026-07-27:07:52:17 INFO     [evaluator_utils:470]     Task: mmlu_jurisprudence (mmlu/default/mmlu_jurisprudence.yaml)
2026-07-27:07:52:17 INFO     [evaluator_utils:470]     Task: mmlu_logical_fallacies (mmlu/default/mmlu_logical_fallacies.yaml)
2026-07-27:07:52:17 INFO     [evaluator_utils:470]     Task: mmlu_moral_disputes (mmlu/default/mmlu_moral_disputes.yaml)
2026-07-27:07:52:17 INFO     [evaluator_utils:470]     Task: mmlu_human_sexuality (mmlu/default/mmlu_human_sexuality.yaml)
2026-07-27:07:52:17 INFO     [evaluator_utils:470]     Task: mmlu_professional_psychology (mmlu/default/mmlu_professional_psychology.yaml)
2026-07-27:07:52:17 INFO     [evaluator_utils:470]     Task: mmlu_public_relations (mmlu/default/mmlu_public_relations.yaml)
2026-07-27:07:52:17 INFO     [evaluator_utils:470]     Task: mmlu_security_studies (mmlu/default/mmlu_security_studies.yaml)
2026-07-27:07:52:17 INFO     [evaluator_utils:470]     Task: mmlu_sociology (mmlu/default/mmlu_sociology.yaml)
2026-07-27:07:52:17 INFO     [evaluator_utils:470]     Task: mmlu_us_foreign_policy (mmlu/default/mmlu_us_foreign_policy.yaml)
2026-07-27:07:52:17 INFO     [evaluator_utils:462]   Group: mmlu_humanities
2026-07-27:07:52:17 INFO     [evaluator_utils:470]     Task: mmlu_formal_logic (mmlu/default/mmlu_formal_logic.yaml)
2026-07-27:07:52:17 INFO     [evaluator_utils:470]     Task: mmlu_high_school_european_history (mmlu/default/mmlu_high_school_european_history.yaml)
2026-07-27:07:52:17 INFO     [evaluator_utils:470]     Task: mmlu_high_school_us_history (mmlu/default/mmlu_high_school_us_history.yaml)
2026-07-27:07:52:17 INFO     [evaluator_utils:470]     Task: mmlu_high_school_world_history (mmlu/default/mmlu_high_school_world_history.yaml)
2026-07-27:07:52:17 INFO     [evaluator_utils:470]     Task: mmlu_international_law (mmlu/default/mmlu_international_law.yaml)
2026-07-27:07:52:17 INFO     [evaluator_utils:470]     Task: mmlu_jurisprudence (mmlu/default/mmlu_jurisprudence.yaml)
2026-07-27:07:52:17 INFO     [evaluator_utils:470]     Task: mmlu_logical_fallacies (mmlu/default/mmlu_logical_fallacies.yaml)
2026-07-27:07:52:17 INFO     [evaluator_utils:470]     Task: mmlu_moral_disputes (mmlu/default/mmlu_moral_disputes.yaml)
2026-07-27:07:52:17 INFO     [evaluator_utils:470]     Task: mmlu_moral_scenarios (mmlu/default/mmlu_moral_scenarios.yaml)
2026-07-27:07:52:17 INFO     [evaluator_utils:470]     Task: mmlu_philosophy (mmlu/default/mmlu_philosophy.yaml)
2026-07-27:07:52:17 INFO     [evaluator_utils:470]     Task: mmlu_prehistory (mmlu/default/mmlu_prehistory.yaml)
2026-07-27:07:52:17 INFO     [evaluator_utils:470]     Task: mmlu_professional_law (mmlu/default/mmlu_professional_law.yaml)
2026-07-27:07:52:17 INFO     [evaluator_utils:470]     Task: mmlu_world_religions (mmlu/default/mmlu_world_religions.yaml)
2026-07-27:07:52:17 INFO     [evaluator_utils:480] Task: hellaswag (hellaswag/hellaswag.yaml)
2026-07-27:07:52:17 INFO     [evaluator_utils:480] Task: piqa (piqa/piqa.yaml)
2026-07-27:07:52:17 INFO     [evaluator_utils:470]     Task: mmlu_moral_scenarios (mmlu/default/mmlu_moral_scenarios.yaml)
2026-07-27:07:52:17 INFO     [evaluator_utils:470]     Task: mmlu_philosophy (mmlu/default/mmlu_philosophy.yaml)
2026-07-27:07:52:17 INFO     [evaluator_utils:470]     Task: mmlu_prehistory (mmlu/default/mmlu_prehistory.yaml)
2026-07-27:07:52:17 INFO     [evaluator_utils:470]     Task: mmlu_professional_law (mmlu/default/mmlu_professional_law.yaml)
2026-07-27:07:52:17 INFO     [evaluator_utils:470]     Task: mmlu_world_religions (mmlu/default/mmlu_world_religions.yaml)
2026-07-27:07:52:17 INFO     [evaluator_utils:480] Task: hellaswag (hellaswag/hellaswag.yaml)
2026-07-27:07:52:17 INFO     [evaluator_utils:480] Task: piqa (piqa/piqa.yaml)
2026-07-27:07:52:17 INFO     [api.task:312] Building contexts for piqa on rank 0...
2026-07-27:07:52:17 INFO     [api.task:312] Building contexts for piqa on rank 0...
  0%|          | 0/1838 [00:00<?, ?it/s]  0%|          | 0/1838 [00:00<?, ?it/s]100%|██████████| 1838/1838 [00:01<00:00, 1445.18it/s]
100%|██████████| 1838/1838 [00:01<00:00, 1445.18it/s]
2026-07-27:07:52:19 INFO     [api.task:312] Building contexts for mmlu_abstract_algebra on rank 0...
2026-07-27:07:52:19 INFO     [api.task:312] Building contexts for mmlu_abstract_algebra on rank 0...
  0%|          | 0/100 [00:00<?, ?it/s]  0%|          | 0/100 [00:00<?, ?it/s]100%|██████████| 100/100 [00:00<00:00, 1301.67it/s]
2026-07-27:07:52:19 INFO     [api.task:312] Building contexts for mmlu_anatomy on rank 0...
100%|██████████| 100/100 [00:00<00:00, 1301.67it/s]
2026-07-27:07:52:19 INFO     [api.task:312] Building contexts for mmlu_anatomy on rank 0...
  0%|          | 0/135 [00:00<?, ?it/s]  0%|          | 0/135 [00:00<?, ?it/s]100%|██████████| 135/135 [00:00<00:00, 1283.11it/s]
2026-07-27:07:52:19 INFO     [api.task:312] Building contexts for mmlu_astronomy on rank 0...
100%|██████████| 135/135 [00:00<00:00, 1283.11it/s]
2026-07-27:07:52:19 INFO     [api.task:312] Building contexts for mmlu_astronomy on rank 0...
  0%|          | 0/152 [00:00<?, ?it/s]  0%|          | 0/152 [00:00<?, ?it/s]100%|██████████| 152/152 [00:00<00:00, 1326.18it/s]
2026-07-27:07:52:19 INFO     [api.task:312] Building contexts for mmlu_college_biology on rank 0...
100%|██████████| 152/152 [00:00<00:00, 1326.18it/s]
2026-07-27:07:52:19 INFO     [api.task:312] Building contexts for mmlu_college_biology on rank 0...
  0%|          | 0/144 [00:00<?, ?it/s]  0%|          | 0/144 [00:00<?, ?it/s]100%|██████████| 144/144 [00:00<00:00, 151.77it/s]
2026-07-27:07:52:20 INFO     [api.task:312] Building contexts for mmlu_college_chemistry on rank 0...
100%|██████████| 144/144 [00:00<00:00, 151.77it/s]
2026-07-27:07:52:20 INFO     [api.task:312] Building contexts for mmlu_college_chemistry on rank 0...
  0%|          | 0/100 [00:00<?, ?it/s]  0%|          | 0/100 [00:00<?, ?it/s]100%|██████████| 100/100 [00:00<00:00, 1183.25it/s]
2026-07-27:07:52:20 INFO     [api.task:312] Building contexts for mmlu_college_computer_science on rank 0...
100%|██████████| 100/100 [00:00<00:00, 1183.25it/s]
2026-07-27:07:52:20 INFO     [api.task:312] Building contexts for mmlu_college_computer_science on rank 0...
  0%|          | 0/100 [00:00<?, ?it/s]  0%|          | 0/100 [00:00<?, ?it/s]100%|██████████| 100/100 [00:00<00:00, 1315.63it/s]
2026-07-27:07:52:20 INFO     [api.task:312] Building contexts for mmlu_college_mathematics on rank 0...
100%|██████████| 100/100 [00:00<00:00, 1315.63it/s]
2026-07-27:07:52:20 INFO     [api.task:312] Building contexts for mmlu_college_mathematics on rank 0...
  0%|          | 0/100 [00:00<?, ?it/s]  0%|          | 0/100 [00:00<?, ?it/s]100%|██████████| 100/100 [00:00<00:00, 1320.04it/s]
2026-07-27:07:52:20 INFO     [api.task:312] Building contexts for mmlu_college_physics on rank 0...
100%|██████████| 100/100 [00:00<00:00, 1320.04it/s]
2026-07-27:07:52:20 INFO     [api.task:312] Building contexts for mmlu_college_physics on rank 0...
  0%|          | 0/102 [00:00<?, ?it/s]  0%|          | 0/102 [00:00<?, ?it/s]100%|██████████| 102/102 [00:00<00:00, 1316.24it/s]
2026-07-27:07:52:20 INFO     [api.task:312] Building contexts for mmlu_computer_security on rank 0...
100%|██████████| 102/102 [00:00<00:00, 1316.24it/s]
2026-07-27:07:52:20 INFO     [api.task:312] Building contexts for mmlu_computer_security on rank 0...
  0%|          | 0/100 [00:00<?, ?it/s]  0%|          | 0/100 [00:00<?, ?it/s]100%|██████████| 100/100 [00:00<00:00, 1313.64it/s]
2026-07-27:07:52:20 INFO     [api.task:312] Building contexts for mmlu_conceptual_physics on rank 0...
100%|██████████| 100/100 [00:00<00:00, 1313.64it/s]
2026-07-27:07:52:20 INFO     [api.task:312] Building contexts for mmlu_conceptual_physics on rank 0...
  0%|          | 0/235 [00:00<?, ?it/s]  0%|          | 0/235 [00:00<?, ?it/s]100%|██████████| 235/235 [00:00<00:00, 1297.16it/s]
2026-07-27:07:52:21 INFO     [api.task:312] Building contexts for mmlu_electrical_engineering on rank 0...
100%|██████████| 235/235 [00:00<00:00, 1297.16it/s]
2026-07-27:07:52:21 INFO     [api.task:312] Building contexts for mmlu_electrical_engineering on rank 0...
  0%|          | 0/145 [00:00<?, ?it/s]  0%|          | 0/145 [00:00<?, ?it/s]100%|██████████| 145/145 [00:00<00:00, 1321.46it/s]
2026-07-27:07:52:21 INFO     [api.task:312] Building contexts for mmlu_elementary_mathematics on rank 0...
100%|██████████| 145/145 [00:00<00:00, 1321.46it/s]
2026-07-27:07:52:21 INFO     [api.task:312] Building contexts for mmlu_elementary_mathematics on rank 0...
  0%|          | 0/378 [00:00<?, ?it/s]  0%|          | 0/378 [00:00<?, ?it/s]100%|██████████| 378/378 [00:00<00:00, 1319.29it/s]
2026-07-27:07:52:21 INFO     [api.task:312] Building contexts for mmlu_high_school_biology on rank 0...
100%|██████████| 378/378 [00:00<00:00, 1319.29it/s]
2026-07-27:07:52:21 INFO     [api.task:312] Building contexts for mmlu_high_school_biology on rank 0...
  0%|          | 0/310 [00:00<?, ?it/s]  0%|          | 0/310 [00:00<?, ?it/s]100%|██████████| 310/310 [00:00<00:00, 1324.30it/s]
2026-07-27:07:52:21 INFO     [api.task:312] Building contexts for mmlu_high_school_chemistry on rank 0...
100%|██████████| 310/310 [00:00<00:00, 1324.30it/s]
2026-07-27:07:52:21 INFO     [api.task:312] Building contexts for mmlu_high_school_chemistry on rank 0...
  0%|          | 0/203 [00:00<?, ?it/s]  0%|          | 0/203 [00:00<?, ?it/s]100%|██████████| 203/203 [00:00<00:00, 1291.61it/s]
2026-07-27:07:52:21 INFO     [api.task:312] Building contexts for mmlu_high_school_computer_science on rank 0...
100%|██████████| 203/203 [00:00<00:00, 1291.61it/s]
2026-07-27:07:52:21 INFO     [api.task:312] Building contexts for mmlu_high_school_computer_science on rank 0...
  0%|          | 0/100 [00:00<?, ?it/s]  0%|          | 0/100 [00:00<?, ?it/s]100%|██████████| 100/100 [00:00<00:00, 1318.93it/s]
2026-07-27:07:52:21 INFO     [api.task:312] Building contexts for mmlu_high_school_mathematics on rank 0...
100%|██████████| 100/100 [00:00<00:00, 1318.93it/s]
2026-07-27:07:52:21 INFO     [api.task:312] Building contexts for mmlu_high_school_mathematics on rank 0...
  0%|          | 0/270 [00:00<?, ?it/s]  0%|          | 0/270 [00:00<?, ?it/s]100%|██████████| 270/270 [00:00<00:00, 1334.45it/s]
2026-07-27:07:52:22 INFO     [api.task:312] Building contexts for mmlu_high_school_physics on rank 0...
100%|██████████| 270/270 [00:00<00:00, 1334.45it/s]
2026-07-27:07:52:22 INFO     [api.task:312] Building contexts for mmlu_high_school_physics on rank 0...
  0%|          | 0/151 [00:00<?, ?it/s]  0%|          | 0/151 [00:00<?, ?it/s]100%|██████████| 151/151 [00:00<00:00, 1331.08it/s]
2026-07-27:07:52:22 INFO     [api.task:312] Building contexts for mmlu_high_school_statistics on rank 0...
100%|██████████| 151/151 [00:00<00:00, 1331.08it/s]
2026-07-27:07:52:22 INFO     [api.task:312] Building contexts for mmlu_high_school_statistics on rank 0...
  0%|          | 0/216 [00:00<?, ?it/s]  0%|          | 0/216 [00:00<?, ?it/s]100%|██████████| 216/216 [00:00<00:00, 1315.84it/s]
2026-07-27:07:52:22 INFO     [api.task:312] Building contexts for mmlu_machine_learning on rank 0...
100%|██████████| 216/216 [00:00<00:00, 1315.84it/s]
2026-07-27:07:52:22 INFO     [api.task:312] Building contexts for mmlu_machine_learning on rank 0...
  0%|          | 0/112 [00:00<?, ?it/s]  0%|          | 0/112 [00:00<?, ?it/s]100%|██████████| 112/112 [00:00<00:00, 1338.15it/s]
2026-07-27:07:52:22 INFO     [api.task:312] Building contexts for mmlu_business_ethics on rank 0...
100%|██████████| 112/112 [00:00<00:00, 1338.15it/s]
2026-07-27:07:52:22 INFO     [api.task:312] Building contexts for mmlu_business_ethics on rank 0...
  0%|          | 0/100 [00:00<?, ?it/s]  0%|          | 0/100 [00:00<?, ?it/s]100%|██████████| 100/100 [00:00<00:00, 1331.87it/s]
2026-07-27:07:52:22 INFO     [api.task:312] Building contexts for mmlu_clinical_knowledge on rank 0...
100%|██████████| 100/100 [00:00<00:00, 1331.87it/s]
2026-07-27:07:52:22 INFO     [api.task:312] Building contexts for mmlu_clinical_knowledge on rank 0...
  0%|          | 0/265 [00:00<?, ?it/s]  0%|          | 0/265 [00:00<?, ?it/s]100%|██████████| 265/265 [00:00<00:00, 1298.26it/s]
100%|██████████| 265/265 [00:00<00:00, 1298.26it/s]
2026-07-27:07:52:22 INFO     [api.task:312] Building contexts for mmlu_college_medicine on rank 0...
2026-07-27:07:52:22 INFO     [api.task:312] Building contexts for mmlu_college_medicine on rank 0...
  0%|          | 0/173 [00:00<?, ?it/s]  0%|          | 0/173 [00:00<?, ?it/s]100%|██████████| 173/173 [00:00<00:00, 1344.09it/s]
2026-07-27:07:52:22 INFO     [api.task:312] Building contexts for mmlu_global_facts on rank 0...
100%|██████████| 173/173 [00:00<00:00, 1344.09it/s]
2026-07-27:07:52:22 INFO     [api.task:312] Building contexts for mmlu_global_facts on rank 0...
  0%|          | 0/100 [00:00<?, ?it/s]  0%|          | 0/100 [00:00<?, ?it/s]100%|██████████| 100/100 [00:00<00:00, 1325.34it/s]
2026-07-27:07:52:22 INFO     [api.task:312] Building contexts for mmlu_human_aging on rank 0...
100%|██████████| 100/100 [00:00<00:00, 1325.34it/s]
2026-07-27:07:52:22 INFO     [api.task:312] Building contexts for mmlu_human_aging on rank 0...
  0%|          | 0/223 [00:00<?, ?it/s]  0%|          | 0/223 [00:00<?, ?it/s]100%|██████████| 223/223 [00:00<00:00, 1340.82it/s]
2026-07-27:07:52:23 INFO     [api.task:312] Building contexts for mmlu_management on rank 0...
100%|██████████| 223/223 [00:00<00:00, 1340.82it/s]
2026-07-27:07:52:23 INFO     [api.task:312] Building contexts for mmlu_management on rank 0...
  0%|          | 0/103 [00:00<?, ?it/s]  0%|          | 0/103 [00:00<?, ?it/s]100%|██████████| 103/103 [00:00<00:00, 1330.73it/s]
2026-07-27:07:52:23 INFO     [api.task:312] Building contexts for mmlu_marketing on rank 0...
100%|██████████| 103/103 [00:00<00:00, 1330.73it/s]
2026-07-27:07:52:23 INFO     [api.task:312] Building contexts for mmlu_marketing on rank 0...
  0%|          | 0/234 [00:00<?, ?it/s]  0%|          | 0/234 [00:00<?, ?it/s]100%|██████████| 234/234 [00:00<00:00, 1309.51it/s]
2026-07-27:07:52:23 INFO     [api.task:312] Building contexts for mmlu_medical_genetics on rank 0...
100%|██████████| 234/234 [00:00<00:00, 1309.51it/s]
2026-07-27:07:52:23 INFO     [api.task:312] Building contexts for mmlu_medical_genetics on rank 0...
  0%|          | 0/100 [00:00<?, ?it/s]  0%|          | 0/100 [00:00<?, ?it/s]100%|██████████| 100/100 [00:00<00:00, 1334.16it/s]
2026-07-27:07:52:23 INFO     [api.task:312] Building contexts for mmlu_miscellaneous on rank 0...
100%|██████████| 100/100 [00:00<00:00, 1334.16it/s]
2026-07-27:07:52:23 INFO     [api.task:312] Building contexts for mmlu_miscellaneous on rank 0...
  0%|          | 0/783 [00:00<?, ?it/s]  0%|          | 0/783 [00:00<?, ?it/s]100%|██████████| 783/783 [00:00<00:00, 1333.85it/s]
100%|██████████| 783/783 [00:00<00:00, 1333.85it/s]
2026-07-27:07:52:24 INFO     [api.task:312] Building contexts for mmlu_nutrition on rank 0...
2026-07-27:07:52:24 INFO     [api.task:312] Building contexts for mmlu_nutrition on rank 0...
  0%|          | 0/306 [00:00<?, ?it/s]  0%|          | 0/306 [00:00<?, ?it/s]100%|██████████| 306/306 [00:00<00:00, 1334.00it/s]
2026-07-27:07:52:24 INFO     [api.task:312] Building contexts for mmlu_professional_accounting on rank 0...
100%|██████████| 306/306 [00:00<00:00, 1334.00it/s]
2026-07-27:07:52:24 INFO     [api.task:312] Building contexts for mmlu_professional_accounting on rank 0...
  0%|          | 0/282 [00:00<?, ?it/s]  0%|          | 0/282 [00:00<?, ?it/s]100%|██████████| 282/282 [00:00<00:00, 1323.96it/s]
2026-07-27:07:52:24 INFO     [api.task:312] Building contexts for mmlu_professional_medicine on rank 0...
100%|██████████| 282/282 [00:00<00:00, 1323.96it/s]
2026-07-27:07:52:24 INFO     [api.task:312] Building contexts for mmlu_professional_medicine on rank 0...
  0%|          | 0/272 [00:00<?, ?it/s]  0%|          | 0/272 [00:00<?, ?it/s]100%|██████████| 272/272 [00:00<00:00, 1317.49it/s]
100%|██████████| 272/272 [00:00<00:00, 1317.49it/s]
2026-07-27:07:52:24 INFO     [api.task:312] Building contexts for mmlu_virology on rank 0...
2026-07-27:07:52:24 INFO     [api.task:312] Building contexts for mmlu_virology on rank 0...
  0%|          | 0/166 [00:00<?, ?it/s]  0%|          | 0/166 [00:00<?, ?it/s]100%|██████████| 166/166 [00:00<00:00, 1314.37it/s]
2026-07-27:07:52:24 INFO     [api.task:312] Building contexts for mmlu_econometrics on rank 0...
100%|██████████| 166/166 [00:00<00:00, 1314.37it/s]
2026-07-27:07:52:24 INFO     [api.task:312] Building contexts for mmlu_econometrics on rank 0...
  0%|          | 0/114 [00:00<?, ?it/s]  0%|          | 0/114 [00:00<?, ?it/s]100%|██████████| 114/114 [00:00<00:00, 1321.61it/s]
2026-07-27:07:52:24 INFO     [api.task:312] Building contexts for mmlu_high_school_geography on rank 0...
100%|██████████| 114/114 [00:00<00:00, 1321.61it/s]
2026-07-27:07:52:24 INFO     [api.task:312] Building contexts for mmlu_high_school_geography on rank 0...
  0%|          | 0/198 [00:00<?, ?it/s]  0%|          | 0/198 [00:00<?, ?it/s]100%|██████████| 198/198 [00:00<00:00, 1312.92it/s]
2026-07-27:07:52:25 INFO     [api.task:312] Building contexts for mmlu_high_school_government_and_politics on rank 0...
100%|██████████| 198/198 [00:00<00:00, 1312.92it/s]
2026-07-27:07:52:25 INFO     [api.task:312] Building contexts for mmlu_high_school_government_and_politics on rank 0...
  0%|          | 0/193 [00:00<?, ?it/s]  0%|          | 0/193 [00:00<?, ?it/s]100%|██████████| 193/193 [00:00<00:00, 1185.16it/s]
2026-07-27:07:52:25 INFO     [api.task:312] Building contexts for mmlu_high_school_macroeconomics on rank 0...
100%|██████████| 193/193 [00:00<00:00, 1185.16it/s]
2026-07-27:07:52:25 INFO     [api.task:312] Building contexts for mmlu_high_school_macroeconomics on rank 0...
  0%|          | 0/390 [00:00<?, ?it/s]  0%|          | 0/390 [00:00<?, ?it/s]100%|██████████| 390/390 [00:00<00:00, 1311.30it/s]
100%|██████████| 390/390 [00:00<00:00, 1311.30it/s]
2026-07-27:07:52:25 INFO     [api.task:312] Building contexts for mmlu_high_school_microeconomics on rank 0...
2026-07-27:07:52:25 INFO     [api.task:312] Building contexts for mmlu_high_school_microeconomics on rank 0...
  0%|          | 0/238 [00:00<?, ?it/s]  0%|          | 0/238 [00:00<?, ?it/s]100%|██████████| 238/238 [00:00<00:00, 1318.24it/s]
2026-07-27:07:52:25 INFO     [api.task:312] Building contexts for mmlu_high_school_psychology on rank 0...
100%|██████████| 238/238 [00:00<00:00, 1318.24it/s]
2026-07-27:07:52:25 INFO     [api.task:312] Building contexts for mmlu_high_school_psychology on rank 0...
  0%|          | 0/545 [00:00<?, ?it/s]  0%|          | 0/545 [00:00<?, ?it/s]100%|██████████| 545/545 [00:00<00:00, 1322.04it/s]
100%|██████████| 545/545 [00:00<00:00, 1322.04it/s]
2026-07-27:07:52:26 INFO     [api.task:312] Building contexts for mmlu_human_sexuality on rank 0...
2026-07-27:07:52:26 INFO     [api.task:312] Building contexts for mmlu_human_sexuality on rank 0...
  0%|          | 0/131 [00:00<?, ?it/s]  0%|          | 0/131 [00:00<?, ?it/s]100%|██████████| 131/131 [00:00<00:00, 1326.74it/s]
2026-07-27:07:52:26 INFO     [api.task:312] Building contexts for mmlu_professional_psychology on rank 0...
100%|██████████| 131/131 [00:00<00:00, 1326.74it/s]
2026-07-27:07:52:26 INFO     [api.task:312] Building contexts for mmlu_professional_psychology on rank 0...
  0%|          | 0/612 [00:00<?, ?it/s]  0%|          | 0/612 [00:00<?, ?it/s]100%|██████████| 612/612 [00:00<00:00, 1320.48it/s]
100%|██████████| 612/612 [00:00<00:00, 1320.48it/s]
2026-07-27:07:52:26 INFO     [api.task:312] Building contexts for mmlu_public_relations on rank 0...
2026-07-27:07:52:26 INFO     [api.task:312] Building contexts for mmlu_public_relations on rank 0...
  0%|          | 0/110 [00:00<?, ?it/s]  0%|          | 0/110 [00:00<?, ?it/s]100%|██████████| 110/110 [00:00<00:00, 1314.75it/s]
2026-07-27:07:52:26 INFO     [api.task:312] Building contexts for mmlu_security_studies on rank 0...
100%|██████████| 110/110 [00:00<00:00, 1314.75it/s]
2026-07-27:07:52:26 INFO     [api.task:312] Building contexts for mmlu_security_studies on rank 0...
  0%|          | 0/245 [00:00<?, ?it/s]  0%|          | 0/245 [00:00<?, ?it/s]100%|██████████| 245/245 [00:00<00:00, 1317.12it/s]
100%|██████████| 245/245 [00:00<00:00, 1317.12it/s]
2026-07-27:07:52:27 INFO     [api.task:312] Building contexts for mmlu_sociology on rank 0...
2026-07-27:07:52:27 INFO     [api.task:312] Building contexts for mmlu_sociology on rank 0...
  0%|          | 0/201 [00:00<?, ?it/s]  0%|          | 0/201 [00:00<?, ?it/s]100%|██████████| 201/201 [00:00<00:00, 1311.05it/s]
2026-07-27:07:52:27 INFO     [api.task:312] Building contexts for mmlu_us_foreign_policy on rank 0...
100%|██████████| 201/201 [00:00<00:00, 1311.05it/s]
2026-07-27:07:52:27 INFO     [api.task:312] Building contexts for mmlu_us_foreign_policy on rank 0...
  0%|          | 0/100 [00:00<?, ?it/s]  0%|          | 0/100 [00:00<?, ?it/s]100%|██████████| 100/100 [00:00<00:00, 1312.02it/s]
2026-07-27:07:52:27 INFO     [api.task:312] Building contexts for mmlu_formal_logic on rank 0...
100%|██████████| 100/100 [00:00<00:00, 1312.02it/s]
2026-07-27:07:52:27 INFO     [api.task:312] Building contexts for mmlu_formal_logic on rank 0...
  0%|          | 0/126 [00:00<?, ?it/s]  0%|          | 0/126 [00:00<?, ?it/s]100%|██████████| 126/126 [00:00<00:00, 1309.42it/s]
2026-07-27:07:52:27 INFO     [api.task:312] Building contexts for mmlu_high_school_european_history on rank 0...
100%|██████████| 126/126 [00:00<00:00, 1309.42it/s]
2026-07-27:07:52:27 INFO     [api.task:312] Building contexts for mmlu_high_school_european_history on rank 0...
  0%|          | 0/165 [00:00<?, ?it/s]  0%|          | 0/165 [00:00<?, ?it/s]100%|██████████| 165/165 [00:00<00:00, 1311.29it/s]
2026-07-27:07:52:27 INFO     [api.task:312] Building contexts for mmlu_high_school_us_history on rank 0...
100%|██████████| 165/165 [00:00<00:00, 1311.29it/s]
2026-07-27:07:52:27 INFO     [api.task:312] Building contexts for mmlu_high_school_us_history on rank 0...
  0%|          | 0/204 [00:00<?, ?it/s]  0%|          | 0/204 [00:00<?, ?it/s]100%|██████████| 204/204 [00:00<00:00, 1309.78it/s]
2026-07-27:07:52:27 INFO     [api.task:312] Building contexts for mmlu_high_school_world_history on rank 0...
100%|██████████| 204/204 [00:00<00:00, 1309.78it/s]
2026-07-27:07:52:27 INFO     [api.task:312] Building contexts for mmlu_high_school_world_history on rank 0...
  0%|          | 0/237 [00:00<?, ?it/s]  0%|          | 0/237 [00:00<?, ?it/s]100%|██████████| 237/237 [00:00<00:00, 1312.58it/s]
100%|██████████| 237/237 [00:00<00:00, 1312.58it/s]
2026-07-27:07:52:27 INFO     [api.task:312] Building contexts for mmlu_international_law on rank 0...
2026-07-27:07:52:27 INFO     [api.task:312] Building contexts for mmlu_international_law on rank 0...
  0%|          | 0/121 [00:00<?, ?it/s]  0%|          | 0/121 [00:00<?, ?it/s]100%|██████████| 121/121 [00:00<00:00, 1322.15it/s]
2026-07-27:07:52:27 INFO     [api.task:312] Building contexts for mmlu_jurisprudence on rank 0...
100%|██████████| 121/121 [00:00<00:00, 1322.15it/s]
2026-07-27:07:52:27 INFO     [api.task:312] Building contexts for mmlu_jurisprudence on rank 0...
  0%|          | 0/108 [00:00<?, ?it/s]  0%|          | 0/108 [00:00<?, ?it/s]100%|██████████| 108/108 [00:00<00:00, 1322.14it/s]
2026-07-27:07:52:28 INFO     [api.task:312] Building contexts for mmlu_logical_fallacies on rank 0...
100%|██████████| 108/108 [00:00<00:00, 1322.14it/s]
2026-07-27:07:52:28 INFO     [api.task:312] Building contexts for mmlu_logical_fallacies on rank 0...
  0%|          | 0/163 [00:00<?, ?it/s]  0%|          | 0/163 [00:00<?, ?it/s]100%|██████████| 163/163 [00:00<00:00, 1324.20it/s]
2026-07-27:07:52:28 INFO     [api.task:312] Building contexts for mmlu_moral_disputes on rank 0...
100%|██████████| 163/163 [00:00<00:00, 1324.20it/s]
2026-07-27:07:52:28 INFO     [api.task:312] Building contexts for mmlu_moral_disputes on rank 0...
  0%|          | 0/346 [00:00<?, ?it/s]  0%|          | 0/346 [00:00<?, ?it/s]100%|██████████| 346/346 [00:00<00:00, 1330.82it/s]
2026-07-27:07:52:28 INFO     [api.task:312] Building contexts for mmlu_moral_scenarios on rank 0...
100%|██████████| 346/346 [00:00<00:00, 1330.82it/s]
2026-07-27:07:52:28 INFO     [api.task:312] Building contexts for mmlu_moral_scenarios on rank 0...
  0%|          | 0/895 [00:00<?, ?it/s]  0%|          | 0/895 [00:00<?, ?it/s]100%|██████████| 895/895 [00:00<00:00, 1324.95it/s]
100%|██████████| 895/895 [00:00<00:00, 1324.95it/s]
2026-07-27:07:52:29 INFO     [api.task:312] Building contexts for mmlu_philosophy on rank 0...
2026-07-27:07:52:29 INFO     [api.task:312] Building contexts for mmlu_philosophy on rank 0...
  0%|          | 0/311 [00:00<?, ?it/s]  0%|          | 0/311 [00:00<?, ?it/s]100%|██████████| 311/311 [00:00<00:00, 1206.76it/s]
2026-07-27:07:52:29 INFO     [api.task:312] Building contexts for mmlu_prehistory on rank 0...
100%|██████████| 311/311 [00:00<00:00, 1206.76it/s]
2026-07-27:07:52:29 INFO     [api.task:312] Building contexts for mmlu_prehistory on rank 0...
  0%|          | 0/324 [00:00<?, ?it/s]  0%|          | 0/324 [00:00<?, ?it/s]100%|██████████| 324/324 [00:00<00:00, 1323.06it/s]
2026-07-27:07:52:29 INFO     [api.task:312] Building contexts for mmlu_professional_law on rank 0...
100%|██████████| 324/324 [00:00<00:00, 1323.06it/s]
2026-07-27:07:52:29 INFO     [api.task:312] Building contexts for mmlu_professional_law on rank 0...
  0%|          | 0/1534 [00:00<?, ?it/s]  0%|          | 0/1534 [00:00<?, ?it/s]100%|██████████| 1534/1534 [00:01<00:00, 1289.21it/s]
100%|██████████| 1534/1534 [00:01<00:00, 1289.21it/s]
2026-07-27:07:52:30 INFO     [api.task:312] Building contexts for mmlu_world_religions on rank 0...
2026-07-27:07:52:30 INFO     [api.task:312] Building contexts for mmlu_world_religions on rank 0...
  0%|          | 0/171 [00:00<?, ?it/s]  0%|          | 0/171 [00:00<?, ?it/s]100%|██████████| 171/171 [00:00<00:00, 1328.34it/s]
2026-07-27:07:52:31 INFO     [api.task:312] Building contexts for hellaswag on rank 0...
100%|██████████| 171/171 [00:00<00:00, 1328.34it/s]
2026-07-27:07:52:31 INFO     [api.task:312] Building contexts for hellaswag on rank 0...
  0%|          | 0/10042 [00:00<?, ?it/s]  0%|          | 0/10042 [00:00<?, ?it/s]100%|██████████| 10042/10042 [00:03<00:00, 2902.23it/s]
100%|██████████| 10042/10042 [00:03<00:00, 2902.23it/s]
2026-07-27:07:52:34 INFO     [evaluator:585] Running loglikelihood requests
2026-07-27:07:52:34 INFO     [evaluator:585] Running loglikelihood requests
Tokenizing inputs:   0%|          | 0/100012 [00:00<?, ?it/s]Tokenizing inputs:   0%|          | 0/100012 [00:00<?, ?it/s]Tokenizing inputs: 100%|██████████| 100012/100012 [00:33<00:00, 2979.79it/s]
Tokenizing inputs: 100%|██████████| 100012/100012 [00:33<00:00, 2979.79it/s]
Running loglikelihood requests:   0%|          | 0/100012 [00:00<?, ?it/s]Running loglikelihood requests:   0%|          | 0/100012 [00:00<?, ?it/s]Passed argument batch_size = auto:1. Detecting largest batch size
Passed argument batch_size = auto:1. Detecting largest batch size
[W727 07:53:28.054735784 CUDACachingAllocator.cpp:3933] memory allocation failed with OOM on device 0 while trying to allocate 32168214528 bytes (free: 28325969920, total: 101973950464).
[W727 07:53:28.054735784 CUDACachingAllocator.cpp:3933] memory allocation failed with OOM on device 0 while trying to allocate 32168214528 bytes (free: 28325969920, total: 101973950464).
[W727 07:53:36.602628407 CUDACachingAllocator.cpp:3933] memory allocation failed with OOM on device 0 while trying to allocate 32168214528 bytes (free: 414973952, total: 101973950464).
[W727 07:53:36.602628407 CUDACachingAllocator.cpp:3933] memory allocation failed with OOM on device 0 while trying to allocate 32168214528 bytes (free: 414973952, total: 101973950464).
[W727 07:53:37.770982843 CUDACachingAllocator.cpp:3933] memory allocation failed with OOM on device 0 while trying to allocate 32168214528 bytes (free: 419168256, total: 101973950464).
[W727 07:53:37.770982843 CUDACachingAllocator.cpp:3933] memory allocation failed with OOM on device 0 while trying to allocate 32168214528 bytes (free: 419168256, total: 101973950464).
[W727 07:53:53.306988593 CUDACachingAllocator.cpp:3933] memory allocation failed with OOM on device 0 while trying to allocate 28649193472 bytes (free: 408682496, total: 101973950464).
[W727 07:53:53.306988593 CUDACachingAllocator.cpp:3933] memory allocation failed with OOM on device 0 while trying to allocate 28649193472 bytes (free: 408682496, total: 101973950464).
[W727 07:53:53.490290525 CUDACachingAllocator.cpp:3933] memory allocation failed with OOM on device 0 while trying to allocate 28649193472 bytes (free: 414973952, total: 101973950464).
[W727 07:53:53.490290525 CUDACachingAllocator.cpp:3933] memory allocation failed with OOM on device 0 while trying to allocate 28649193472 bytes (free: 414973952, total: 101973950464).
[W727 07:54:09.954592116 CUDACachingAllocator.cpp:3933] memory allocation failed with OOM on device 0 while trying to allocate 25633488896 bytes (free: 406585344, total: 101973950464).
[W727 07:54:09.954592116 CUDACachingAllocator.cpp:3933] memory allocation failed with OOM on device 0 while trying to allocate 25633488896 bytes (free: 406585344, total: 101973950464).
[W727 07:54:09.088259300 CUDACachingAllocator.cpp:3933] memory allocation failed with OOM on device 0 while trying to allocate 25633488896 bytes (free: 408682496, total: 101973950464).
[W727 07:54:09.088259300 CUDACachingAllocator.cpp:3933] memory allocation failed with OOM on device 0 while trying to allocate 25633488896 bytes (free: 408682496, total: 101973950464).
[W727 07:54:23.454194218 CUDACachingAllocator.cpp:3933] memory allocation failed with OOM on device 0 while trying to allocate 22617784320 bytes (free: 404488192, total: 101973950464).
[W727 07:54:23.454194218 CUDACachingAllocator.cpp:3933] memory allocation failed with OOM on device 0 while trying to allocate 22617784320 bytes (free: 404488192, total: 101973950464).
[W727 07:54:23.571251547 CUDACachingAllocator.cpp:3933] memory allocation failed with OOM on device 0 while trying to allocate 22617784320 bytes (free: 408682496, total: 101973950464).
[W727 07:54:23.571251547 CUDACachingAllocator.cpp:3933] memory allocation failed with OOM on device 0 while trying to allocate 22617784320 bytes (free: 408682496, total: 101973950464).
[W727 07:54:36.597934772 CUDACachingAllocator.cpp:3933] memory allocation failed with OOM on device 0 while trying to allocate 20105396224 bytes (free: 402391040, total: 101973950464).
[W727 07:54:36.597934772 CUDACachingAllocator.cpp:3933] memory allocation failed with OOM on device 0 while trying to allocate 20105396224 bytes (free: 402391040, total: 101973950464).
[W727 07:54:37.700701674 CUDACachingAllocator.cpp:3933] memory allocation failed with OOM on device 0 while trying to allocate 20105396224 bytes (free: 406585344, total: 101973950464).
[W727 07:54:37.700701674 CUDACachingAllocator.cpp:3933] memory allocation failed with OOM on device 0 while trying to allocate 20105396224 bytes (free: 406585344, total: 101973950464).
[W727 07:54:49.200619743 CUDACachingAllocator.cpp:3933] memory allocation failed with OOM on device 0 while trying to allocate 18094227456 bytes (free: 402391040, total: 101973950464).
[W727 07:54:49.200619743 CUDACachingAllocator.cpp:3933] memory allocation failed with OOM on device 0 while trying to allocate 18094227456 bytes (free: 402391040, total: 101973950464).
[W727 07:54:49.293498772 CUDACachingAllocator.cpp:3933] memory allocation failed with OOM on device 0 while trying to allocate 18094227456 bytes (free: 406585344, total: 101973950464).
[W727 07:54:49.293498772 CUDACachingAllocator.cpp:3933] memory allocation failed with OOM on device 0 while trying to allocate 18094227456 bytes (free: 406585344, total: 101973950464).
Determined largest batch size: 32
Determined largest batch size: 32
Running loglikelihood requests:   0%|          | 1/100012 [02:20<3916:29:36, 140.98s/it]Running loglikelihood requests:   0%|          | 1/100012 [02:20<3916:29:36, 140.98s/it]Running loglikelihood requests:   3%|▎         | 2561/100012 [04:26<2:22:12, 11.42it/s] Running loglikelihood requests:   3%|▎         | 2561/100012 [04:26<2:22:12, 11.42it/s] Running loglikelihood requests:   3%|▎         | 3072/100012 [04:46<2:21:27, 11.42it/s]Running loglikelihood requests:   3%|▎         | 3072/100012 [04:46<2:21:27, 11.42it/s]Running loglikelihood requests:   5%|▌         | 5249/100012 [06:28<1:38:26, 16.04it/s]Running loglikelihood requests:   5%|▌         | 5249/100012 [06:28<1:38:26, 16.04it/s]Running loglikelihood requests:   6%|▌         | 5760/100012 [06:46<1:37:54, 16.04it/s]Running loglikelihood requests:   6%|▌         | 5760/100012 [06:46<1:37:54, 16.04it/s]Running loglikelihood requests:   8%|▊         | 8047/100012 [08:33<1:22:36, 18.56it/s]Running loglikelihood requests:   8%|▊         | 8047/100012 [08:33<1:22:36, 18.56it/s]Running loglikelihood requests:   8%|▊         | 8424/100012 [08:46<1:22:16, 18.56it/s]Running loglikelihood requests:   8%|▊         | 8424/100012 [08:46<1:22:16, 18.56it/s]Running loglikelihood requests:  11%|█         | 10845/100012 [10:33<1:13:36, 20.19it/s]Running loglikelihood requests:  11%|█         | 10845/100012 [10:33<1:13:36, 20.19it/s]Running loglikelihood requests:  11%|█         | 11216/100012 [10:46<1:13:18, 20.19it/s]Running loglikelihood requests:  11%|█         | 11216/100012 [10:46<1:13:18, 20.19it/s]Running loglikelihood requests:  14%|█▎        | 13584/100012 [12:33<1:08:26, 21.05it/s]Running loglikelihood requests:  14%|█▎        | 13584/100012 [12:33<1:08:26, 21.05it/s]Running loglikelihood requests:  14%|█▍        | 13919/100012 [12:46<1:08:10, 21.05it/s]Running loglikelihood requests:  14%|█▍        | 13919/100012 [12:46<1:08:10, 21.05it/s]Running loglikelihood requests:  16%|█▌        | 15944/100012 [14:36<1:08:31, 20.45it/s]Running loglikelihood requests:  16%|█▌        | 15944/100012 [14:36<1:08:31, 20.45it/s]Running loglikelihood requests:  16%|█▌        | 16195/100012 [14:56<1:08:19, 20.45it/s]Running loglikelihood requests:  16%|█▌        | 16195/100012 [14:56<1:08:19, 20.45it/s]Running loglikelihood requests:  18%|█▊        | 17665/100012 [16:40<1:14:49, 18.34it/s]Running loglikelihood requests:  18%|█▊        | 17665/100012 [16:40<1:14:49, 18.34it/s]Running loglikelihood requests:  18%|█▊        | 18032/100012 [16:56<1:14:29, 18.34it/s]Running loglikelihood requests:  18%|█▊        | 18032/100012 [16:56<1:14:29, 18.34it/s]Running loglikelihood requests:  19%|█▉        | 19283/100012 [18:43<1:20:25, 16.73it/s]Running loglikelihood requests:  19%|█▉        | 19283/100012 [18:43<1:20:25, 16.73it/s]Running loglikelihood requests:  19%|█▉        | 19378/100012 [18:56<1:20:20, 16.73it/s]Running loglikelihood requests:  19%|█▉        | 19378/100012 [18:56<1:20:20, 16.73it/s]Running loglikelihood requests:  21%|██        | 20720/100012 [20:44<1:26:40, 15.25it/s]Running loglikelihood requests:  21%|██        | 20720/100012 [20:44<1:26:40, 15.25it/s]Running loglikelihood requests:  21%|██        | 20815/100012 [20:56<1:26:34, 15.25it/s]Running loglikelihood requests:  21%|██        | 20815/100012 [20:56<1:26:34, 15.25it/s]Running loglikelihood requests:  22%|██▏       | 21965/100012 [22:46<1:34:51, 13.71it/s]Running loglikelihood requests:  22%|██▏       | 21965/100012 [22:46<1:34:51, 13.71it/s]Running loglikelihood requests:  22%|██▏       | 22260/100012 [23:06<1:34:30, 13.71it/s]Running loglikelihood requests:  22%|██▏       | 22260/100012 [23:06<1:34:30, 13.71it/s]Running loglikelihood requests:  23%|██▎       | 23205/100012 [24:49<1:41:33, 12.61it/s]Running loglikelihood requests:  23%|██▎       | 23205/100012 [24:49<1:41:33, 12.61it/s]Running loglikelihood requests:  23%|██▎       | 23332/100012 [25:06<1:41:23, 12.61it/s]Running loglikelihood requests:  23%|██▎       | 23332/100012 [25:06<1:41:23, 12.61it/s]Running loglikelihood requests:  24%|██▍       | 24496/100012 [26:52<1:45:19, 11.95it/s]Running loglikelihood requests:  24%|██▍       | 24496/100012 [26:52<1:45:19, 11.95it/s]Running loglikelihood requests:  25%|██▍       | 24594/100012 [27:06<1:45:11, 11.95it/s]Running loglikelihood requests:  25%|██▍       | 24594/100012 [27:06<1:45:11, 11.95it/s]Running loglikelihood requests:  25%|██▌       | 25498/100012 [28:55<1:54:57, 10.80it/s]Running loglikelihood requests:  25%|██▌       | 25498/100012 [28:55<1:54:57, 10.80it/s]Running loglikelihood requests:  26%|██▌       | 25593/100012 [29:06<1:54:49, 10.80it/s]Running loglikelihood requests:  26%|██▌       | 25593/100012 [29:06<1:54:49, 10.80it/s]Running loglikelihood requests:  27%|██▋       | 26506/100012 [30:57<2:01:51, 10.05it/s]Running loglikelihood requests:  27%|██▋       | 26506/100012 [30:57<2:01:51, 10.05it/s]Running loglikelihood requests:  27%|██▋       | 26814/100012 [31:16<2:01:21, 10.05it/s]Running loglikelihood requests:  27%|██▋       | 26814/100012 [31:16<2:01:21, 10.05it/s]Running loglikelihood requests:  28%|██▊       | 27693/100012 [32:59<2:00:58,  9.96it/s]Running loglikelihood requests:  28%|██▊       | 27693/100012 [32:59<2:00:58,  9.96it/s]Running loglikelihood requests:  28%|██▊       | 27820/100012 [33:16<2:00:45,  9.96it/s]Running loglikelihood requests:  28%|██▊       | 27820/100012 [33:16<2:00:45,  9.96it/s]Running loglikelihood requests:  29%|██▊       | 28697/100012 [35:03<2:06:38,  9.38it/s]Running loglikelihood requests:  29%|██▊       | 28697/100012 [35:03<2:06:38,  9.38it/s]Running loglikelihood requests:  29%|██▉       | 28792/100012 [35:16<2:06:28,  9.38it/s]Running loglikelihood requests:  29%|██▉       | 28792/100012 [35:16<2:06:28,  9.38it/s]Running loglikelihood requests:  30%|██▉       | 29708/100012 [37:06<2:09:37,  9.04it/s]Running loglikelihood requests:  30%|██▉       | 29708/100012 [37:06<2:09:37,  9.04it/s]Running loglikelihood requests:  30%|██▉       | 29961/100012 [37:26<2:09:09,  9.04it/s]Running loglikelihood requests:  30%|██▉       | 29961/100012 [37:26<2:09:09,  9.04it/s]Running loglikelihood requests:  31%|███       | 30729/100012 [39:07<2:10:25,  8.85it/s]Running loglikelihood requests:  31%|███       | 30729/100012 [39:07<2:10:25,  8.85it/s]Running loglikelihood requests:  31%|███       | 31081/100012 [39:26<2:09:45,  8.85it/s]Running loglikelihood requests:  31%|███       | 31081/100012 [39:26<2:09:45,  8.85it/s]Running loglikelihood requests:  32%|███▏      | 31923/100012 [41:08<2:03:47,  9.17it/s]Running loglikelihood requests:  32%|███▏      | 31923/100012 [41:08<2:03:47,  9.17it/s]Running loglikelihood requests:  32%|███▏      | 32050/100012 [41:26<2:03:33,  9.17it/s]Running loglikelihood requests:  32%|███▏      | 32050/100012 [41:26<2:03:33,  9.17it/s]Running loglikelihood requests:  33%|███▎      | 32965/100012 [43:09<2:04:11,  9.00it/s]Running loglikelihood requests:  33%|███▎      | 32965/100012 [43:09<2:04:11,  9.00it/s]Running loglikelihood requests:  33%|███▎      | 33092/100012 [43:26<2:03:57,  9.00it/s]Running loglikelihood requests:  33%|███▎      | 33092/100012 [43:26<2:03:57,  9.00it/s]Running loglikelihood requests:  34%|███▍      | 33962/100012 [45:10<2:05:35,  8.77it/s]Running loglikelihood requests:  34%|███▍      | 33962/100012 [45:10<2:05:35,  8.77it/s]Running loglikelihood requests:  34%|███▍      | 34089/100012 [45:26<2:05:20,  8.77it/s]Running loglikelihood requests:  34%|███▍      | 34089/100012 [45:26<2:05:20,  8.77it/s]Running loglikelihood requests:  35%|███▍      | 35000/100012 [47:11<2:04:27,  8.71it/s]Running loglikelihood requests:  35%|███▍      | 35000/100012 [47:11<2:04:27,  8.71it/s]Running loglikelihood requests:  35%|███▌      | 35095/100012 [47:26<2:04:16,  8.71it/s]Running loglikelihood requests:  35%|███▌      | 35095/100012 [47:26<2:04:16,  8.71it/s]Running loglikelihood requests:  36%|███▌      | 35986/100012 [49:12<2:05:00,  8.54it/s]Running loglikelihood requests:  36%|███▌      | 35986/100012 [49:12<2:05:00,  8.54it/s]Running loglikelihood requests:  36%|███▌      | 36081/100012 [49:26<2:04:49,  8.54it/s]Running loglikelihood requests:  36%|███▌      | 36081/100012 [49:26<2:04:49,  8.54it/s]Running loglikelihood requests:  37%|███▋      | 37044/100012 [51:14<2:02:13,  8.59it/s]Running loglikelihood requests:  37%|███▋      | 37044/100012 [51:14<2:02:13,  8.59it/s]Running loglikelihood requests:  37%|███▋      | 37139/100012 [51:26<2:02:02,  8.59it/s]Running loglikelihood requests:  37%|███▋      | 37139/100012 [51:26<2:02:02,  8.59it/s]Running loglikelihood requests:  38%|███▊      | 38130/100012 [53:18<1:59:26,  8.63it/s]Running loglikelihood requests:  38%|███▊      | 38130/100012 [53:18<1:59:26,  8.63it/s]Running loglikelihood requests:  38%|███▊      | 38258/100012 [53:36<1:59:11,  8.63it/s]Running loglikelihood requests:  38%|███▊      | 38258/100012 [53:36<1:59:11,  8.63it/s]Running loglikelihood requests:  39%|███▉      | 39186/100012 [55:21<1:57:42,  8.61it/s]Running loglikelihood requests:  39%|███▉      | 39186/100012 [55:21<1:57:42,  8.61it/s]Running loglikelihood requests:  39%|███▉      | 39282/100012 [55:36<1:57:31,  8.61it/s]Running loglikelihood requests:  39%|███▉      | 39282/100012 [55:36<1:57:31,  8.61it/s]Running loglikelihood requests:  40%|████      | 40270/100012 [57:22<1:53:58,  8.74it/s]Running loglikelihood requests:  40%|████      | 40270/100012 [57:22<1:53:58,  8.74it/s]Running loglikelihood requests:  40%|████      | 40366/100012 [57:36<1:53:48,  8.74it/s]Running loglikelihood requests:  40%|████      | 40366/100012 [57:36<1:53:48,  8.74it/s]Running loglikelihood requests:  41%|████▏     | 41392/100012 [59:25<1:50:33,  8.84it/s]Running loglikelihood requests:  41%|████▏     | 41392/100012 [59:25<1:50:33,  8.84it/s]Running loglikelihood requests:  41%|████▏     | 41487/100012 [59:36<1:50:22,  8.84it/s]Running loglikelihood requests:  41%|████▏     | 41487/100012 [59:36<1:50:22,  8.84it/s]Running loglikelihood requests:  43%|████▎     | 42579/100012 [1:01:28<1:45:15,  9.09it/s]Running loglikelihood requests:  43%|████▎     | 42579/100012 [1:01:28<1:45:15,  9.09it/s]Running loglikelihood requests:  43%|████▎     | 42707/100012 [1:01:46<1:45:01,  9.09it/s]Running loglikelihood requests:  43%|████▎     | 42707/100012 [1:01:46<1:45:01,  9.09it/s]Running loglikelihood requests:  44%|████▎     | 43666/100012 [1:03:32<1:44:21,  9.00it/s]Running loglikelihood requests:  44%|████▎     | 43666/100012 [1:03:32<1:44:21,  9.00it/s]Running loglikelihood requests:  44%|████▍     | 43762/100012 [1:03:46<1:44:11,  9.00it/s]Running loglikelihood requests:  44%|████▍     | 43762/100012 [1:03:46<1:44:11,  9.00it/s]Running loglikelihood requests:  45%|████▍     | 44841/100012 [1:05:33<1:39:58,  9.20it/s]Running loglikelihood requests:  45%|████▍     | 44841/100012 [1:05:33<1:39:58,  9.20it/s]Running loglikelihood requests:  45%|████▍     | 44936/100012 [1:05:46<1:39:48,  9.20it/s]Running loglikelihood requests:  45%|████▍     | 44936/100012 [1:05:46<1:39:48,  9.20it/s]Running loglikelihood requests:  46%|████▌     | 45989/100012 [1:07:36<1:37:33,  9.23it/s]Running loglikelihood requests:  46%|████▌     | 45989/100012 [1:07:36<1:37:33,  9.23it/s]Running loglikelihood requests:  46%|████▌     | 46148/100012 [1:07:56<1:37:15,  9.23it/s]Running loglikelihood requests:  46%|████▌     | 46148/100012 [1:07:56<1:37:15,  9.23it/s]Running loglikelihood requests:  47%|████▋     | 47169/100012 [1:09:38<1:34:00,  9.37it/s]Running loglikelihood requests:  47%|████▋     | 47169/100012 [1:09:38<1:34:00,  9.37it/s]Running loglikelihood requests:  47%|████▋     | 47296/100012 [1:09:56<1:33:46,  9.37it/s]Running loglikelihood requests:  47%|████▋     | 47296/100012 [1:09:56<1:33:46,  9.37it/s]Running loglikelihood requests:  48%|████▊     | 48303/100012 [1:11:41<1:32:25,  9.32it/s]Running loglikelihood requests:  48%|████▊     | 48303/100012 [1:11:41<1:32:25,  9.32it/s]Running loglikelihood requests:  48%|████▊     | 48430/100012 [1:11:56<1:32:12,  9.32it/s]Running loglikelihood requests:  48%|████▊     | 48430/100012 [1:11:56<1:32:12,  9.32it/s]Running loglikelihood requests:  49%|████▉     | 49476/100012 [1:13:45<1:29:59,  9.36it/s]Running loglikelihood requests:  49%|████▉     | 49476/100012 [1:13:45<1:29:59,  9.36it/s]Running loglikelihood requests:  50%|████▉     | 49539/100012 [1:13:56<1:29:53,  9.36it/s]Running loglikelihood requests:  50%|████▉     | 49539/100012 [1:13:56<1:29:53,  9.36it/s]Running loglikelihood requests:  51%|█████     | 50556/100012 [1:15:46<1:29:18,  9.23it/s]Running loglikelihood requests:  51%|█████     | 50556/100012 [1:15:46<1:29:18,  9.23it/s]Running loglikelihood requests:  51%|█████     | 50683/100012 [1:16:06<1:29:05,  9.23it/s]Running loglikelihood requests:  51%|█████     | 50683/100012 [1:16:06<1:29:05,  9.23it/s]Running loglikelihood requests:  52%|█████▏    | 51665/100012 [1:17:51<1:28:14,  9.13it/s]Running loglikelihood requests:  52%|█████▏    | 51665/100012 [1:17:51<1:28:14,  9.13it/s]Running loglikelihood requests:  52%|█████▏    | 51979/100012 [1:18:06<1:27:40,  9.13it/s]Running loglikelihood requests:  52%|█████▏    | 51979/100012 [1:18:06<1:27:40,  9.13it/s]Running loglikelihood requests:  53%|█████▎    | 53110/100012 [1:19:52<1:18:25,  9.97it/s]Running loglikelihood requests:  53%|█████▎    | 53110/100012 [1:19:52<1:18:25,  9.97it/s]Running loglikelihood requests:  53%|█████▎    | 53316/100012 [1:20:06<1:18:04,  9.97it/s]Running loglikelihood requests:  53%|█████▎    | 53316/100012 [1:20:06<1:18:04,  9.97it/s]Running loglikelihood requests:  54%|█████▍    | 54366/100012 [1:21:55<1:15:45, 10.04it/s]Running loglikelihood requests:  54%|█████▍    | 54366/100012 [1:21:55<1:15:45, 10.04it/s]Running loglikelihood requests:  54%|█████▍    | 54462/100012 [1:22:06<1:15:35, 10.04it/s]Running loglikelihood requests:  54%|█████▍    | 54462/100012 [1:22:06<1:15:35, 10.04it/s]Running loglikelihood requests:  56%|█████▌    | 55600/100012 [1:23:57<1:13:39, 10.05it/s]Running loglikelihood requests:  56%|█████▌    | 55600/100012 [1:23:57<1:13:39, 10.05it/s]Running loglikelihood requests:  56%|█████▌    | 55727/100012 [1:24:16<1:13:26, 10.05it/s]Running loglikelihood requests:  56%|█████▌    | 55727/100012 [1:24:16<1:13:26, 10.05it/s]Running loglikelihood requests:  57%|█████▋    | 56813/100012 [1:26:01<1:12:07,  9.98it/s]Running loglikelihood requests:  57%|█████▋    | 56813/100012 [1:26:01<1:12:07,  9.98it/s]Running loglikelihood requests:  57%|█████▋    | 57054/100012 [1:26:16<1:11:43,  9.98it/s]Running loglikelihood requests:  57%|█████▋    | 57054/100012 [1:26:16<1:11:43,  9.98it/s]Running loglikelihood requests:  58%|█████▊    | 58456/100012 [1:28:02<1:02:38, 11.06it/s]Running loglikelihood requests:  58%|█████▊    | 58456/100012 [1:28:02<1:02:38, 11.06it/s]Running loglikelihood requests:  59%|█████▊    | 58596/100012 [1:28:16<1:02:25, 11.06it/s]Running loglikelihood requests:  59%|█████▊    | 58596/100012 [1:28:16<1:02:25, 11.06it/s]Running loglikelihood requests:  60%|█████▉    | 59772/100012 [1:30:06<1:01:27, 10.91it/s]Running loglikelihood requests:  60%|█████▉    | 59772/100012 [1:30:06<1:01:27, 10.91it/s]Running loglikelihood requests:  60%|█████▉    | 59931/100012 [1:30:26<1:01:13, 10.91it/s]Running loglikelihood requests:  60%|█████▉    | 59931/100012 [1:30:26<1:01:13, 10.91it/s]Running loglikelihood requests:  61%|██████▏   | 61334/100012 [1:32:09<56:21, 11.44it/s]  Running loglikelihood requests:  61%|██████▏   | 61334/100012 [1:32:09<56:21, 11.44it/s]  Running loglikelihood requests:  62%|██████▏   | 61719/100012 [1:32:26<55:47, 11.44it/s]Running loglikelihood requests:  62%|██████▏   | 61719/100012 [1:32:26<55:47, 11.44it/s]Running loglikelihood requests:  63%|██████▎   | 62845/100012 [1:34:13<53:05, 11.67it/s]Running loglikelihood requests:  63%|██████▎   | 62845/100012 [1:34:13<53:05, 11.67it/s]Running loglikelihood requests:  63%|██████▎   | 62940/100012 [1:34:26<52:57, 11.67it/s]Running loglikelihood requests:  63%|██████▎   | 62940/100012 [1:34:26<52:57, 11.67it/s]Running loglikelihood requests:  65%|██████▍   | 64576/100012 [1:36:18<47:52, 12.34it/s]Running loglikelihood requests:  65%|██████▍   | 64576/100012 [1:36:18<47:52, 12.34it/s]Running loglikelihood requests:  65%|██████▍   | 64703/100012 [1:36:36<47:41, 12.34it/s]Running loglikelihood requests:  65%|██████▍   | 64703/100012 [1:36:36<47:41, 12.34it/s]Running loglikelihood requests:  66%|██████▋   | 66301/100012 [1:38:22<43:50, 12.81it/s]Running loglikelihood requests:  66%|██████▋   | 66301/100012 [1:38:22<43:50, 12.81it/s]Running loglikelihood requests:  66%|██████▋   | 66396/100012 [1:38:36<43:43, 12.81it/s]Running loglikelihood requests:  66%|██████▋   | 66396/100012 [1:38:36<43:43, 12.81it/s]Running loglikelihood requests:  68%|██████▊   | 68019/100012 [1:40:23<40:21, 13.21it/s]Running loglikelihood requests:  68%|██████▊   | 68019/100012 [1:40:23<40:21, 13.21it/s]Running loglikelihood requests:  68%|██████▊   | 68231/100012 [1:40:36<40:05, 13.21it/s]Running loglikelihood requests:  68%|██████▊   | 68231/100012 [1:40:36<40:05, 13.21it/s]Running loglikelihood requests:  70%|██████▉   | 69966/100012 [1:42:25<35:41, 14.03it/s]Running loglikelihood requests:  70%|██████▉   | 69966/100012 [1:42:25<35:41, 14.03it/s]Running loglikelihood requests:  70%|███████   | 70061/100012 [1:42:36<35:34, 14.03it/s]Running loglikelihood requests:  70%|███████   | 70061/100012 [1:42:36<35:34, 14.03it/s]Running loglikelihood requests:  72%|███████▏  | 71911/100012 [1:44:27<32:06, 14.59it/s]Running loglikelihood requests:  72%|███████▏  | 71911/100012 [1:44:27<32:06, 14.59it/s]Running loglikelihood requests:  72%|███████▏  | 72134/100012 [1:44:46<31:50, 14.59it/s]Running loglikelihood requests:  72%|███████▏  | 72134/100012 [1:44:46<31:50, 14.59it/s]Running loglikelihood requests:  74%|███████▍  | 73923/100012 [1:46:31<28:47, 15.10it/s]Running loglikelihood requests:  74%|███████▍  | 73923/100012 [1:46:31<28:47, 15.10it/s]Running loglikelihood requests:  74%|███████▍  | 74193/100012 [1:46:46<28:29, 15.10it/s]Running loglikelihood requests:  74%|███████▍  | 74193/100012 [1:46:46<28:29, 15.10it/s]Running loglikelihood requests:  76%|███████▌  | 75917/100012 [1:48:32<25:53, 15.51it/s]Running loglikelihood requests:  76%|███████▌  | 75917/100012 [1:48:32<25:53, 15.51it/s]Running loglikelihood requests:  76%|███████▋  | 76428/100012 [1:48:46<25:20, 15.51it/s]Running loglikelihood requests:  76%|███████▋  | 76428/100012 [1:48:46<25:20, 15.51it/s]Running loglikelihood requests:  78%|███████▊  | 78184/100012 [1:50:34<22:09, 16.42it/s]Running loglikelihood requests:  78%|███████▊  | 78184/100012 [1:50:34<22:09, 16.42it/s]Running loglikelihood requests:  79%|███████▊  | 78567/100012 [1:50:46<21:46, 16.42it/s]Running loglikelihood requests:  79%|███████▊  | 78567/100012 [1:50:46<21:46, 16.42it/s]Running loglikelihood requests:  80%|████████  | 80327/100012 [1:52:38<19:38, 16.70it/s]Running loglikelihood requests:  80%|████████  | 80327/100012 [1:52:38<19:38, 16.70it/s]Running loglikelihood requests:  81%|████████  | 80571/100012 [1:52:56<19:24, 16.70it/s]Running loglikelihood requests:  81%|████████  | 80571/100012 [1:52:56<19:24, 16.70it/s]Running loglikelihood requests:  82%|████████▏ | 82330/100012 [1:54:43<17:51, 16.50it/s]Running loglikelihood requests:  82%|████████▏ | 82330/100012 [1:54:43<17:51, 16.50it/s]Running loglikelihood requests:  82%|████████▏ | 82457/100012 [1:54:56<17:43, 16.50it/s]Running loglikelihood requests:  82%|████████▏ | 82457/100012 [1:54:56<17:43, 16.50it/s]Running loglikelihood requests:  84%|████████▍ | 84055/100012 [1:56:44<16:47, 15.84it/s]Running loglikelihood requests:  84%|████████▍ | 84055/100012 [1:56:44<16:47, 15.84it/s]Running loglikelihood requests:  84%|████████▍ | 84150/100012 [1:56:56<16:41, 15.84it/s]Running loglikelihood requests:  84%|████████▍ | 84150/100012 [1:56:56<16:41, 15.84it/s]Running loglikelihood requests:  86%|████████▌ | 85677/100012 [1:58:45<15:49, 15.09it/s]Running loglikelihood requests:  86%|████████▌ | 85677/100012 [1:58:45<15:49, 15.09it/s]Running loglikelihood requests:  86%|████████▌ | 85772/100012 [1:58:56<15:43, 15.09it/s]Running loglikelihood requests:  86%|████████▌ | 85772/100012 [1:58:56<15:43, 15.09it/s]Running loglikelihood requests:  87%|████████▋ | 87106/100012 [2:00:49<15:20, 14.02it/s]Running loglikelihood requests:  87%|████████▋ | 87106/100012 [2:00:49<15:20, 14.02it/s]Running loglikelihood requests:  87%|████████▋ | 87296/100012 [2:01:06<15:06, 14.02it/s]Running loglikelihood requests:  87%|████████▋ | 87296/100012 [2:01:06<15:06, 14.02it/s]Running loglikelihood requests:  88%|████████▊ | 88370/100012 [2:02:51<15:01, 12.91it/s]Running loglikelihood requests:  88%|████████▊ | 88370/100012 [2:02:51<15:01, 12.91it/s]Running loglikelihood requests:  89%|████████▊ | 88659/100012 [2:03:06<14:39, 12.91it/s]Running loglikelihood requests:  89%|████████▊ | 88659/100012 [2:03:06<14:39, 12.91it/s]Running loglikelihood requests:  90%|████████▉ | 89518/100012 [2:04:52<14:40, 11.92it/s]Running loglikelihood requests:  90%|████████▉ | 89518/100012 [2:04:52<14:40, 11.92it/s]Running loglikelihood requests:  90%|████████▉ | 89684/100012 [2:05:06<14:26, 11.92it/s]Running loglikelihood requests:  90%|████████▉ | 89684/100012 [2:05:06<14:26, 11.92it/s]Running loglikelihood requests:  91%|█████████ | 90568/100012 [2:06:53<14:24, 10.93it/s]Running loglikelihood requests:  91%|█████████ | 90568/100012 [2:06:53<14:24, 10.93it/s]Running loglikelihood requests:  91%|█████████ | 90695/100012 [2:07:06<14:12, 10.93it/s]Running loglikelihood requests:  91%|█████████ | 90695/100012 [2:07:06<14:12, 10.93it/s]Running loglikelihood requests:  92%|█████████▏| 91520/100012 [2:08:56<14:10,  9.99it/s]Running loglikelihood requests:  92%|█████████▏| 91520/100012 [2:08:56<14:10,  9.99it/s]Running loglikelihood requests:  92%|█████████▏| 91615/100012 [2:09:06<14:00,  9.99it/s]Running loglikelihood requests:  92%|█████████▏| 91615/100012 [2:09:06<14:00,  9.99it/s]Running loglikelihood requests:  93%|█████████▎| 92515/100012 [2:10:58<13:14,  9.43it/s]Running loglikelihood requests:  93%|█████████▎| 92515/100012 [2:10:58<13:14,  9.43it/s]Running loglikelihood requests:  93%|█████████▎| 92674/100012 [2:11:16<12:57,  9.43it/s]Running loglikelihood requests:  93%|█████████▎| 92674/100012 [2:11:16<12:57,  9.43it/s]Running loglikelihood requests:  93%|█████████▎| 93507/100012 [2:12:58<11:56,  9.08it/s]Running loglikelihood requests:  93%|█████████▎| 93507/100012 [2:12:58<11:56,  9.08it/s]Running loglikelihood requests:  94%|█████████▎| 93666/100012 [2:13:16<11:38,  9.08it/s]Running loglikelihood requests:  94%|█████████▎| 93666/100012 [2:13:16<11:38,  9.08it/s]Running loglikelihood requests:  95%|█████████▍| 94532/100012 [2:15:00<10:18,  8.87it/s]Running loglikelihood requests:  95%|█████████▍| 94532/100012 [2:15:00<10:18,  8.87it/s]Running loglikelihood requests:  95%|█████████▍| 94691/100012 [2:15:16<10:00,  8.87it/s]Running loglikelihood requests:  95%|█████████▍| 94691/100012 [2:15:16<10:00,  8.87it/s]Running loglikelihood requests:  96%|█████████▌| 95556/100012 [2:17:02<08:30,  8.73it/s]Running loglikelihood requests:  96%|█████████▌| 95556/100012 [2:17:02<08:30,  8.73it/s]Running loglikelihood requests:  96%|█████████▌| 95683/100012 [2:17:16<08:15,  8.73it/s]Running loglikelihood requests:  96%|█████████▌| 95683/100012 [2:17:16<08:15,  8.73it/s]Running loglikelihood requests:  97%|█████████▋| 96581/100012 [2:19:04<06:37,  8.64it/s]Running loglikelihood requests:  97%|█████████▋| 96581/100012 [2:19:04<06:37,  8.64it/s]Running loglikelihood requests:  97%|█████████▋| 96708/100012 [2:19:16<06:22,  8.64it/s]Running loglikelihood requests:  97%|█████████▋| 96708/100012 [2:19:16<06:22,  8.64it/s]Running loglikelihood requests:  98%|█████████▊| 97605/100012 [2:21:04<04:39,  8.60it/s]Running loglikelihood requests:  98%|█████████▊| 97605/100012 [2:21:04<04:39,  8.60it/s]Running loglikelihood requests:  98%|█████████▊| 97732/100012 [2:21:16<04:25,  8.60it/s]Running loglikelihood requests:  98%|█████████▊| 97732/100012 [2:21:16<04:25,  8.60it/s]Running loglikelihood requests:  99%|█████████▊| 98665/100012 [2:23:04<02:35,  8.67it/s]Running loglikelihood requests:  99%|█████████▊| 98665/100012 [2:23:04<02:35,  8.67it/s]Running loglikelihood requests:  99%|█████████▉| 98793/100012 [2:23:16<02:20,  8.67it/s]Running loglikelihood requests:  99%|█████████▉| 98793/100012 [2:23:16<02:20,  8.67it/s]Running loglikelihood requests: 100%|█████████▉| 99856/100012 [2:25:06<00:17,  9.01it/s]Running loglikelihood requests: 100%|█████████▉| 99856/100012 [2:25:06<00:17,  9.01it/s]Running loglikelihood requests: 100%|█████████▉| 99983/100012 [2:25:16<00:03,  9.01it/s]Running loglikelihood requests: 100%|█████████▉| 99983/100012 [2:25:16<00:03,  9.01it/s]Running loglikelihood requests: 100%|██████████| 100012/100012 [2:25:16<00:00, 11.47it/s]
Running loglikelihood requests: 100%|██████████| 100012/100012 [2:25:16<00:00, 11.47it/s]
2026-07-27:10:18:34 INFO     [loggers.evaluation_tracker:247] Saving results aggregated
2026-07-27:10:18:34 INFO     [loggers.evaluation_tracker:247] Saving results aggregated
2026-07-27:10:18:34 INFO     [loggers.evaluation_tracker:119] Saving per-task samples to /root/_work/1/s/auto_quant/output/runs/Tess-4-35B-A3B-AutoRound-W4A16-RTN/lm_eval_results/__root___work__1__s__auto_quant__output__runs__Tess-4-35B-A3B-AutoRound-W4A16-RTN__quantized_model/*.jsonl
2026-07-27:10:18:34 INFO     [loggers.evaluation_tracker:119] Saving per-task samples to /root/_work/1/s/auto_quant/output/runs/Tess-4-35B-A3B-AutoRound-W4A16-RTN/lm_eval_results/__root___work__1__s__auto_quant__output__runs__Tess-4-35B-A3B-AutoRound-W4A16-RTN__quantized_model/*.jsonl
hf ({'pretrained': '/root/_work/1/s/auto_quant/output/runs/Tess-4-35B-A3B-AutoRound-W4A16-RTN/quantized_model', 'dtype': 'bfloat16'}), gen_kwargs: ({}), limit: None, num_fewshot: None, batch_size: auto (32)
hf ({'pretrained': '/root/_work/1/s/auto_quant/output/runs/Tess-4-35B-A3B-AutoRound-W4A16-RTN/quantized_model', 'dtype': 'bfloat16'}), gen_kwargs: ({}), limit: None, num_fewshot: None, batch_size: auto (32)
|                 Tasks                 |Version|Filter|n-shot| Metric |   |Value |   |Stderr|
|---------------------------------------|------:|------|-----:|--------|---|-----:|---|-----:|
|mmlu                                   |      2|none  |      |acc     |   |0.8210|±  |0.0031|
| - humanities                          |      2|none  |     0|acc     |↑  |0.7566|±  |0.0060|
|  - formal_logic                       |      1|none  |     0|acc     |↑  |0.6825|±  |0.0416|
|  - high_school_european_history       |      1|none  |     0|acc     |↑  |0.8606|±  |0.0270|
|  - high_school_us_history             |      1|none  |     0|acc     |↑  |0.9069|±  |0.0204|
|  - high_school_world_history          |      1|none  |     0|acc     |↑  |0.9114|±  |0.0185|
|  - international_law                  |      1|none  |     0|acc     |↑  |0.9174|±  |0.0251|
|  - jurisprudence                      |      1|none  |     0|acc     |↑  |0.8796|±  |0.0315|
|  - logical_fallacies                  |      1|none  |     0|acc     |↑  |0.9141|±  |0.0220|
|  - moral_disputes                     |      1|none  |     0|acc     |↑  |0.8468|±  |0.0194|
|  - moral_scenarios                    |      1|none  |     0|acc     |↑  |0.5899|±  |0.0164|
|  - philosophy                         |      1|none  |     0|acc     |↑  |0.8650|±  |0.0194|
|  - prehistory                         |      1|none  |     0|acc     |↑  |0.9167|±  |0.0154|
|  - professional_law                   |      1|none  |     0|acc     |↑  |0.6741|±  |0.0120|
|  - world_religions                    |      1|none  |     0|acc     |↑  |0.9064|±  |0.0223|
| - other                               |      2|none  |     0|acc     |↑  |0.8565|±  |0.0059|
|  - business_ethics                    |      1|none  |     0|acc     |↑  |0.8400|±  |0.0368|
|  - clinical_knowledge                 |      1|none  |     0|acc     |↑  |0.8981|±  |0.0186|
|  - college_medicine                   |      1|none  |     0|acc     |↑  |0.8439|±  |0.0277|
|  - global_facts                       |      1|none  |     0|acc     |↑  |0.4900|±  |0.0502|
|  - human_aging                        |      1|none  |     0|acc     |↑  |0.8072|±  |0.0265|
|  - management                         |      1|none  |     0|acc     |↑  |0.9126|±  |0.0280|
|  - marketing                          |      1|none  |     0|acc     |↑  |0.9402|±  |0.0155|
|  - medical_genetics                   |      1|none  |     0|acc     |↑  |0.9300|±  |0.0256|
|  - miscellaneous                      |      1|none  |     0|acc     |↑  |0.9387|±  |0.0086|
|  - nutrition                          |      1|none  |     0|acc     |↑  |0.8889|±  |0.0180|
|  - professional_accounting            |      1|none  |     0|acc     |↑  |0.7128|±  |0.0270|
|  - professional_medicine              |      1|none  |     0|acc     |↑  |0.9301|±  |0.0155|
|  - virology                           |      1|none  |     0|acc     |↑  |0.5783|±  |0.0384|
| - social sciences                     |      2|none  |     0|acc     |↑  |0.9015|±  |0.0053|
|  - econometrics                       |      1|none  |     0|acc     |↑  |0.7982|±  |0.0378|
|  - high_school_geography              |      1|none  |     0|acc     |↑  |0.9242|±  |0.0189|
|  - high_school_government_and_politics|      1|none  |     0|acc     |↑  |0.9845|±  |0.0089|
|  - high_school_macroeconomics         |      1|none  |     0|acc     |↑  |0.8821|±  |0.0164|
|  - high_school_microeconomics         |      1|none  |     0|acc     |↑  |0.9580|±  |0.0130|
|  - high_school_psychology             |      1|none  |     0|acc     |↑  |0.9523|±  |0.0091|
|  - human_sexuality                    |      1|none  |     0|acc     |↑  |0.8855|±  |0.0279|
|  - professional_psychology            |      1|none  |     0|acc     |↑  |0.8758|±  |0.0133|
|  - public_relations                   |      1|none  |     0|acc     |↑  |0.7273|±  |0.0427|
|  - security_studies                   |      1|none  |     0|acc     |↑  |0.8408|±  |0.0234|
|  - sociology                          |      1|none  |     0|acc     |↑  |0.9303|±  |0.0180|
|  - us_foreign_policy                  |      1|none  |     0|acc     |↑  |0.9400|±  |0.0239|
| - stem                                |      2|none  |     0|acc     |↑  |0.8034|±  |0.0068|
|  - abstract_algebra                   |      1|none  |     0|acc     |↑  |0.5900|±  |0.0494|
|  - anatomy                            |      1|none  |     0|acc     |↑  |0.8519|±  |0.0307|
|  - astronomy                          |      1|none  |     0|acc     |↑  |0.9342|±  |0.0202|
|  - college_biology                    |      1|none  |     0|acc     |↑  |0.9444|±  |0.0192|
|  - college_chemistry                  |      1|none  |     0|acc     |↑  |0.6400|±  |0.0482|
|  - college_computer_science           |      1|none  |     0|acc     |↑  |0.7800|±  |0.0416|
|  - college_mathematics                |      1|none  |     0|acc     |↑  |0.6300|±  |0.0485|
|  - college_physics                    |      1|none  |     0|acc     |↑  |0.6078|±  |0.0486|
|  - computer_security                  |      1|none  |     0|acc     |↑  |0.8800|±  |0.0327|
|  - conceptual_physics                 |      1|none  |     0|acc     |↑  |0.9404|±  |0.0155|
|  - electrical_engineering             |      1|none  |     0|acc     |↑  |0.8276|±  |0.0315|
|  - elementary_mathematics             |      1|none  |     0|acc     |↑  |0.7857|±  |0.0211|
|  - high_school_biology                |      1|none  |     0|acc     |↑  |0.9484|±  |0.0126|
|  - high_school_chemistry              |      1|none  |     0|acc     |↑  |0.7980|±  |0.0282|
|  - high_school_computer_science       |      1|none  |     0|acc     |↑  |0.8800|±  |0.0327|
|  - high_school_mathematics            |      1|none  |     0|acc     |↑  |0.6074|±  |0.0298|
|  - high_school_physics                |      1|none  |     0|acc     |↑  |0.8013|±  |0.0326|
|  - high_school_statistics             |      1|none  |     0|acc     |↑  |0.7824|±  |0.0281|
|  - machine_learning                   |      1|none  |     0|acc     |↑  |0.8036|±  |0.0377|
|hellaswag                              |      1|none  |     0|acc     |↑  |0.6321|±  |0.0048|
|                                       |       |none  |     0|acc_norm|↑  |0.8311|±  |0.0037|
|piqa                                   |      1|none  |     0|acc     |↑  |0.8221|±  |0.0089|
|                                       |       |none  |     0|acc_norm|↑  |0.8248|±  |0.0089|

|                 Tasks                 |Version|Filter|n-shot| Metric |   |Value |   |Stderr|
|---------------------------------------|------:|------|-----:|--------|---|-----:|---|-----:|
|mmlu                                   |      2|none  |      |acc     |   |0.8210|±  |0.0031|
| - humanities                          |      2|none  |     0|acc     |↑  |0.7566|±  |0.0060|
|  - formal_logic                       |      1|none  |     0|acc     |↑  |0.6825|±  |0.0416|
|  - high_school_european_history       |      1|none  |     0|acc     |↑  |0.8606|±  |0.0270|
|  - high_school_us_history             |      1|none  |     0|acc     |↑  |0.9069|±  |0.0204|
|  - high_school_world_history          |      1|none  |     0|acc     |↑  |0.9114|±  |0.0185|
|  - international_law                  |      1|none  |     0|acc     |↑  |0.9174|±  |0.0251|
|  - jurisprudence                      |      1|none  |     0|acc     |↑  |0.8796|±  |0.0315|
|  - logical_fallacies                  |      1|none  |     0|acc     |↑  |0.9141|±  |0.0220|
|  - moral_disputes                     |      1|none  |     0|acc     |↑  |0.8468|±  |0.0194|
|  - moral_scenarios                    |      1|none  |     0|acc     |↑  |0.5899|±  |0.0164|
|  - philosophy                         |      1|none  |     0|acc     |↑  |0.8650|±  |0.0194|
|  - prehistory                         |      1|none  |     0|acc     |↑  |0.9167|±  |0.0154|
|  - professional_law                   |      1|none  |     0|acc     |↑  |0.6741|±  |0.0120|
|  - world_religions                    |      1|none  |     0|acc     |↑  |0.9064|±  |0.0223|
| - other                               |      2|none  |     0|acc     |↑  |0.8565|±  |0.0059|
|  - business_ethics                    |      1|none  |     0|acc     |↑  |0.8400|±  |0.0368|
|  - clinical_knowledge                 |      1|none  |     0|acc     |↑  |0.8981|±  |0.0186|
|  - college_medicine                   |      1|none  |     0|acc     |↑  |0.8439|±  |0.0277|
|  - global_facts                       |      1|none  |     0|acc     |↑  |0.4900|±  |0.0502|
|  - human_aging                        |      1|none  |     0|acc     |↑  |0.8072|±  |0.0265|
|  - management                         |      1|none  |     0|acc     |↑  |0.9126|±  |0.0280|
|  - marketing                          |      1|none  |     0|acc     |↑  |0.9402|±  |0.0155|
|  - medical_genetics                   |      1|none  |     0|acc     |↑  |0.9300|±  |0.0256|
|  - miscellaneous                      |      1|none  |     0|acc     |↑  |0.9387|±  |0.0086|
|  - nutrition                          |      1|none  |     0|acc     |↑  |0.8889|±  |0.0180|
|  - professional_accounting            |      1|none  |     0|acc     |↑  |0.7128|±  |0.0270|
|  - professional_medicine              |      1|none  |     0|acc     |↑  |0.9301|±  |0.0155|
|  - virology                           |      1|none  |     0|acc     |↑  |0.5783|±  |0.0384|
| - social sciences                     |      2|none  |     0|acc     |↑  |0.9015|±  |0.0053|
|  - econometrics                       |      1|none  |     0|acc     |↑  |0.7982|±  |0.0378|
|  - high_school_geography              |      1|none  |     0|acc     |↑  |0.9242|±  |0.0189|
|  - high_school_government_and_politics|      1|none  |     0|acc     |↑  |0.9845|±  |0.0089|
|  - high_school_macroeconomics         |      1|none  |     0|acc     |↑  |0.8821|±  |0.0164|
|  - high_school_microeconomics         |      1|none  |     0|acc     |↑  |0.9580|±  |0.0130|
|  - high_school_psychology             |      1|none  |     0|acc     |↑  |0.9523|±  |0.0091|
|  - human_sexuality                    |      1|none  |     0|acc     |↑  |0.8855|±  |0.0279|
|  - professional_psychology            |      1|none  |     0|acc     |↑  |0.8758|±  |0.0133|
|  - public_relations                   |      1|none  |     0|acc     |↑  |0.7273|±  |0.0427|
|  - security_studies                   |      1|none  |     0|acc     |↑  |0.8408|±  |0.0234|
|  - sociology                          |      1|none  |     0|acc     |↑  |0.9303|±  |0.0180|
|  - us_foreign_policy                  |      1|none  |     0|acc     |↑  |0.9400|±  |0.0239|
| - stem                                |      2|none  |     0|acc     |↑  |0.8034|±  |0.0068|
|  - abstract_algebra                   |      1|none  |     0|acc     |↑  |0.5900|±  |0.0494|
|  - anatomy                            |      1|none  |     0|acc     |↑  |0.8519|±  |0.0307|
|  - astronomy                          |      1|none  |     0|acc     |↑  |0.9342|±  |0.0202|
|  - college_biology                    |      1|none  |     0|acc     |↑  |0.9444|±  |0.0192|
|  - college_chemistry                  |      1|none  |     0|acc     |↑  |0.6400|±  |0.0482|
|  - college_computer_science           |      1|none  |     0|acc     |↑  |0.7800|±  |0.0416|
|  - college_mathematics                |      1|none  |     0|acc     |↑  |0.6300|±  |0.0485|
|  - college_physics                    |      1|none  |     0|acc     |↑  |0.6078|±  |0.0486|
|  - computer_security                  |      1|none  |     0|acc     |↑  |0.8800|±  |0.0327|
|  - conceptual_physics                 |      1|none  |     0|acc     |↑  |0.9404|±  |0.0155|
|  - electrical_engineering             |      1|none  |     0|acc     |↑  |0.8276|±  |0.0315|
|  - elementary_mathematics             |      1|none  |     0|acc     |↑  |0.7857|±  |0.0211|
|  - high_school_biology                |      1|none  |     0|acc     |↑  |0.9484|±  |0.0126|
|  - high_school_chemistry              |      1|none  |     0|acc     |↑  |0.7980|±  |0.0282|
|  - high_school_computer_science       |      1|none  |     0|acc     |↑  |0.8800|±  |0.0327|
|  - high_school_mathematics            |      1|none  |     0|acc     |↑  |0.6074|±  |0.0298|
|  - high_school_physics                |      1|none  |     0|acc     |↑  |0.8013|±  |0.0326|
|  - high_school_statistics             |      1|none  |     0|acc     |↑  |0.7824|±  |0.0281|
|  - machine_learning                   |      1|none  |     0|acc     |↑  |0.8036|±  |0.0377|
|hellaswag                              |      1|none  |     0|acc     |↑  |0.6321|±  |0.0048|
|                                       |       |none  |     0|acc_norm|↑  |0.8311|±  |0.0037|
|piqa                                   |      1|none  |     0|acc     |↑  |0.8221|±  |0.0089|
|                                       |       |none  |     0|acc_norm|↑  |0.8248|±  |0.0089|

|      Groups      |Version|Filter|n-shot|Metric|   |Value |   |Stderr|
|------------------|------:|------|-----:|------|---|-----:|---|-----:|
|mmlu              |      2|none  |      |acc   |   |0.8210|±  |0.0031|
| - humanities     |      2|none  |     0|acc   |↑  |0.7566|±  |0.0060|
| - other          |      2|none  |     0|acc   |↑  |0.8565|±  |0.0059|
| - social sciences|      2|none  |     0|acc   |↑  |0.9015|±  |0.0053|
| - stem           |      2|none  |     0|acc   |↑  |0.8034|±  |0.0068|

|      Groups      |Version|Filter|n-shot|Metric|   |Value |   |Stderr|
|------------------|------:|------|-----:|------|---|-----:|---|-----:|
|mmlu              |      2|none  |      |acc   |   |0.8210|±  |0.0031|
| - humanities     |      2|none  |     0|acc   |↑  |0.7566|±  |0.0060|
| - other          |      2|none  |     0|acc   |↑  |0.8565|±  |0.0059|
| - social sciences|      2|none  |     0|acc   |↑  |0.9015|±  |0.0053|
| - stem           |      2|none  |     0|acc   |↑  |0.8034|±  |0.0068|

[evaluate] Parsing evaluation results...
[evaluate] Parsing evaluation results...
[evaluate] accuracy.json written to /root/_work/1/s/auto_quant/output/runs/Tess-4-35B-A3B-AutoRound-W4A16-RTN/accuracy.json
[evaluate] Status: success
  piqa: 0.822089
  mmlu_abstract_algebra: 0.59
  mmlu_anatomy: 0.851852
  mmlu_astronomy: 0.934211
  mmlu_college_biology: 0.944444
  mmlu_college_chemistry: 0.64
  mmlu_college_computer_science: 0.78
  mmlu_college_mathematics: 0.63
  mmlu_college_physics: 0.607843
  mmlu_computer_security: 0.88
  mmlu_conceptual_physics: 0.940426
  mmlu_electrical_engineering: 0.827586
  mmlu_elementary_mathematics: 0.785714
  mmlu_high_school_biology: 0.948387
  mmlu_high_school_chemistry: 0.79803
  mmlu_high_school_computer_science: 0.88
  mmlu_high_school_mathematics: 0.607407
  mmlu_high_school_physics: 0.801325
  mmlu_high_school_statistics: 0.782407
  mmlu_machine_learning: 0.803571
  mmlu_business_ethics: 0.84
  mmlu_clinical_knowledge: 0.898113
  mmlu_college_medicine: 0.843931
  mmlu_global_facts: 0.49
  mmlu_human_aging: 0.807175
  mmlu_management: 0.912621
  mmlu_marketing: 0.940171
  mmlu_medical_genetics: 0.93
  mmlu_miscellaneous: 0.938697
  mmlu_nutrition: 0.888889
  mmlu_professional_accounting: 0.712766
  mmlu_professional_medicine: 0.930147
  mmlu_virology: 0.578313
  mmlu_econometrics: 0.798246
  mmlu_high_school_geography: 0.924242
  mmlu_high_school_government_and_politics: 0.984456
  mmlu_high_school_macroeconomics: 0.882051
  mmlu_high_school_microeconomics: 0.957983
  mmlu_high_school_psychology: 0.952294
  mmlu_human_sexuality: 0.885496
  mmlu_professional_psychology: 0.875817
  mmlu_public_relations: 0.727273
  mmlu_security_studies: 0.840816
  mmlu_sociology: 0.930348
  mmlu_us_foreign_policy: 0.94
  mmlu_formal_logic: 0.68254
  mmlu_high_school_european_history: 0.860606
  mmlu_high_school_us_history: 0.906863
  mmlu_high_school_world_history: 0.911392
  mmlu_international_law: 0.917355
  mmlu_jurisprudence: 0.87963
  mmlu_logical_fallacies: 0.91411
  mmlu_moral_disputes: 0.846821
  mmlu_moral_scenarios: 0.589944
  mmlu_philosophy: 0.864952
  mmlu_prehistory: 0.916667
  mmlu_professional_law: 0.674055
  mmlu_world_religions: 0.906433
  hellaswag: 0.632145
  mmlu_stem: 0.803362
  mmlu_other: 0.856453
  mmlu_social_sciences: 0.901527
  mmlu_humanities: 0.756642
  mmlu: 0.820966
[evaluate] accuracy.json written to /root/_work/1/s/auto_quant/output/runs/Tess-4-35B-A3B-AutoRound-W4A16-RTN/accuracy.json
[evaluate] Status: success
  piqa: 0.822089
  mmlu_abstract_algebra: 0.59
  mmlu_anatomy: 0.851852
  mmlu_astronomy: 0.934211
  mmlu_college_biology: 0.944444
  mmlu_college_chemistry: 0.64
  mmlu_college_computer_science: 0.78
  mmlu_college_mathematics: 0.63
  mmlu_college_physics: 0.607843
  mmlu_computer_security: 0.88
  mmlu_conceptual_physics: 0.940426
  mmlu_electrical_engineering: 0.827586
  mmlu_elementary_mathematics: 0.785714
  mmlu_high_school_biology: 0.948387
  mmlu_high_school_chemistry: 0.79803
  mmlu_high_school_computer_science: 0.88
  mmlu_high_school_mathematics: 0.607407
  mmlu_high_school_physics: 0.801325
  mmlu_high_school_statistics: 0.782407
  mmlu_machine_learning: 0.803571
  mmlu_business_ethics: 0.84
  mmlu_clinical_knowledge: 0.898113
  mmlu_college_medicine: 0.843931
  mmlu_global_facts: 0.49
  mmlu_human_aging: 0.807175
  mmlu_management: 0.912621
  mmlu_marketing: 0.940171
  mmlu_medical_genetics: 0.93
  mmlu_miscellaneous: 0.938697
  mmlu_nutrition: 0.888889
  mmlu_professional_accounting: 0.712766
  mmlu_professional_medicine: 0.930147
  mmlu_virology: 0.578313
  mmlu_econometrics: 0.798246
  mmlu_high_school_geography: 0.924242
  mmlu_high_school_government_and_politics: 0.984456
  mmlu_high_school_macroeconomics: 0.882051
  mmlu_high_school_microeconomics: 0.957983
  mmlu_high_school_psychology: 0.952294
  mmlu_human_sexuality: 0.885496
  mmlu_professional_psychology: 0.875817
  mmlu_public_relations: 0.727273
  mmlu_security_studies: 0.840816
  mmlu_sociology: 0.930348
  mmlu_us_foreign_policy: 0.94
  mmlu_formal_logic: 0.68254
  mmlu_high_school_european_history: 0.860606
  mmlu_high_school_us_history: 0.906863
  mmlu_high_school_world_history: 0.911392
  mmlu_international_law: 0.917355
  mmlu_jurisprudence: 0.87963
  mmlu_logical_fallacies: 0.91411
  mmlu_moral_disputes: 0.846821
  mmlu_moral_scenarios: 0.589944
  mmlu_philosophy: 0.864952
  mmlu_prehistory: 0.916667
  mmlu_professional_law: 0.674055
  mmlu_world_religions: 0.906433
  hellaswag: 0.632145
  mmlu_stem: 0.803362
  mmlu_other: 0.856453
  mmlu_social_sciences: 0.901527
  mmlu_humanities: 0.756642
  mmlu: 0.820966

=== Phase 3: DONE ===

=== Phase 3: DONE ===
[auto_v3] evaluate succeeded
[auto_v3] evaluate succeeded
[auto_v3] Pipeline completed successfully in 12014s
[auto_v3] Pipeline completed successfully in 12014s
[auto_v3] Collected 1 openclaw session(s)
[auto_v3] Collected 1 openclaw session(s)
[format_sessions] Wrote /root/_work/1/s/auto_quant/output/runs/Tess-4-35B-A3B-AutoRound-W4A16-RTN/session_fix_quantize_869_1785135568.md
[format_sessions] Wrote /root/_work/1/s/auto_quant/output/runs/Tess-4-35B-A3B-AutoRound-W4A16-RTN/session_fix_quantize_869_1785135568.md
[auto_v3] Generating run report...
[auto_v3] Generating run report...
[report] Written to: /root/_work/1/s/auto_quant/output/runs/Tess-4-35B-A3B-AutoRound-W4A16-RTN/run_report.md
[report] Written to: /root/_work/1/s/auto_quant/output/runs/Tess-4-35B-A3B-AutoRound-W4A16-RTN/run_report.md

═══════ Upload Results ═══════

[auto_v3] Uploading quantized model to HuggingFace Hub...

═══════ Upload Results ═══════

[auto_v3] Uploading quantized model to HuggingFace Hub...
[HF] Uploading model: Tess-4-35B-A3B-AutoRound-W4A16-RTN
[HF] Source path: /root/_work/1/s/auto_quant/output/runs/Tess-4-35B-A3B-AutoRound-W4A16-RTN/quantized_model
[HF] Estimated upload size: 19.50 GiB
[HF] Accounts available: 1
[HF] Uploading model: Tess-4-35B-A3B-AutoRound-W4A16-RTN
[HF] Source path: /root/_work/1/s/auto_quant/output/runs/Tess-4-35B-A3B-AutoRound-W4A16-RTN/quantized_model
[HF] Estimated upload size: 19.50 GiB
[HF] Accounts available: 1
[HF] Generated model card: /root/_work/1/s/auto_quant/output/runs/Tess-4-35B-A3B-AutoRound-W4A16-RTN/quantized_model/README.md
[HF] Generated model card: /root/_work/1/s/auto_quant/output/runs/Tess-4-35B-A3B-AutoRound-W4A16-RTN/quantized_model/README.md
[HF] Shared-ledger account ranking:
  - LeaderboardModel1 (LeaderboardModel1): used=1695.66 GiB, remaining=-695.66 GiB, reserve=19.50 GiB, after=-715.16 GiB, insufficient
  [HF] Trying upload to: LeaderboardModel1/Tess-4-35B-A3B-AutoRound-W4A16-RTN
[HF] Shared-ledger account ranking:
  - LeaderboardModel1 (LeaderboardModel1): used=1695.66 GiB, remaining=-695.66 GiB, reserve=19.50 GiB, after=-715.16 GiB, insufficient
  [HF] Trying upload to: LeaderboardModel1/Tess-4-35B-A3B-AutoRound-W4A16-RTN
  [HF] Repo ready: LeaderboardModel1/Tess-4-35B-A3B-AutoRound-W4A16-RTN
  [HF] Repo ready: LeaderboardModel1/Tess-4-35B-A3B-AutoRound-W4A16-RTN
  [HF] Upload successful: https://huggingface.co/LeaderboardModel1/Tess-4-35B-A3B-AutoRound-W4A16-RTN
  [HF] Upload successful: https://huggingface.co/LeaderboardModel1/Tess-4-35B-A3B-AutoRound-W4A16-RTN
[HF] Updated /root/_work/1/s/auto_quant/output/runs/Tess-4-35B-A3B-AutoRound-W4A16-RTN/quant_summary.json with upload metadata
REPO_URL=https://huggingface.co/LeaderboardModel1/Tess-4-35B-A3B-AutoRound-W4A16-RTN
[HF] Updated /root/_work/1/s/auto_quant/output/runs/Tess-4-35B-A3B-AutoRound-W4A16-RTN/quant_summary.json with upload metadata
REPO_URL=https://huggingface.co/LeaderboardModel1/Tess-4-35B-A3B-AutoRound-W4A16-RTN
[auto_v3] Uploading results to lb_eval GitHub...
[auto_v3] Uploading results to lb_eval GitHub...
[github-upload] Removing stale non-git directory: /root/_work/1/s/auto_quant/lb_eval
[github-upload] Cloning repo into: /root/_work/1/s/auto_quant/lb_eval
[github-upload] Removing stale non-git directory: /root/_work/1/s/auto_quant/lb_eval
[github-upload] Cloning repo into: /root/_work/1/s/auto_quant/lb_eval
[github-upload] repo dir: /root/_work/1/s/auto_quant/lb_eval
[github-upload] model id: Don-oz/Tess-4-35B-A3B
[github-upload] artifact name: Tess-4-35B-A3B-AutoRound-W4A16-RTN
[github-upload] result org: Don-oz
[github-upload] branch: main
[github-upload] repo dir: /root/_work/1/s/auto_quant/lb_eval
[github-upload] model id: Don-oz/Tess-4-35B-A3B
[github-upload] artifact name: Tess-4-35B-A3B-AutoRound-W4A16-RTN
[github-upload] result org: Don-oz
[github-upload] branch: main
[github-upload] git user: lkk12014402 <kaokao.lv@intel.com>
[github-upload] git user: lkk12014402 <kaokao.lv@intel.com>
[github-upload] Derived pipeline status: Finished
[github-upload] Derived pipeline status: Finished
