{
  "alias": "  - high_school_chemistry",
  "acc,none": 0.1724137931034483,
  "acc_stderr,none": 0.026577672183036617
}