{
  "alias": "  - high_school_us_history",
  "acc,none": 0.25980392156862747,
  "acc_stderr,none": 0.030778554678693247
}