{
  "alias": "  - high_school_european_history",
  "acc,none": 0.21818181818181817,
  "acc_stderr,none": 0.032250781083062896
}