{
  "alias": "  - security_studies",
  "acc,none": 0.18775510204081633,
  "acc_stderr,none": 0.025000256039546167
}