{
  "alias": "  - high_school_world_history",
  "acc,none": 0.26582278481012656,
  "acc_stderr,none": 0.02875679962965839
}