[auto_v3] HF cache: HuggingFace default (~/.cache/huggingface)

═══════ Pipeline: XiaomiMiMo/MiMo-V2.5-Pro | W4A16/RTN/auto_round ═══════


═══════ Pipeline: XiaomiMiMo/MiMo-V2.5-Pro | W4A16/RTN/auto_round ═══════


═══════ Phase: setup_env ═══════


═══════ Phase: setup_env ═══════

=== Phase 1: Environment Setup ===
  AUTO_ROUND_REF=latest
  TRANSFORMERS_REF=auto
  EXPORT_FORMAT=auto_round
  EVAL_BACKEND=hf
=== Phase 1: Environment Setup ===
  AUTO_ROUND_REF=latest
  TRANSFORMERS_REF=auto
  EXPORT_FORMAT=auto_round
  EVAL_BACKEND=hf
[setup_env] Installing: auto-round
[setup_env] Installing: auto-round
 + triton==3.7.1
 + typer==0.27.0
 + urllib3==2.7.0
 + xxhash==3.8.1
 + yarl==1.24.5
 + triton==3.7.1
 + typer==0.27.0
 + urllib3==2.7.0
 + xxhash==3.8.1
 + yarl==1.24.5
 + threadpoolctl==3.6.0
 + typepy==1.3.5
 + word2number==1.1
 + threadpoolctl==3.6.0
 + typepy==1.3.5
 + word2number==1.1
 + hf-transfer==0.1.9
 + loguru==0.7.3
 + sentencepiece==0.2.2
 + hf-transfer==0.1.9
 + loguru==0.7.3
 + sentencepiece==0.2.2
[setup_env] Checking torch/CUDA driver compatibility...
[setup_env] Checking torch/CUDA driver compatibility...
/root/.venv/lib/python3.12/site-packages/torch/cuda/__init__.py:188: UserWarning: CUDA initialization: The NVIDIA driver on your system is too old (found version 12080). Please update your GPU driver by downloading and installing a new version from the URL: http://www.nvidia.com/Download/index.aspx Alternatively, go to: https://pytorch.org to install a PyTorch version that has been compiled with your version of the CUDA driver. (Triggered internally at /__w/pytorch/pytorch/c10/cuda/CUDAFunctions.cpp:119.)
  return torch._C._cuda_getDeviceCount() > 0
/root/.venv/lib/python3.12/site-packages/torch/cuda/__init__.py:188: UserWarning: CUDA initialization: The NVIDIA driver on your system is too old (found version 12080). Please update your GPU driver by downloading and installing a new version from the URL: http://www.nvidia.com/Download/index.aspx Alternatively, go to: https://pytorch.org to install a PyTorch version that has been compiled with your version of the CUDA driver. (Triggered internally at /__w/pytorch/pytorch/c10/cuda/CUDAFunctions.cpp:119.)
  return torch._C._cuda_getDeviceCount() > 0
[setup_env] NVIDIA driver: 570.195.03
[setup_env] NVIDIA driver: 570.195.03
[setup_env] Driver supports CUDA: 12.8
[setup_env] torch 2.13.0+cu130 CUDA mismatch with driver (CUDA 12.8)
[setup_env] Reinstalling torch with cu128 from https://download.pytorch.org/whl/cu128...
[setup_env] Driver supports CUDA: 12.8
[setup_env] torch 2.13.0+cu130 CUDA mismatch with driver (CUDA 12.8)
[setup_env] Reinstalling torch with cu128 from https://download.pytorch.org/whl/cu128...
Using Python 3.12.13 environment at: /root/.venv
Using Python 3.12.13 environment at: /root/.venv
Resolved 33 packages in 1.03s
Resolved 33 packages in 1.03s
Downloading networkx (2.0MiB)
Downloading networkx (2.0MiB)
Downloading sympy (6.0MiB)
Downloading sympy (6.0MiB)
Downloading numpy (15.9MiB)
Downloading numpy (15.9MiB)
Downloading nvidia-curand-cu12 (60.7MiB)
Downloading nvidia-curand-cu12 (60.7MiB)
Downloading nvidia-nccl-cu12 (283.0MiB)
Downloading nvidia-nccl-cu12 (283.0MiB)
Downloading nvidia-cuda-nvrtc-cu12 (84.0MiB)
Downloading nvidia-cuda-nvrtc-cu12 (84.0MiB)
Downloading pillow (6.8MiB)
Downloading pillow (6.8MiB)
Downloading setuptools (1.2MiB)
Downloading setuptools (1.2MiB)
Downloading cuda-bindings (11.6MiB)
Downloading cuda-bindings (11.6MiB)
Downloading nvidia-cusparse-cu12 (274.9MiB)
Downloading nvidia-cusparse-cu12 (274.9MiB)
Downloading torchvision (7.7MiB)
Downloading torchvision (7.7MiB)
Downloading triton (179.6MiB)
Downloading torchaudio (1.6MiB)
Downloading triton (179.6MiB)
Downloading torchaudio (1.6MiB)
Downloading torch (782.3MiB)
Downloading torch (782.3MiB)
Downloading nvidia-cublas-cu12 (566.8MiB)
Downloading nvidia-cublas-cu12 (566.8MiB)
Downloading nvidia-cufile-cu12 (1.1MiB)
Downloading nvidia-cufile-cu12 (1.1MiB)
Downloading nvidia-cusparselt-cu12 (273.9MiB)
Downloading nvidia-nvjitlink-cu12 (37.4MiB)
Downloading nvidia-cusparselt-cu12 (273.9MiB)
Downloading nvidia-nvjitlink-cu12 (37.4MiB)
Downloading nvidia-cudnn-cu12 (627.4MiB)
Downloading nvidia-cudnn-cu12 (627.4MiB)
Downloading nvidia-cufft-cu12 (184.2MiB)
Downloading nvidia-nvshmem-cu12 (132.7MiB)
Downloading nvidia-cufft-cu12 (184.2MiB)
Downloading nvidia-nvshmem-cu12 (132.7MiB)
Downloading nvidia-cuda-cupti-cu12 (9.8MiB)
Downloading nvidia-cuda-cupti-cu12 (9.8MiB)
Downloading nvidia-cusolver-cu12 (255.1MiB)
Downloading nvidia-cusolver-cu12 (255.1MiB)
 Downloaded nvidia-cufile-cu12
 Downloaded nvidia-cufile-cu12
 Downloaded torchaudio
 Downloaded torchaudio
 Downloaded nvidia-cuda-cupti-cu12
 Downloaded nvidia-cuda-cupti-cu12
 Downloaded cuda-bindings
 Downloaded cuda-bindings
 Downloaded torchvision
 Downloaded torchvision
 Downloaded pillow
 Downloaded pillow
 Downloaded nvidia-cuda-nvrtc-cu12
 Downloaded nvidia-cuda-nvrtc-cu12
 Downloaded nvidia-nvjitlink-cu12
 Downloaded nvidia-nvjitlink-cu12
 Downloaded setuptools
 Downloaded setuptools
 Downloaded networkx
 Downloaded networkx
 Downloaded nvidia-nccl-cu12
 Downloaded nvidia-nccl-cu12
 Downloaded nvidia-curand-cu12
 Downloaded nvidia-curand-cu12
 Downloaded triton
 Downloaded triton
 Downloaded nvidia-cusparse-cu12
 Downloaded nvidia-cusparse-cu12
 Downloaded numpy
 Downloaded numpy
 Downloaded nvidia-nvshmem-cu12
 Downloaded nvidia-nvshmem-cu12
 Downloaded nvidia-cublas-cu12
 Downloaded nvidia-cublas-cu12
 Downloaded nvidia-cusparselt-cu12
 Downloaded nvidia-cusparselt-cu12
 Downloaded nvidia-cufft-cu12
 Downloaded nvidia-cufft-cu12
 Downloaded nvidia-cusolver-cu12
 Downloaded nvidia-cusolver-cu12
 Downloaded sympy
 Downloaded sympy
 Downloaded nvidia-cudnn-cu12
 Downloaded nvidia-cudnn-cu12
 Downloaded torch
 Downloaded torch
Prepared 33 packages in 48.90s
Prepared 33 packages in 48.90s
Uninstalled 15 packages in 1.66s
Uninstalled 15 packages in 1.66s
Installed 33 packages in 11.75s
 - cuda-bindings==13.3.1
 Installed 33 packages in 11.75s
 - cuda-bindings==13.3.1
 + cuda-bindings==12.9.4
 - cuda-pathfinder==1.6.0
 + cuda-pathfinder==1.2.2
 - cuda-toolkit+ cuda-bindings==12.9.4
 - cuda-pathfinder==1.6.0
 + cuda-pathfinder==1.2.2
 - cuda-toolkit==13==13.0..0.3.3.0
 0
 + cuda-toolkit==12.8.1
 - filelock==3+ cuda-toolkit==12.8.1
 - filelock.32.2==3.32.2
 
 + + filelock==filelock3==3..2929.0.0
 
 - fsspec==2026.6.0
 + fsspec==2026.4.0
 - fsspec==2026.6.0
 + fsspec==2026.4.0~ 
 ~ jinja2==3.jinja2==3.1.1.66
 
 ~ markupsafe~ markupsafe==3==3..00.3.3
 
 ~ mpmath~ mpmath==1==1.3.3.0.0
 
 ~ ~ networkxnetworkx==3==3.6.6.1.1
 
 -- numpy numpy==2==2.5.5..11
 
 ++ numpy numpy==2==2.4..4.44
 
 ++  nvidia-cublas-cu12nvidia-cublas-cu12==12==12..88.4..41.1
 
 ++  nvidia-cuda-cupti-cu12nvidia-cuda-cupti-cu12==12==12.8.8.90.90
 
 ++  nvidia-cuda-nvrtc-cu12nvidia-cuda-nvrtc-cu12==12.==12.8.93
 8.93
 + + nvidia-cuda-runtime-cu12==12nvidia-cuda-runtime-cu12==12.8.8..9090
 
 ++ nvidia-cudnn-cu12 nvidia-cudnn-cu12==9==9.19..19.00..5656
 
 ++  nvidia-cufft-cu12nvidia-cufft-cu12==11.3.3==11.3..3.8383
 
 ++  nvidia-cufile-cu12nvidia-cufile-cu12==1.13==1.13.1.1.3.3
 
 ++  nvidia-curand-cu12nvidia-curand-cu12==10==10.3.3.9.9.90.90
 
 ++ nvidia-cusolver-cu12 nvidia-cusolver-cu12==11==11.7.3..7.3.9090

  ++ nvidia-cusparse-cu12 nvidia-cusparse-cu12==12==12.5.5.8.8.93.93
 
 ++  nvidia-cusparselt-cu12nvidia-cusparselt-cu12==0==0.7..71.1
 
 ++ nvidia-nccl-cu12 nvidia-nccl-cu12==2==2.28.28.9.9
 
 ++  nvidia-nvjitlink-cu12nvidia-nvjitlink-cu12==12==12.8.8.93.93
 
 ++  nvidia-nvshmem-cu12nvidia-nvshmem-cu12==3==3.4.4.5.5
 
 ++ nvidia-nvtx-cu12 nvidia-nvtx-cu12==12==12.8.8.90.90
 
 ++  pillowpillow==12==12.2..20.0
 
 --  setuptoolssetuptools==83==83.0.0..00
 
 ++ setuptools setuptools==78==78.1.1.0.0
 
 ~~  sympysympy==1==1.14..14.00
 
 --  torchtorch==2==2.13.13.0.0
 
 ++ torch torch==2==2.11..11.0+0+cu128cu128
 
 ++  torchaudiotorchaudio==2.==2.11.011.0+cu128+cu128
 
 ++  torchvisiontorchvision==0==0.26.26.0+.0+cu128
cu128
  - - tritontriton==3==3.7..7.11
 
 ++  tritontriton==3==3.6.6.0.0
 
 -- typing-extensions typing-extensions==4==4.16..16.00
 
 ++ typing-extensions typing-extensions==4==.154.15.0.0

[setup_env] After reinstall: torch=2.11.0+cu128, cuda=True
[setup_env] After reinstall: torch=2.11.0+cu128, cuda=True
[setup_env] Running pre-flight dependency check for XiaomiMiMo/MiMo-V2.5-Pro...
[setup_env] Running pre-flight dependency check for XiaomiMiMo/MiMo-V2.5-Pro...
12:07:30 [preflight] Pre-flight check for: XiaomiMiMo/MiMo-V2.5-Pro
12:07:30 [preflight] Pre-flight check for: XiaomiMiMo/MiMo-V2.5-Pro
12:07:30 [preflight] HTTP Request: GET https://huggingface.co/api/agent-harnesses "HTTP/1.1 200 OK"
12:07:30 [preflight] HTTP Request: GET https://huggingface.co/api/agent-harnesses "HTTP/1.1 200 OK"
12:07:31 [preflight] HTTP Request: HEAD https://huggingface.co/XiaomiMiMo/MiMo-V2.5-Pro/resolve/main/config.json "HTTP/1.1 307 Temporary Redirect"
12:07:31 [preflight] HTTP Request: HEAD https://huggingface.co/XiaomiMiMo/MiMo-V2.5-Pro/resolve/main/config.json "HTTP/1.1 307 Temporary Redirect"
12:07:31 [preflight] HTTP Request: HEAD https://huggingface.co/api/resolve-cache/models/XiaomiMiMo/MiMo-V2.5-Pro/21d1ecfecd7bd70f31be25ca49d7edd21f003659/config.json "HTTP/1.1 200 OK"
12:07:31 [preflight] HTTP Request: HEAD https://huggingface.co/api/resolve-cache/models/XiaomiMiMo/MiMo-V2.5-Pro/21d1ecfecd7bd70f31be25ca49d7edd21f003659/config.json "HTTP/1.1 200 OK"
12:07:31 [preflight] HTTP Request: GET https://huggingface.co/api/resolve-cache/models/XiaomiMiMo/MiMo-V2.5-Pro/21d1ecfecd7bd70f31be25ca49d7edd21f003659/config.json "HTTP/1.1 200 OK"
12:07:31 [preflight] HTTP Request: GET https://huggingface.co/api/resolve-cache/models/XiaomiMiMo/MiMo-V2.5-Pro/21d1ecfecd7bd70f31be25ca49d7edd21f003659/config.json "HTTP/1.1 200 OK"
12:07:31 [preflight]   model_type: mimo_v2
12:07:31 [preflight]   auto_map: yes
12:07:31 [preflight]   transformers_version: 4.57.1
12:07:31 [preflight]   model_type: mimo_v2
12:07:31 [preflight]   auto_map: yes
12:07:31 [preflight]   transformers_version: 4.57.1
12:07:33 [preflight] HTTP Request: HEAD https://huggingface.co/XiaomiMiMo/MiMo-V2.5-Pro/resolve/main/requirements.txt "HTTP/1.1 404 Not Found"
12:07:33 [preflight] HTTP Request: HEAD https://huggingface.co/XiaomiMiMo/MiMo-V2.5-Pro/resolve/main/requirements.txt "HTTP/1.1 404 Not Found"
12:07:35 [preflight] HTTP Request: HEAD https://huggingface.co/XiaomiMiMo/MiMo-V2.5-Pro/resolve/main/config.json "HTTP/1.1 307 Temporary Redirect"
12:07:35 [preflight] HTTP Request: HEAD https://huggingface.co/XiaomiMiMo/MiMo-V2.5-Pro/resolve/main/config.json "HTTP/1.1 307 Temporary Redirect"
12:07:35 [preflight] HTTP Request: HEAD https://huggingface.co/api/resolve-cache/models/XiaomiMiMo/MiMo-V2.5-Pro/21d1ecfecd7bd70f31be25ca49d7edd21f003659/config.json "HTTP/1.1 200 OK"
12:07:35 [preflight] HTTP Request: HEAD https://huggingface.co/api/resolve-cache/models/XiaomiMiMo/MiMo-V2.5-Pro/21d1ecfecd7bd70f31be25ca49d7edd21f003659/config.json "HTTP/1.1 200 OK"
12:07:35 [preflight] HTTP Request: HEAD https://huggingface.co/XiaomiMiMo/MiMo-V2.5-Pro/resolve/main/configuration_mimo_v2.py "HTTP/1.1 307 Temporary Redirect"
12:07:35 [preflight] HTTP Request: HEAD https://huggingface.co/XiaomiMiMo/MiMo-V2.5-Pro/resolve/main/configuration_mimo_v2.py "HTTP/1.1 307 Temporary Redirect"
12:07:35 [preflight] HTTP Request: HEAD https://huggingface.co/api/resolve-cache/models/XiaomiMiMo/MiMo-V2.5-Pro/21d1ecfecd7bd70f31be25ca49d7edd21f003659/configuration_mimo_v2.py "HTTP/1.1 200 OK"
12:07:35 [preflight] HTTP Request: HEAD https://huggingface.co/api/resolve-cache/models/XiaomiMiMo/MiMo-V2.5-Pro/21d1ecfecd7bd70f31be25ca49d7edd21f003659/configuration_mimo_v2.py "HTTP/1.1 200 OK"
12:07:35 [preflight] HTTP Request: GET https://huggingface.co/api/resolve-cache/models/XiaomiMiMo/MiMo-V2.5-Pro/21d1ecfecd7bd70f31be25ca49d7edd21f003659/configuration_mimo_v2.py "HTTP/1.1 200 OK"
12:07:35 [preflight] HTTP Request: GET https://huggingface.co/api/resolve-cache/models/XiaomiMiMo/MiMo-V2.5-Pro/21d1ecfecd7bd70f31be25ca49d7edd21f003659/configuration_mimo_v2.py "HTTP/1.1 200 OK"
[transformers] A new version of the following files was downloaded from https://huggingface.co/XiaomiMiMo/MiMo-V2.5-Pro:
- configuration_mimo_v2.py
. Make sure to double-check they do not contain any added malicious code. To avoid downloading new versions of the code file, you can pin a revision.
[transformers] A new version of the following files was downloaded from https://huggingface.co/XiaomiMiMo/MiMo-V2.5-Pro:
- configuration_mimo_v2.py
. Make sure to double-check they do not contain any added malicious code. To avoid downloading new versions of the code file, you can pin a revision.
12:07:35 [preflight] HTTP Request: HEAD https://huggingface.co/XiaomiMiMo/MiMo-V2.5-Pro/resolve/main/config.json "HTTP/1.1 307 Temporary Redirect"
12:07:35 [preflight] HTTP Request: HEAD https://huggingface.co/XiaomiMiMo/MiMo-V2.5-Pro/resolve/main/config.json "HTTP/1.1 307 Temporary Redirect"
12:07:35 [preflight] HTTP Request: HEAD https://huggingface.co/api/resolve-cache/models/XiaomiMiMo/MiMo-V2.5-Pro/21d1ecfecd7bd70f31be25ca49d7edd21f003659/config.json "HTTP/1.1 200 OK"
12:07:35 [preflight] HTTP Request: HEAD https://huggingface.co/api/resolve-cache/models/XiaomiMiMo/MiMo-V2.5-Pro/21d1ecfecd7bd70f31be25ca49d7edd21f003659/config.json "HTTP/1.1 200 OK"
/root/.venv/lib/python3.12/site-packages/transformers/modeling_rope_utils.py:1036: FutureWarning: `rope_config_validation` is deprecated and has been removed. Its functionality has been moved to RotaryEmbeddingConfigMixin.validate_rope method. PreTrainedConfig inherits this class, so please call self.validate_rope() instead. Also, make sure to use the new rope_parameters syntax. You can call self.standardize_rope_params() in the meantime.
  warnings.warn(
/root/.venv/lib/python3.12/site-packages/transformers/modeling_rope_utils.py:1036: FutureWarning: `rope_config_validation` is deprecated and has been removed. Its functionality has been moved to RotaryEmbeddingConfigMixin.validate_rope method. PreTrainedConfig inherits this class, so please call self.validate_rope() instead. Also, make sure to use the new rope_parameters syntax. You can call self.standardize_rope_params() in the meantime.
  warnings.warn(
12:07:35 [preflight]   ✓ All dependencies satisfied
12:07:35 [preflight]   ✓ All dependencies satisfied

[setup_env] Verification:

[setup_env] Verification:
  torch=2.11.0+cu128, cuda=True
  torch=2.11.0+cu128, cuda=True
  auto_round=0.14.2
  transformers=5.14.1
  auto_round=0.14.2
  transformers=5.14.1
  lm_eval=0.4.12
  lm_eval=0.4.12

=== Phase 1: DONE ===

=== Phase 1: DONE ===
[auto_v3] setup_env succeeded
[auto_v3] setup_env succeeded
[auto_v3] CUDA available at start — GPU will be enforced across fix attempts
[auto_v3] CUDA available at start — GPU will be enforced across fix attempts

═══════ Phase: quantize ═══════


═══════ Phase: quantize ═══════

=== Phase 2: Quantization ===
  model=XiaomiMiMo/MiMo-V2.5-Pro
  scheme=W4A16
  iters=0
  export_format=auto_round
  model_free=false
=== Phase 2: Quantization ===
  ignore_layers=<default>
  model=XiaomiMiMo/MiMo-V2.5-Pro
  scheme=W4A16
  iters=0
  export_format=auto_round
  model_free=false
  ignore_layers=<default>
  layer_config=<none>
  layer_config=<none>
  output_dir=/root/_work/1/s/auto_quant/output/runs/MiMo-V2.5-Pro-AutoRound-W4A16-RTN/quantized_model
  output_dir=/root/_work/1/s/auto_quant/output/runs/MiMo-V2.5-Pro-AutoRound-W4A16-RTN/quantized_model
12:08:03 [INFO] Quantization compute device: cuda:0 (device_map=0)
12:08:03 [INFO] Quantization compute device: cuda:0 (device_map=0)
12:08:03 [INFO] GPU0 free VRAM: 139.3GB / 139.8GB (min required: 2.0GB)
12:08:03 [INFO] Model: XiaomiMiMo/MiMo-V2.5-Pro
12:08:03 [INFO] Scheme: W4A16 → AutoRound scheme='W4A16'
12:08:03 [INFO] Iters: 0 (RTN)
12:08:03 [INFO] Export format: auto_round
12:08:03 [INFO] Output: /root/_work/1/s/auto_quant/output/runs/MiMo-V2.5-Pro-AutoRound-W4A16-RTN/quantized_model
12:08:03 [INFO] Device map: auto → effective: 0
12:08:03 [INFO] Loading tokenizer...
12:08:03 [INFO] GPU0 free VRAM: 139.3GB / 139.8GB (min required: 2.0GB)
12:08:03 [INFO] Model: XiaomiMiMo/MiMo-V2.5-Pro
12:08:03 [INFO] Scheme: W4A16 → AutoRound scheme='W4A16'
12:08:03 [INFO] Iters: 0 (RTN)
12:08:03 [INFO] Export format: auto_round
12:08:03 [INFO] Output: /root/_work/1/s/auto_quant/output/runs/MiMo-V2.5-Pro-AutoRound-W4A16-RTN/quantized_model
12:08:03 [INFO] Device map: auto → effective: 0
12:08:03 [INFO] Loading tokenizer...
12:08:03 [INFO] HTTP Request: HEAD https://huggingface.co/XiaomiMiMo/MiMo-V2.5-Pro/resolve/main/config.json "HTTP/1.1 307 Temporary Redirect"
12:08:03 [INFO] HTTP Request: HEAD https://huggingface.co/XiaomiMiMo/MiMo-V2.5-Pro/resolve/main/config.json "HTTP/1.1 307 Temporary Redirect"
12:08:03 [INFO] HTTP Request: HEAD https://huggingface.co/api/resolve-cache/models/XiaomiMiMo/MiMo-V2.5-Pro/21d1ecfecd7bd70f31be25ca49d7edd21f003659/config.json "HTTP/1.1 200 OK"
12:08:03 [INFO] HTTP Request: HEAD https://huggingface.co/api/resolve-cache/models/XiaomiMiMo/MiMo-V2.5-Pro/21d1ecfecd7bd70f31be25ca49d7edd21f003659/config.json "HTTP/1.1 200 OK"
12:08:03 [INFO] HTTP Request: HEAD https://huggingface.co/XiaomiMiMo/MiMo-V2.5-Pro/resolve/main/configuration_mimo_v2.py "HTTP/1.1 307 Temporary Redirect"
12:08:03 [INFO] HTTP Request: HEAD https://huggingface.co/XiaomiMiMo/MiMo-V2.5-Pro/resolve/main/configuration_mimo_v2.py "HTTP/1.1 307 Temporary Redirect"
12:08:03 [INFO] HTTP Request: HEAD https://huggingface.co/api/resolve-cache/models/XiaomiMiMo/MiMo-V2.5-Pro/21d1ecfecd7bd70f31be25ca49d7edd21f003659/configuration_mimo_v2.py "HTTP/1.1 200 OK"
12:08:03 [INFO] HTTP Request: HEAD https://huggingface.co/api/resolve-cache/models/XiaomiMiMo/MiMo-V2.5-Pro/21d1ecfecd7bd70f31be25ca49d7edd21f003659/configuration_mimo_v2.py "HTTP/1.1 200 OK"
12:08:03 [INFO] HTTP Request: HEAD https://huggingface.co/XiaomiMiMo/MiMo-V2.5-Pro/resolve/main/config.json "HTTP/1.1 307 Temporary Redirect"
12:08:03 [INFO] HTTP Request: HEAD https://huggingface.co/XiaomiMiMo/MiMo-V2.5-Pro/resolve/main/config.json "HTTP/1.1 307 Temporary Redirect"
12:08:03 [INFO] HTTP Request: HEAD https://huggingface.co/api/resolve-cache/models/XiaomiMiMo/MiMo-V2.5-Pro/21d1ecfecd7bd70f31be25ca49d7edd21f003659/config.json "HTTP/1.1 200 OK"
12:08:03 [INFO] HTTP Request: HEAD https://huggingface.co/api/resolve-cache/models/XiaomiMiMo/MiMo-V2.5-Pro/21d1ecfecd7bd70f31be25ca49d7edd21f003659/config.json "HTTP/1.1 200 OK"
/root/.venv/lib/python3.12/site-packages/transformers/modeling_rope_utils.py:1036: FutureWarning: `rope_config_validation` is deprecated and has been removed. Its functionality has been moved to RotaryEmbeddingConfigMixin.validate_rope method. PreTrainedConfig inherits this class, so please call self.validate_rope() instead. Also, make sure to use the new rope_parameters syntax. You can call self.standardize_rope_params() in the meantime.
  warnings.warn(
/root/.venv/lib/python3.12/site-packages/transformers/modeling_rope_utils.py:1036: FutureWarning: `rope_config_validation` is deprecated and has been removed. Its functionality has been moved to RotaryEmbeddingConfigMixin.validate_rope method. PreTrainedConfig inherits this class, so please call self.validate_rope() instead. Also, make sure to use the new rope_parameters syntax. You can call self.standardize_rope_params() in the meantime.
  warnings.warn(
12:08:03 [INFO] HTTP Request: HEAD https://huggingface.co/XiaomiMiMo/MiMo-V2.5-Pro/resolve/main/tokenizer_config.json "HTTP/1.1 307 Temporary Redirect"
12:08:03 [INFO] HTTP Request: HEAD https://huggingface.co/XiaomiMiMo/MiMo-V2.5-Pro/resolve/main/tokenizer_config.json "HTTP/1.1 307 Temporary Redirect"
12:08:04 [INFO] HTTP Request: HEAD https://huggingface.co/api/resolve-cache/models/XiaomiMiMo/MiMo-V2.5-Pro/21d1ecfecd7bd70f31be25ca49d7edd21f003659/tokenizer_config.json "HTTP/1.1 200 OK"
12:08:04 [INFO] HTTP Request: HEAD https://huggingface.co/api/resolve-cache/models/XiaomiMiMo/MiMo-V2.5-Pro/21d1ecfecd7bd70f31be25ca49d7edd21f003659/tokenizer_config.json "HTTP/1.1 200 OK"
12:08:04 [INFO] HTTP Request: GET https://huggingface.co/api/resolve-cache/models/XiaomiMiMo/MiMo-V2.5-Pro/21d1ecfecd7bd70f31be25ca49d7edd21f003659/tokenizer_config.json "HTTP/1.1 200 OK"
12:08:04 [INFO] HTTP Request: GET https://huggingface.co/api/resolve-cache/models/XiaomiMiMo/MiMo-V2.5-Pro/21d1ecfecd7bd70f31be25ca49d7edd21f003659/tokenizer_config.json "HTTP/1.1 200 OK"
12:08:04 [INFO] HTTP Request: GET https://huggingface.co/api/models/XiaomiMiMo/MiMo-V2.5-Pro/tree/main/additional_chat_templates?recursive=false&expand=false "HTTP/1.1 404 Not Found"
12:08:04 [INFO] HTTP Request: GET https://huggingface.co/api/models/XiaomiMiMo/MiMo-V2.5-Pro/tree/main/additional_chat_templates?recursive=false&expand=false "HTTP/1.1 404 Not Found"
12:08:04 [INFO] HTTP Request: GET https://huggingface.co/api/models/XiaomiMiMo/MiMo-V2.5-Pro/tree/main?recursive=true&expand=false "HTTP/1.1 200 OK"
12:08:04 [INFO] HTTP Request: GET https://huggingface.co/api/models/XiaomiMiMo/MiMo-V2.5-Pro/tree/main?recursive=true&expand=false "HTTP/1.1 200 OK"
12:08:04 [INFO] HTTP Request: HEAD https://huggingface.co/XiaomiMiMo/MiMo-V2.5-Pro/resolve/main/vocab.json "HTTP/1.1 307 Temporary Redirect"
12:08:04 [INFO] HTTP Request: HEAD https://huggingface.co/XiaomiMiMo/MiMo-V2.5-Pro/resolve/main/vocab.json "HTTP/1.1 307 Temporary Redirect"
12:08:04 [INFO] HTTP Request: HEAD https://huggingface.co/api/resolve-cache/models/XiaomiMiMo/MiMo-V2.5-Pro/21d1ecfecd7bd70f31be25ca49d7edd21f003659/vocab.json "HTTP/1.1 200 OK"
12:08:04 [INFO] HTTP Request: HEAD https://huggingface.co/api/resolve-cache/models/XiaomiMiMo/MiMo-V2.5-Pro/21d1ecfecd7bd70f31be25ca49d7edd21f003659/vocab.json "HTTP/1.1 200 OK"
12:08:04 [INFO] HTTP Request: GET https://huggingface.co/api/resolve-cache/models/XiaomiMiMo/MiMo-V2.5-Pro/21d1ecfecd7bd70f31be25ca49d7edd21f003659/vocab.json "HTTP/1.1 200 OK"
12:08:04 [INFO] HTTP Request: GET https://huggingface.co/api/resolve-cache/models/XiaomiMiMo/MiMo-V2.5-Pro/21d1ecfecd7bd70f31be25ca49d7edd21f003659/vocab.json "HTTP/1.1 200 OK"
12:08:05 [INFO] HTTP Request: HEAD https://huggingface.co/XiaomiMiMo/MiMo-V2.5-Pro/resolve/main/merges.txt "HTTP/1.1 307 Temporary Redirect"
12:08:05 [INFO] HTTP Request: HEAD https://huggingface.co/XiaomiMiMo/MiMo-V2.5-Pro/resolve/main/merges.txt "HTTP/1.1 307 Temporary Redirect"
12:08:05 [INFO] HTTP Request: HEAD https://huggingface.co/api/resolve-cache/models/XiaomiMiMo/MiMo-V2.5-Pro/21d1ecfecd7bd70f31be25ca49d7edd21f003659/merges.txt "HTTP/1.1 200 OK"
12:08:05 [INFO] HTTP Request: HEAD https://huggingface.co/api/resolve-cache/models/XiaomiMiMo/MiMo-V2.5-Pro/21d1ecfecd7bd70f31be25ca49d7edd21f003659/merges.txt "HTTP/1.1 200 OK"
12:08:05 [INFO] HTTP Request: GET https://huggingface.co/api/resolve-cache/models/XiaomiMiMo/MiMo-V2.5-Pro/21d1ecfecd7bd70f31be25ca49d7edd21f003659/merges.txt "HTTP/1.1 200 OK"
12:08:05 [INFO] HTTP Request: GET https://huggingface.co/api/resolve-cache/models/XiaomiMiMo/MiMo-V2.5-Pro/21d1ecfecd7bd70f31be25ca49d7edd21f003659/merges.txt "HTTP/1.1 200 OK"
12:08:05 [INFO] HTTP Request: HEAD https://huggingface.co/XiaomiMiMo/MiMo-V2.5-Pro/resolve/main/tokenizer.json "HTTP/1.1 302 Found"
12:08:05 [INFO] HTTP Request: HEAD https://huggingface.co/XiaomiMiMo/MiMo-V2.5-Pro/resolve/main/tokenizer.json "HTTP/1.1 302 Found"
12:08:06 [INFO] HTTP Request: HEAD https://huggingface.co/XiaomiMiMo/MiMo-V2.5-Pro/resolve/main/added_tokens.json "HTTP/1.1 307 Temporary Redirect"
12:08:06 [INFO] HTTP Request: HEAD https://huggingface.co/XiaomiMiMo/MiMo-V2.5-Pro/resolve/main/added_tokens.json "HTTP/1.1 307 Temporary Redirect"
12:08:06 [INFO] HTTP Request: HEAD https://huggingface.co/api/resolve-cache/models/XiaomiMiMo/MiMo-V2.5-Pro/21d1ecfecd7bd70f31be25ca49d7edd21f003659/added_tokens.json "HTTP/1.1 200 OK"
12:08:06 [INFO] HTTP Request: HEAD https://huggingface.co/api/resolve-cache/models/XiaomiMiMo/MiMo-V2.5-Pro/21d1ecfecd7bd70f31be25ca49d7edd21f003659/added_tokens.json "HTTP/1.1 200 OK"
12:08:06 [INFO] HTTP Request: GET https://huggingface.co/api/resolve-cache/models/XiaomiMiMo/MiMo-V2.5-Pro/21d1ecfecd7bd70f31be25ca49d7edd21f003659/added_tokens.json "HTTP/1.1 200 OK"
12:08:06 [INFO] HTTP Request: GET https://huggingface.co/api/resolve-cache/models/XiaomiMiMo/MiMo-V2.5-Pro/21d1ecfecd7bd70f31be25ca49d7edd21f003659/added_tokens.json "HTTP/1.1 200 OK"
12:08:06 [INFO] HTTP Request: HEAD https://huggingface.co/XiaomiMiMo/MiMo-V2.5-Pro/resolve/main/special_tokens_map.json "HTTP/1.1 307 Temporary Redirect"
12:08:06 [INFO] HTTP Request: HEAD https://huggingface.co/XiaomiMiMo/MiMo-V2.5-Pro/resolve/main/special_tokens_map.json "HTTP/1.1 307 Temporary Redirect"
12:08:07 [INFO] HTTP Request: HEAD https://huggingface.co/api/resolve-cache/models/XiaomiMiMo/MiMo-V2.5-Pro/21d1ecfecd7bd70f31be25ca49d7edd21f003659/special_tokens_map.json "HTTP/1.1 200 OK"
12:08:07 [INFO] HTTP Request: HEAD https://huggingface.co/api/resolve-cache/models/XiaomiMiMo/MiMo-V2.5-Pro/21d1ecfecd7bd70f31be25ca49d7edd21f003659/special_tokens_map.json "HTTP/1.1 200 OK"
12:08:07 [INFO] HTTP Request: GET https://huggingface.co/api/resolve-cache/models/XiaomiMiMo/MiMo-V2.5-Pro/21d1ecfecd7bd70f31be25ca49d7edd21f003659/special_tokens_map.json "HTTP/1.1 200 OK"
12:08:07 [INFO] HTTP Request: GET https://huggingface.co/api/resolve-cache/models/XiaomiMiMo/MiMo-V2.5-Pro/21d1ecfecd7bd70f31be25ca49d7edd21f003659/special_tokens_map.json "HTTP/1.1 200 OK"
12:08:07 [INFO] HTTP Request: HEAD https://huggingface.co/XiaomiMiMo/MiMo-V2.5-Pro/resolve/main/chat_template.jinja "HTTP/1.1 404 Not Found"
12:08:07 [INFO] HTTP Request: HEAD https://huggingface.co/XiaomiMiMo/MiMo-V2.5-Pro/resolve/main/chat_template.jinja "HTTP/1.1 404 Not Found"
12:08:08 [INFO] HTTP Request: GET https://huggingface.co/api/models/XiaomiMiMo/MiMo-V2.5-Pro "HTTP/1.1 200 OK"
12:08:08 [INFO] HTTP Request: GET https://huggingface.co/api/models/XiaomiMiMo/MiMo-V2.5-Pro "HTTP/1.1 200 OK"
12:08:08 [INFO] Loading model...
12:08:08 [INFO] Loading model...
12:08:08 [INFO] HTTP Request: HEAD https://huggingface.co/XiaomiMiMo/MiMo-V2.5-Pro/resolve/main/config.json "HTTP/1.1 307 Temporary Redirect"
12:08:08 [INFO] HTTP Request: HEAD https://huggingface.co/XiaomiMiMo/MiMo-V2.5-Pro/resolve/main/config.json "HTTP/1.1 307 Temporary Redirect"
12:08:08 [INFO] HTTP Request: HEAD https://huggingface.co/api/resolve-cache/models/XiaomiMiMo/MiMo-V2.5-Pro/21d1ecfecd7bd70f31be25ca49d7edd21f003659/config.json "HTTP/1.1 200 OK"
12:08:08 [INFO] HTTP Request: HEAD https://huggingface.co/api/resolve-cache/models/XiaomiMiMo/MiMo-V2.5-Pro/21d1ecfecd7bd70f31be25ca49d7edd21f003659/config.json "HTTP/1.1 200 OK"
12:08:08 [INFO] HTTP Request: HEAD https://huggingface.co/XiaomiMiMo/MiMo-V2.5-Pro/resolve/main/configuration_mimo_v2.py "HTTP/1.1 307 Temporary Redirect"
12:08:08 [INFO] HTTP Request: HEAD https://huggingface.co/XiaomiMiMo/MiMo-V2.5-Pro/resolve/main/configuration_mimo_v2.py "HTTP/1.1 307 Temporary Redirect"
12:08:08 [INFO] HTTP Request: HEAD https://huggingface.co/api/resolve-cache/models/XiaomiMiMo/MiMo-V2.5-Pro/21d1ecfecd7bd70f31be25ca49d7edd21f003659/configuration_mimo_v2.py "HTTP/1.1 200 OK"
12:08:08 [INFO] HTTP Request: HEAD https://huggingface.co/api/resolve-cache/models/XiaomiMiMo/MiMo-V2.5-Pro/21d1ecfecd7bd70f31be25ca49d7edd21f003659/configuration_mimo_v2.py "HTTP/1.1 200 OK"
12:08:08 [INFO] HTTP Request: HEAD https://huggingface.co/XiaomiMiMo/MiMo-V2.5-Pro/resolve/main/modeling_mimo_v2.py "HTTP/1.1 307 Temporary Redirect"
12:08:08 [INFO] HTTP Request: HEAD https://huggingface.co/XiaomiMiMo/MiMo-V2.5-Pro/resolve/main/modeling_mimo_v2.py "HTTP/1.1 307 Temporary Redirect"
12:08:08 [INFO] HTTP Request: HEAD https://huggingface.co/api/resolve-cache/models/XiaomiMiMo/MiMo-V2.5-Pro/21d1ecfecd7bd70f31be25ca49d7edd21f003659/modeling_mimo_v2.py "HTTP/1.1 200 OK"
12:08:08 [INFO] HTTP Request: HEAD https://huggingface.co/api/resolve-cache/models/XiaomiMiMo/MiMo-V2.5-Pro/21d1ecfecd7bd70f31be25ca49d7edd21f003659/modeling_mimo_v2.py "HTTP/1.1 200 OK"
12:08:08 [INFO] HTTP Request: GET https://huggingface.co/api/resolve-cache/models/XiaomiMiMo/MiMo-V2.5-Pro/21d1ecfecd7bd70f31be25ca49d7edd21f003659/modeling_mimo_v2.py "HTTP/1.1 200 OK"
12:08:08 [INFO] HTTP Request: GET https://huggingface.co/api/resolve-cache/models/XiaomiMiMo/MiMo-V2.5-Pro/21d1ecfecd7bd70f31be25ca49d7edd21f003659/modeling_mimo_v2.py "HTTP/1.1 200 OK"
[transformers] A new version of the following files was downloaded from https://huggingface.co/XiaomiMiMo/MiMo-V2.5-Pro:
- modeling_mimo_v2.py
. Make sure to double-check they do not contain any added malicious code. To avoid downloading new versions of the code file, you can pin a revision.
[transformers] A new version of the following files was downloaded from https://huggingface.co/XiaomiMiMo/MiMo-V2.5-Pro:
- modeling_mimo_v2.py
. Make sure to double-check they do not contain any added malicious code. To avoid downloading new versions of the code file, you can pin a revision.
12:08:09 [INFO] HTTP Request: HEAD https://huggingface.co/XiaomiMiMo/MiMo-V2.5-Pro/resolve/main/model.safetensors "HTTP/1.1 404 Not Found"
12:08:09 [INFO] HTTP Request: HEAD https://huggingface.co/XiaomiMiMo/MiMo-V2.5-Pro/resolve/main/model.safetensors "HTTP/1.1 404 Not Found"
12:08:09 [INFO] HTTP Request: HEAD https://huggingface.co/XiaomiMiMo/MiMo-V2.5-Pro/resolve/main/model.safetensors.index.json "HTTP/1.1 302 Found"
12:08:09 [INFO] HTTP Request: HEAD https://huggingface.co/XiaomiMiMo/MiMo-V2.5-Pro/resolve/main/model.safetensors.index.json "HTTP/1.1 302 Found"
12:08:10 [INFO] HTTP Request: GET https://huggingface.co/api/models/XiaomiMiMo/MiMo-V2.5-Pro/revision/main "HTTP/1.1 200 OK"
12:08:10 [INFO] HTTP Request: GET https://huggingface.co/api/models/XiaomiMiMo/MiMo-V2.5-Pro/revision/main "HTTP/1.1 200 OK"
12:08:10 [INFO] HTTP Request: GET https://huggingface.co/api/models/XiaomiMiMo/MiMo-V2.5-Pro/tree/21d1ecfecd7bd70f31be25ca49d7edd21f003659?recursive=true&expand=false "HTTP/1.1 200 OK"
12:08:10 [INFO] HTTP Request: GET https://huggingface.co/api/models/XiaomiMiMo/MiMo-V2.5-Pro/tree/21d1ecfecd7bd70f31be25ca49d7edd21f003659?recursive=true&expand=false "HTTP/1.1 200 OK"
/root/.venv/lib/python3.12/site-packages/huggingface_hub/file_download.py:746: UserWarning: Not enough free disk space to download the file. The expected file size is: 31264.22 MB. The target location /root/.cache/huggingface/hub/models--XiaomiMiMo--MiMo-V2.5-Pro/blobs only has 25030.56 MB free disk space.
  warnings.warn(
/root/.venv/lib/python3.12/site-packages/huggingface_hub/file_download.py:746: UserWarning: Not enough free disk space to download the file. The expected file size is: 31264.22 MB. The target location /root/.cache/huggingface/hub/models--XiaomiMiMo--MiMo-V2.5-Pro/blobs only has 25030.56 MB free disk space.
  warnings.warn(
12:16:52 [ERROR] Quantization failed: Task error: File reconstruction error: IO Error: No space left on device (os error 28)
12:16:52 [ERROR] Quantization failed: Task error: File reconstruction error: IO Error: No space left on device (os error 28)
Traceback (most recent call last):
Traceback (most recent call last):
  File "/root/_work/1/s/auto_quant/phases/quantize.py", line 479, in <module>
    quantize(args)
  File "/root/_work/1/s/auto_quant/phases/quantize.py", line 293, in quantize
    model = AutoModelForCausalLM.from_pretrained(
            ^^^^^^^^^^^^^^^^^^^^^^^^^^^^^^^^^^^^^
  File "/root/.venv/lib/python3.12/site-packages/auto_round/utils/common.py", line 140, in patched
    return underlying_func(klass, *args, **kwargs)
           ^^^^^^^^^^^^^^^^^^^^^^^^^^^^^^^^^^^^^^^
  File "/root/.venv/lib/python3.12/site-packages/transformers/models/auto/auto_factory.py", line 385, in from_pretrained
    return model_class.from_pretrained(
           ^^^^^^^^^^^^^^^^^^^^^^^^^^^^
  File "/root/.venv/lib/python3.12/site-packages/transformers/modeling_utils.py", line 4355, in from_pretrained
    checkpoint_files, sharded_metadata = _get_resolved_checkpoint_files(
                                         ^^^^^^^^^^^^^^^^^^^^^^^^^^^^^^^
  File "/root/.venv/lib/python3.12/site-packages/transformers/modeling_utils.py", line 814, in _get_resolved_checkpoint_files
    checkpoint_files, sharded_metadata = get_checkpoint_shard_files(
                                         ^^^^^^^^^^^^^^^^^^^^^^^^^^^
  File "/root/.venv/lib/python3.12/site-packages/transformers/utils/hub.py", line 894, in get_checkpoint_shard_files
    cached_filenames = cached_files(
                       ^^^^^^^^^^^^^
  File "/root/.venv/lib/python3.12/site-packages/transformers/utils/hub.py", line 527, in cached_files
    raise e
  File "/root/.venv/lib/python3.12/site-packages/transformers/utils/hub.py", line 452, in cached_files
    snapshot_download(
  File "/root/.venv/lib/python3.12/site-packages/huggingface_hub/utils/_validators.py", line 88, in _inner_fn
    return fn(*args, **kwargs)
           ^^^^^^^^^^^^^^^^^^^
  File "/root/.venv/lib/python3.12/site-packages/huggingface_hub/_snapshot_download.py", line 522, in snapshot_download
    hf_thread_map(
  File "/root/.venv/lib/python3.12/site-packages/huggingface_hub/utils/tqdm.py", line 441, in hf_thread_map
    results[future_to_index[future]] = future.result()
                                       ^^^^^^^^^^^^^^^
  File "/root/.local/share/uv/python/cpython-3.12.13-linux-x86_64-gnu/lib/python3.12/concurrent/futures/_base.py", line 449, in result
    return self.__get_result()
           ^^^^^^^^^^^^^^^^^^^
  File "/root/.local/share/uv/python/cpython-3.12.13-linux-x86_64-gnu/lib/python3.12/concurrent/futures/_base.py", line 401, in __get_result
    raise self._exception
  File "/root/.local/share/uv/python/cpython-3.12.13-linux-x86_64-gnu/lib/python3.12/concurrent/futures/thread.py", line 59, in run
    result = self.fn(*self.args, **self.kwargs)
             ^^^^^^^^^^^^^^^^^^^^^^^^^^^^^^^^^^
  File "/root/.venv/lib/python3.12/site-packages/huggingface_hub/_snapshot_download.py", line 502, in _inner_hf_hub_download
    hf_hub_download(  # type: ignore
  File "/root/.venv/lib/python3.12/site-packages/huggingface_hub/utils/_validators.py", line 88, in _inner_fn
    return fn(*args, **kwargs)
           ^^^^^^^^^^^^^^^^^^^
  File "/root/.venv/lib/python3.12/site-packages/huggingface_hub/file_download.py", line 1019, in hf_hub_download
    return _hf_hub_download_to_cache_dir(
           ^^^^^^^^^^^^^^^^^^^^^^^^^^^^^^
  File "/root/.venv/lib/python3.12/site-packages/huggingface_hub/file_download.py", line 1242, in _hf_hub_download_to_cache_dir
    _download_to_tmp_and_move(
  File "/root/.venv/lib/python3.12/site-packages/huggingface_hub/file_download.py", line 1932, in _download_to_tmp_and_move
    xet_get(
  File "/root/.venv/lib/python3.12/site-packages/huggingface_hub/file_download.py", line 565, in xet_get
    with session.new_file_download_group(
         ^^^^^^^^^^^^^^^^^^^^^^^^^^^^^^^^
RuntimeError: Task error: File reconstruction error: IO Error: No space left on device (os error 28)
  File "/root/_work/1/s/auto_quant/phases/quantize.py", line 479, in <module>
    quantize(args)
  File "/root/_work/1/s/auto_quant/phases/quantize.py", line 293, in quantize
    model = AutoModelForCausalLM.from_pretrained(
            ^^^^^^^^^^^^^^^^^^^^^^^^^^^^^^^^^^^^^
  File "/root/.venv/lib/python3.12/site-packages/auto_round/utils/common.py", line 140, in patched
    return underlying_func(klass, *args, **kwargs)
           ^^^^^^^^^^^^^^^^^^^^^^^^^^^^^^^^^^^^^^^
  File "/root/.venv/lib/python3.12/site-packages/transformers/models/auto/auto_factory.py", line 385, in from_pretrained
    return model_class.from_pretrained(
           ^^^^^^^^^^^^^^^^^^^^^^^^^^^^
  File "/root/.venv/lib/python3.12/site-packages/transformers/modeling_utils.py", line 4355, in from_pretrained
    checkpoint_files, sharded_metadata = _get_resolved_checkpoint_files(
                                         ^^^^^^^^^^^^^^^^^^^^^^^^^^^^^^^
  File "/root/.venv/lib/python3.12/site-packages/transformers/modeling_utils.py", line 814, in _get_resolved_checkpoint_files
    checkpoint_files, sharded_metadata = get_checkpoint_shard_files(
                                         ^^^^^^^^^^^^^^^^^^^^^^^^^^^
  File "/root/.venv/lib/python3.12/site-packages/transformers/utils/hub.py", line 894, in get_checkpoint_shard_files
    cached_filenames = cached_files(
                       ^^^^^^^^^^^^^
  File "/root/.venv/lib/python3.12/site-packages/transformers/utils/hub.py", line 527, in cached_files
    raise e
  File "/root/.venv/lib/python3.12/site-packages/transformers/utils/hub.py", line 452, in cached_files
    snapshot_download(
  File "/root/.venv/lib/python3.12/site-packages/huggingface_hub/utils/_validators.py", line 88, in _inner_fn
    return fn(*args, **kwargs)
           ^^^^^^^^^^^^^^^^^^^
  File "/root/.venv/lib/python3.12/site-packages/huggingface_hub/_snapshot_download.py", line 522, in snapshot_download
    hf_thread_map(
  File "/root/.venv/lib/python3.12/site-packages/huggingface_hub/utils/tqdm.py", line 441, in hf_thread_map
    results[future_to_index[future]] = future.result()
                                       ^^^^^^^^^^^^^^^
  File "/root/.local/share/uv/python/cpython-3.12.13-linux-x86_64-gnu/lib/python3.12/concurrent/futures/_base.py", line 449, in result
    return self.__get_result()
           ^^^^^^^^^^^^^^^^^^^
  File "/root/.local/share/uv/python/cpython-3.12.13-linux-x86_64-gnu/lib/python3.12/concurrent/futures/_base.py", line 401, in __get_result
    raise self._exception
  File "/root/.local/share/uv/python/cpython-3.12.13-linux-x86_64-gnu/lib/python3.12/concurrent/futures/thread.py", line 59, in run
    result = self.fn(*self.args, **self.kwargs)
             ^^^^^^^^^^^^^^^^^^^^^^^^^^^^^^^^^^
  File "/root/.venv/lib/python3.12/site-packages/huggingface_hub/_snapshot_download.py", line 502, in _inner_hf_hub_download
    hf_hub_download(  # type: ignore
  File "/root/.venv/lib/python3.12/site-packages/huggingface_hub/utils/_validators.py", line 88, in _inner_fn
    return fn(*args, **kwargs)
           ^^^^^^^^^^^^^^^^^^^
  File "/root/.venv/lib/python3.12/site-packages/huggingface_hub/file_download.py", line 1019, in hf_hub_download
    return _hf_hub_download_to_cache_dir(
           ^^^^^^^^^^^^^^^^^^^^^^^^^^^^^^
  File "/root/.venv/lib/python3.12/site-packages/huggingface_hub/file_download.py", line 1242, in _hf_hub_download_to_cache_dir
    _download_to_tmp_and_move(
  File "/root/.venv/lib/python3.12/site-packages/huggingface_hub/file_download.py", line 1932, in _download_to_tmp_and_move
    xet_get(
  File "/root/.venv/lib/python3.12/site-packages/huggingface_hub/file_download.py", line 565, in xet_get
    with session.new_file_download_group(
         ^^^^^^^^^^^^^^^^^^^^^^^^^^^^^^^^
RuntimeError: Task error: File reconstruction error: IO Error: No space left on device (os error 28)
[auto_v3] quantize failed (exit=1), entering agent fix loop

═══════ Agent fix attempt 1/10 for quantize ═══════

[auto_v3] quantize failed (exit=1), entering agent fix loop

═══════ Agent fix attempt 1/10 for quantize ═══════

[auto_v3] L1 taxonomy class: unknown (progress=layer -1)
[auto_v3] L1 taxonomy class: unknown (progress=layer -1)
[auto_v3] Loaded lessons for agent (let agent decide relevance)
[auto_v3] Loaded lessons for agent (let agent decide relevance)
[auto_v3] Calling openclaw agent (session=fix_quantize_390_1785758873, timeout=600s)...
[auto_v3]   Session file: /root/.openclaw/agents/main/sessions/fix_quantize_390_1785758873.jsonl
[auto_v3] Calling openclaw agent (session=fix_quantize_390_1785758873, timeout=600s)...
[auto_v3]   Session file: /root/.openclaw/agents/main/sessions/fix_quantize_390_1785758873.jsonl
Config was last written by a newer OpenClaw (2026.6.8); current version is 2026.3.24.
Config was last written by a newer OpenClaw (2026.6.8); current version is 2026.3.24.
Config was last written by a newer OpenClaw (2026.6.8); current version is 2026.3.24.
Config was last written by a newer OpenClaw (2026.6.8); current version is 2026.3.24.
Config was last written by a newer OpenClaw (2026.6.8); current version is 2026.3.24.
Config was last written by a newer OpenClaw (2026.6.8); current version is 2026.3.24.
Config was last written by a newer OpenClaw (2026.6.8); current version is 2026.3.24.
Config was last written by a newer OpenClaw (2026.6.8); current version is 2026.3.24.
Config was last written by a newer OpenClaw (2026.6.8); current version is 2026.3.24.
Config was last written by a newer OpenClaw (2026.6.8); current version is 2026.3.24.
Config was last written by a newer OpenClaw (2026.6.8); current version is 2026.3.24.
Config was last written by a newer OpenClaw (2026.6.8); current version is 2026.3.24.
Config was last written by a newer OpenClaw (2026.6.8); current version is 2026.3.24.
Config was last written by a newer OpenClaw (2026.6.8); current version is 2026.3.24.
Config was last written by a newer OpenClaw (2026.6.8); current version is 2026.3.24.
Config was last written by a newer OpenClaw (2026.6.8); current version is 2026.3.24.
Config was last written by a newer OpenClaw (2026.6.8); current version is 2026.3.24.
Config was last written by a newer OpenClaw (2026.6.8); current version is 2026.3.24.
Config was last written by a newer OpenClaw (2026.6.8); current version is 2026.3.24.
Config was last written by a newer OpenClaw (2026.6.8); current version is 2026.3.24.
Config was last written by a newer OpenClaw (2026.6.8); current version is 2026.3.24.
Config was last written by a newer OpenClaw (2026.6.8); current version is 2026.3.24.
Config was last written by a newer OpenClaw (2026.6.8); current version is 2026.3.24.
Config was last written by a newer OpenClaw (2026.6.8); current version is 2026.3.24.
Config was last written by a newer OpenClaw (2026.6.8); current version is 2026.3.24.
Config was last written by a newer OpenClaw (2026.6.8); current version is 2026.3.24.
Config was last written by a newer OpenClaw (2026.6.8); current version is 2026.3.24.
Config was last written by a newer OpenClaw (2026.6.8); current version is 2026.3.24.
Config was last written by a newer OpenClaw (2026.6.8); current version is 2026.3.24.
Config was last written by a newer OpenClaw (2026.6.8); current version is 2026.3.24.
Config was last written by a newer OpenClaw (2026.6.8); current version is 2026.3.24.
Config was last written by a newer OpenClaw (2026.6.8); current version is 2026.3.24.
Config was last written by a newer OpenClaw (2026.6.8); current version is 2026.3.24.
Config was last written by a newer OpenClaw (2026.6.8); current version is 2026.3.24.
Config was last written by a newer OpenClaw (2026.6.8); current version is 2026.3.24.
Config was last written by a newer OpenClaw (2026.6.8); current version is 2026.3.24.
Config was last written by a newer OpenClaw (2026.6.8); current version is 2026.3.24.
Config was last written by a newer OpenClaw (2026.6.8); current version is 2026.3.24.
Config was last written by a newer OpenClaw (2026.6.8); current version is 2026.3.24.
Config was last written by a newer OpenClaw (2026.6.8); current version is 2026.3.24.
Config was last written by a newer OpenClaw (2026.6.8); current version is 2026.3.24.
Config was last written by a newer OpenClaw (2026.6.8); current version is 2026.3.24.
Config was last written by a newer OpenClaw (2026.6.8); current version is 2026.3.24.
Config was last written by a newer OpenClaw (2026.6.8); current version is 2026.3.24.
Config was last written by a newer OpenClaw (2026.6.8); current version is 2026.3.24.
Config was last written by a newer OpenClaw (2026.6.8); current version is 2026.3.24.
Config was last written by a newer OpenClaw (2026.6.8); current version is 2026.3.24.
Config was last written by a newer OpenClaw (2026.6.8); current version is 2026.3.24.
Config was last written by a newer OpenClaw (2026.6.8); current version is 2026.3.24.
Config was last written by a newer OpenClaw (2026.6.8); current version is 2026.3.24.
Config was last written by a newer OpenClaw (2026.6.8); current version is 2026.3.24.
Config was last written by a newer OpenClaw (2026.6.8); current version is 2026.3.24.
Config was last written by a newer OpenClaw (2026.6.8); current version is 2026.3.24.
Config was last written by a newer OpenClaw (2026.6.8); current version is 2026.3.24.
Config was last written by a newer OpenClaw (2026.6.8); current version is 2026.3.24.
Config was last written by a newer OpenClaw (2026.6.8); current version is 2026.3.24.
Config was last written by a newer OpenClaw (2026.6.8); current version is 2026.3.24.
Config was last written by a newer OpenClaw (2026.6.8); current version is 2026.3.24.
Config was last written by a newer OpenClaw (2026.6.8); current version is 2026.3.24.
Config was last written by a newer OpenClaw (2026.6.8); current version is 2026.3.24.
Config was last written by a newer OpenClaw (2026.6.8); current version is 2026.3.24.
Config was last written by a newer OpenClaw (2026.6.8); current version is 2026.3.24.
Config was last written by a newer OpenClaw (2026.6.8); current version is 2026.3.24.
Config was last written by a newer OpenClaw (2026.6.8); current version is 2026.3.24.
Config was last written by a newer OpenClaw (2026.6.8); current version is 2026.3.24.
Config was last written by a newer OpenClaw (2026.6.8); current version is 2026.3.24.
Config was last written by a newer OpenClaw (2026.6.8); current version is 2026.3.24.
Config was last written by a newer OpenClaw (2026.6.8); current version is 2026.3.24.
Config was last written by a newer OpenClaw (2026.6.8); current version is 2026.3.24.
Config was last written by a newer OpenClaw (2026.6.8); current version is 2026.3.24.
Config was last written by a newer OpenClaw (2026.6.8); current version is 2026.3.24.
Config was last written by a newer OpenClaw (2026.6.8); current version is 2026.3.24.
Config was last written by a newer OpenClaw (2026.6.8); current version is 2026.3.24.
Config was last written by a newer OpenClaw (2026.6.8); current version is 2026.3.24.
Config was last written by a newer OpenClaw (2026.6.8); current version is 2026.3.24.
Config was last written by a newer OpenClaw (2026.6.8); current version is 2026.3.24.
Config was last written by a newer OpenClaw (2026.6.8); current version is 2026.3.24.
Config was last written by a newer OpenClaw (2026.6.8); current version is 2026.3.24.
Config was last written by a newer OpenClaw (2026.6.8); current version is 2026.3.24.
Config was last written by a newer OpenClaw (2026.6.8); current version is 2026.3.24.
Config was last written by a newer OpenClaw (2026.6.8); current version is 2026.3.24.
Config was last written by a newer OpenClaw (2026.6.8); current version is 2026.3.24.
Config was last written by a newer OpenClaw (2026.6.8); current version is 2026.3.24.
Config was last written by a newer OpenClaw (2026.6.8); current version is 2026.3.24.
Config was last written by a newer OpenClaw (2026.6.8); current version is 2026.3.24.
Config was last written by a newer OpenClaw (2026.6.8); current version is 2026.3.24.
Config was last written by a newer OpenClaw (2026.6.8); current version is 2026.3.24.
Config was last written by a newer OpenClaw (2026.6.8); current version is 2026.3.24.
Config was last written by a newer OpenClaw (2026.6.8); current version is 2026.3.24.
Config was last written by a newer OpenClaw (2026.6.8); current version is 2026.3.24.
Config was last written by a newer OpenClaw (2026.6.8); current version is 2026.3.24.
Config was last written by a newer OpenClaw (2026.6.8); current version is 2026.3.24.
Config was last written by a newer OpenClaw (2026.6.8); current version is 2026.3.24.
Config was last written by a newer OpenClaw (2026.6.8); current version is 2026.3.24.
Config was last written by a newer OpenClaw (2026.6.8); current version is 2026.3.24.
Config was last written by a newer OpenClaw (2026.6.8); current version is 2026.3.24.
Config was last written by a newer OpenClaw (2026.6.8); current version is 2026.3.24.
Config was last written by a newer OpenClaw (2026.6.8); current version is 2026.3.24.
Config was last written by a newer OpenClaw (2026.6.8); current version is 2026.3.24.
Config was last written by a newer OpenClaw (2026.6.8); current version is 2026.3.24.
Config was last written by a newer OpenClaw (2026.6.8); current version is 2026.3.24.
Config was last written by a newer OpenClaw (2026.6.8); current version is 2026.3.24.
Config was last written by a newer OpenClaw (2026.6.8); current version is 2026.3.24.
Config was last written by a newer OpenClaw (2026.6.8); current version is 2026.3.24.
Config was last written by a newer OpenClaw (2026.6.8); current version is 2026.3.24.
Config was last written by a newer OpenClaw (2026.6.8); current version is 2026.3.24.
Config was last written by a newer OpenClaw (2026.6.8); current version is 2026.3.24.
Config was last written by a newer OpenClaw (2026.6.8); current version is 2026.3.24.
Config was last written by a newer OpenClaw (2026.6.8); current version is 2026.3.24.
Config was last written by a newer OpenClaw (2026.6.8); current version is 2026.3.24.
Config was last written by a newer OpenClaw (2026.6.8); current version is 2026.3.24.
Config was last written by a newer OpenClaw (2026.6.8); current version is 2026.3.24.
Config was last written by a newer OpenClaw (2026.6.8); current version is 2026.3.24.
Config was last written by a newer OpenClaw (2026.6.8); current version is 2026.3.24.
Config was last written by a newer OpenClaw (2026.6.8); current version is 2026.3.24.
Config was last written by a newer OpenClaw (2026.6.8); current version is 2026.3.24.
Config was last written by a newer OpenClaw (2026.6.8); current version is 2026.3.24.
Config was last written by a newer OpenClaw (2026.6.8); current version is 2026.3.24.
Config was last written by a newer OpenClaw (2026.6.8); current version is 2026.3.24.
Config was last written by a newer OpenClaw (2026.6.8); current version is 2026.3.24.
Config was last written by a newer OpenClaw (2026.6.8); current version is 2026.3.24.
Config was last written by a newer OpenClaw (2026.6.8); current version is 2026.3.24.
Config was last written by a newer OpenClaw (2026.6.8); current version is 2026.3.24.
Config was last written by a newer OpenClaw (2026.6.8); current version is 2026.3.24.
Config was last written by a newer OpenClaw (2026.6.8); current version is 2026.3.24.
Config was last written by a newer OpenClaw (2026.6.8); current version is 2026.3.24.
Config was last written by a newer OpenClaw (2026.6.8); current version is 2026.3.24.
Config was last written by a newer OpenClaw (2026.6.8); current version is 2026.3.24.
Config was last written by a newer OpenClaw (2026.6.8); current version is 2026.3.24.
Config was last written by a newer OpenClaw (2026.6.8); current version is 2026.3.24.
Config was last written by a newer OpenClaw (2026.6.8); current version is 2026.3.24.
Config was last written by a newer OpenClaw (2026.6.8); current version is 2026.3.24.
Config was last written by a newer OpenClaw (2026.6.8); current version is 2026.3.24.
Config was last written by a newer OpenClaw (2026.6.8); current version is 2026.3.24.
Config was last written by a newer OpenClaw (2026.6.8); current version is 2026.3.24.
Config was last written by a newer OpenClaw (2026.6.8); current version is 2026.3.24.
Config was last written by a newer OpenClaw (2026.6.8); current version is 2026.3.24.
Config was last written by a newer OpenClaw (2026.6.8); current version is 2026.3.24.
Config was last written by a newer OpenClaw (2026.6.8); current version is 2026.3.24.
Config was last written by a newer OpenClaw (2026.6.8); current version is 2026.3.24.
Config was last written by a newer OpenClaw (2026.6.8); current version is 2026.3.24.
Config was last written by a newer OpenClaw (2026.6.8); current version is 2026.3.24.
Config was last written by a newer OpenClaw (2026.6.8); current version is 2026.3.24.
Config was last written by a newer OpenClaw (2026.6.8); current version is 2026.3.24.
Config was last written by a newer OpenClaw (2026.6.8); current version is 2026.3.24.
Config was last written by a newer OpenClaw (2026.6.8); current version is 2026.3.24.
Config was last written by a newer OpenClaw (2026.6.8); current version is 2026.3.24.
Config was last written by a newer OpenClaw (2026.6.8); current version is 2026.3.24.
Config was last written by a newer OpenClaw (2026.6.8); current version is 2026.3.24.
Config was last written by a newer OpenClaw (2026.6.8); current version is 2026.3.24.
Config was last written by a newer OpenClaw (2026.6.8); current version is 2026.3.24.
Config was last written by a newer OpenClaw (2026.6.8); current version is 2026.3.24.
Config was last written by a newer OpenClaw (2026.6.8); current version is 2026.3.24.
Config was last written by a newer OpenClaw (2026.6.8); current version is 2026.3.24.
Config was last written by a newer OpenClaw (2026.6.8); current version is 2026.3.24.
Config was last written by a newer OpenClaw (2026.6.8); current version is 2026.3.24.
Config was last written by a newer OpenClaw (2026.6.8); current version is 2026.3.24.
Config was last written by a newer OpenClaw (2026.6.8); current version is 2026.3.24.
Config was last written by a newer OpenClaw (2026.6.8); current version is 2026.3.24.
Config was last written by a newer OpenClaw (2026.6.8); current version is 2026.3.24.
Config was last written by a newer OpenClaw (2026.6.8); current version is 2026.3.24.
Config was last written by a newer OpenClaw (2026.6.8); current version is 2026.3.24.
Config was last written by a newer OpenClaw (2026.6.8); current version is 2026.3.24.
Config was last written by a newer OpenClaw (2026.6.8); current version is 2026.3.24.
Config was last written by a newer OpenClaw (2026.6.8); current version is 2026.3.24.
Config was last written by a newer OpenClaw (2026.6.8); current version is 2026.3.24.
Config was last written by a newer OpenClaw (2026.6.8); current version is 2026.3.24.
Config was last written by a newer OpenClaw (2026.6.8); current version is 2026.3.24.
Config was last written by a newer OpenClaw (2026.6.8); current version is 2026.3.24.
Config was last written by a newer OpenClaw (2026.6.8); current version is 2026.3.24.
Config was last written by a newer OpenClaw (2026.6.8); current version is 2026.3.24.
Config was last written by a newer OpenClaw (2026.6.8); current version is 2026.3.24.
Config was last written by a newer OpenClaw (2026.6.8); current version is 2026.3.24.
Config was last written by a newer OpenClaw (2026.6.8); current version is 2026.3.24.
Config was last written by a newer OpenClaw (2026.6.8); current version is 2026.3.24.
Config was last written by a newer OpenClaw (2026.6.8); current version is 2026.3.24.
Config was last written by a newer OpenClaw (2026.6.8); current version is 2026.3.24.
Config was last written by a newer OpenClaw (2026.6.8); current version is 2026.3.24.
Config was last written by a newer OpenClaw (2026.6.8); current version is 2026.3.24.
Config was last written by a newer OpenClaw (2026.6.8); current version is 2026.3.24.
Config was last written by a newer OpenClaw (2026.6.8); current version is 2026.3.24.
Config was last written by a newer OpenClaw (2026.6.8); current version is 2026.3.24.
Config was last written by a newer OpenClaw (2026.6.8); current version is 2026.3.24.
Config was last written by a newer OpenClaw (2026.6.8); current version is 2026.3.24.
Config was last written by a newer OpenClaw (2026.6.8); current version is 2026.3.24.
Config was last written by a newer OpenClaw (2026.6.8); current version is 2026.3.24.
Config was last written by a newer OpenClaw (2026.6.8); current version is 2026.3.24.
Config was last written by a newer OpenClaw (2026.6.8); current version is 2026.3.24.
Config was last written by a newer OpenClaw (2026.6.8); current version is 2026.3.24.
Config was last written by a newer OpenClaw (2026.6.8); current version is 2026.3.24.
Config was last written by a newer OpenClaw (2026.6.8); current version is 2026.3.24.
Config was last written by a newer OpenClaw (2026.6.8); current version is 2026.3.24.
Config was last written by a newer OpenClaw (2026.6.8); current version is 2026.3.24.
Config was last written by a newer OpenClaw (2026.6.8); current version is 2026.3.24.
Config was last written by a newer OpenClaw (2026.6.8); current version is 2026.3.24.
Config was last written by a newer OpenClaw (2026.6.8); current version is 2026.3.24.
Config was last written by a newer OpenClaw (2026.6.8); current version is 2026.3.24.
Config was last written by a newer OpenClaw (2026.6.8); current version is 2026.3.24.
Config was last written by a newer OpenClaw (2026.6.8); current version is 2026.3.24.
Config was last written by a newer OpenClaw (2026.6.8); current version is 2026.3.24.
Config was last written by a newer OpenClaw (2026.6.8); current version is 2026.3.24.
Config was last written by a newer OpenClaw (2026.6.8); current version is 2026.3.24.
Config was last written by a newer OpenClaw (2026.6.8); current version is 2026.3.24.
Config was last written by a newer OpenClaw (2026.6.8); current version is 2026.3.24.
Config was last written by a newer OpenClaw (2026.6.8); current version is 2026.3.24.
Config was last written by a newer OpenClaw (2026.6.8); current version is 2026.3.24.
Config was last written by a newer OpenClaw (2026.6.8); current version is 2026.3.24.
Config was last written by a newer OpenClaw (2026.6.8); current version is 2026.3.24.
Config was last written by a newer OpenClaw (2026.6.8); current version is 2026.3.24.
Config was last written by a newer OpenClaw (2026.6.8); current version is 2026.3.24.
Config was last written by a newer OpenClaw (2026.6.8); current version is 2026.3.24.
Config was last written by a newer OpenClaw (2026.6.8); current version is 2026.3.24.
Config was last written by a newer OpenClaw (2026.6.8); current version is 2026.3.24.
Config was last written by a newer OpenClaw (2026.6.8); current version is 2026.3.24.
Config was last written by a newer OpenClaw (2026.6.8); current version is 2026.3.24.
Config was last written by a newer OpenClaw (2026.6.8); current version is 2026.3.24.
Config was last written by a newer OpenClaw (2026.6.8); current version is 2026.3.24.
Config was last written by a newer OpenClaw (2026.6.8); current version is 2026.3.24.
Config was last written by a newer OpenClaw (2026.6.8); current version is 2026.3.24.
Config was last written by a newer OpenClaw (2026.6.8); current version is 2026.3.24.
Config was last written by a newer OpenClaw (2026.6.8); current version is 2026.3.24.
Config was last written by a newer OpenClaw (2026.6.8); current version is 2026.3.24.
Config was last written by a newer OpenClaw (2026.6.8); current version is 2026.3.24.
Config was last written by a newer OpenClaw (2026.6.8); current version is 2026.3.24.
Config was last written by a newer OpenClaw (2026.6.8); current version is 2026.3.24.
Config was last written by a newer OpenClaw (2026.6.8); current version is 2026.3.24.
Config was last written by a newer OpenClaw (2026.6.8); current version is 2026.3.24.
Config was last written by a newer OpenClaw (2026.6.8); current version is 2026.3.24.
Config was last written by a newer OpenClaw (2026.6.8); current version is 2026.3.24.
Config was last written by a newer OpenClaw (2026.6.8); current version is 2026.3.24.
Config was last written by a newer OpenClaw (2026.6.8); current version is 2026.3.24.
Config was last written by a newer OpenClaw (2026.6.8); current version is 2026.3.24.
Config was last written by a newer OpenClaw (2026.6.8); current version is 2026.3.24.
Config was last written by a newer OpenClaw (2026.6.8); current version is 2026.3.24.
Config was last written by a newer OpenClaw (2026.6.8); current version is 2026.3.24.
Config was last written by a newer OpenClaw (2026.6.8); current version is 2026.3.24.
Config was last written by a newer OpenClaw (2026.6.8); current version is 2026.3.24.
Config was last written by a newer OpenClaw (2026.6.8); current version is 2026.3.24.
Config was last written by a newer OpenClaw (2026.6.8); current version is 2026.3.24.
Config was last written by a newer OpenClaw (2026.6.8); current version is 2026.3.24.
Config was last written by a newer OpenClaw (2026.6.8); current version is 2026.3.24.
Config was last written by a newer OpenClaw (2026.6.8); current version is 2026.3.24.
Config was last written by a newer OpenClaw (2026.6.8); current version is 2026.3.24.
Config was last written by a newer OpenClaw (2026.6.8); current version is 2026.3.24.
Config was last written by a newer OpenClaw (2026.6.8); current version is 2026.3.24.
Config was last written by a newer OpenClaw (2026.6.8); current version is 2026.3.24.
Config was last written by a newer OpenClaw (2026.6.8); current version is 2026.3.24.
Config was last written by a newer OpenClaw (2026.6.8); current version is 2026.3.24.
Config was last written by a newer OpenClaw (2026.6.8); current version is 2026.3.24.
Config was last written by a newer OpenClaw (2026.6.8); current version is 2026.3.24.
Config was last written by a newer OpenClaw (2026.6.8); current version is 2026.3.24.
Config was last written by a newer OpenClaw (2026.6.8); current version is 2026.3.24.
Config was last written by a newer OpenClaw (2026.6.8); current version is 2026.3.24.
Config was last written by a newer OpenClaw (2026.6.8); current version is 2026.3.24.
Config was last written by a newer OpenClaw (2026.6.8); current version is 2026.3.24.
Config was last written by a newer OpenClaw (2026.6.8); current version is 2026.3.24.
Config was last written by a newer OpenClaw (2026.6.8); current version is 2026.3.24.
Config was last written by a newer OpenClaw (2026.6.8); current version is 2026.3.24.
Config was last written by a newer OpenClaw (2026.6.8); current version is 2026.3.24.
Config was last written by a newer OpenClaw (2026.6.8); current version is 2026.3.24.
Config was last written by a newer OpenClaw (2026.6.8); current version is 2026.3.24.
Config was last written by a newer OpenClaw (2026.6.8); current version is 2026.3.24.
Config was last written by a newer OpenClaw (2026.6.8); current version is 2026.3.24.
Config was last written by a newer OpenClaw (2026.6.8); current version is 2026.3.24.
Config was last written by a newer OpenClaw (2026.6.8); current version is 2026.3.24.
Config was last written by a newer OpenClaw (2026.6.8); current version is 2026.3.24.
Config was last written by a newer OpenClaw (2026.6.8); current version is 2026.3.24.
Config was last written by a newer OpenClaw (2026.6.8); current version is 2026.3.24.
Config was last written by a newer OpenClaw (2026.6.8); current version is 2026.3.24.
Config was last written by a newer OpenClaw (2026.6.8); current version is 2026.3.24.
Config was last written by a newer OpenClaw (2026.6.8); current version is 2026.3.24.
Config was last written by a newer OpenClaw (2026.6.8); current version is 2026.3.24.
Config was last written by a newer OpenClaw (2026.6.8); current version is 2026.3.24.
Config was last written by a newer OpenClaw (2026.6.8); current version is 2026.3.24.
Config was last written by a newer OpenClaw (2026.6.8); current version is 2026.3.24.
Config was last written by a newer OpenClaw (2026.6.8); current version is 2026.3.24.
Config was last written by a newer OpenClaw (2026.6.8); current version is 2026.3.24.
Config was last written by a newer OpenClaw (2026.6.8); current version is 2026.3.24.
Config was last written by a newer OpenClaw (2026.6.8); current version is 2026.3.24.
Config was last written by a newer OpenClaw (2026.6.8); current version is 2026.3.24.
Config was last written by a newer OpenClaw (2026.6.8); current version is 2026.3.24.
Config was last written by a newer OpenClaw (2026.6.8); current version is 2026.3.24.
Config was last written by a newer OpenClaw (2026.6.8); current version is 2026.3.24.
Config was last written by a newer OpenClaw (2026.6.8); current version is 2026.3.24.
Config was last written by a newer OpenClaw (2026.6.8); current version is 2026.3.24.
Config was last written by a newer OpenClaw (2026.6.8); current version is 2026.3.24.
Config was last written by a newer OpenClaw (2026.6.8); current version is 2026.3.24.
Config was last written by a newer OpenClaw (2026.6.8); current version is 2026.3.24.
Config was last written by a newer OpenClaw (2026.6.8); current version is 2026.3.24.
Config was last written by a newer OpenClaw (2026.6.8); current version is 2026.3.24.
Config was last written by a newer OpenClaw (2026.6.8); current version is 2026.3.24.
Config was last written by a newer OpenClaw (2026.6.8); current version is 2026.3.24.
Config was last written by a newer OpenClaw (2026.6.8); current version is 2026.3.24.
Config was last written by a newer OpenClaw (2026.6.8); current version is 2026.3.24.
Config was last written by a newer OpenClaw (2026.6.8); current version is 2026.3.24.
Config was last written by a newer OpenClaw (2026.6.8); current version is 2026.3.24.
Config was last written by a newer OpenClaw (2026.6.8); current version is 2026.3.24.
Config was last written by a newer OpenClaw (2026.6.8); current version is 2026.3.24.
Config was last written by a newer OpenClaw (2026.6.8); current version is 2026.3.24.
Config was last written by a newer OpenClaw (2026.6.8); current version is 2026.3.24.
Config was last written by a newer OpenClaw (2026.6.8); current version is 2026.3.24.
Config was last written by a newer OpenClaw (2026.6.8); current version is 2026.3.24.
Config was last written by a newer OpenClaw (2026.6.8); current version is 2026.3.24.
Config was last written by a newer OpenClaw (2026.6.8); current version is 2026.3.24.
Config was last written by a newer OpenClaw (2026.6.8); current version is 2026.3.24.
Config was last written by a newer OpenClaw (2026.6.8); current version is 2026.3.24.
Config was last written by a newer OpenClaw (2026.6.8); current version is 2026.3.24.
Config was last written by a newer OpenClaw (2026.6.8); current version is 2026.3.24.
Config was last written by a newer OpenClaw (2026.6.8); current version is 2026.3.24.
Config was last written by a newer OpenClaw (2026.6.8); current version is 2026.3.24.
Config was last written by a newer OpenClaw (2026.6.8); current version is 2026.3.24.
Config was last written by a newer OpenClaw (2026.6.8); current version is 2026.3.24.
Config was last written by a newer OpenClaw (2026.6.8); current version is 2026.3.24.
Config was last written by a newer OpenClaw (2026.6.8); current version is 2026.3.24.
Config was last written by a newer OpenClaw (2026.6.8); current version is 2026.3.24.
Config was last written by a newer OpenClaw (2026.6.8); current version is 2026.3.24.
Config was last written by a newer OpenClaw (2026.6.8); current version is 2026.3.24.
Config was last written by a newer OpenClaw (2026.6.8); current version is 2026.3.24.
Config was last written by a newer OpenClaw (2026.6.8); current version is 2026.3.24.
Config was last written by a newer OpenClaw (2026.6.8); current version is 2026.3.24.
Config was last written by a newer OpenClaw (2026.6.8); current version is 2026.3.24.
Config was last written by a newer OpenClaw (2026.6.8); current version is 2026.3.24.
Config was last written by a newer OpenClaw (2026.6.8); current version is 2026.3.24.
Config was last written by a newer OpenClaw (2026.6.8); current version is 2026.3.24.
Config was last written by a newer OpenClaw (2026.6.8); current version is 2026.3.24.
Config was last written by a newer OpenClaw (2026.6.8); current version is 2026.3.24.
Config was last written by a newer OpenClaw (2026.6.8); current version is 2026.3.24.
Config was last written by a newer OpenClaw (2026.6.8); current version is 2026.3.24.
Config was last written by a newer OpenClaw (2026.6.8); current version is 2026.3.24.
Config was last written by a newer OpenClaw (2026.6.8); current version is 2026.3.24.
Config was last written by a newer OpenClaw (2026.6.8); current version is 2026.3.24.
Config was last written by a newer OpenClaw (2026.6.8); current version is 2026.3.24.
Config was last written by a newer OpenClaw (2026.6.8); current version is 2026.3.24.
Config was last written by a newer OpenClaw (2026.6.8); current version is 2026.3.24.
Config was last written by a newer OpenClaw (2026.6.8); current version is 2026.3.24.
Config was last written by a newer OpenClaw (2026.6.8); current version is 2026.3.24.
Config was last written by a newer OpenClaw (2026.6.8); current version is 2026.3.24.
Config was last written by a newer OpenClaw (2026.6.8); current version is 2026.3.24.
Config was last written by a newer OpenClaw (2026.6.8); current version is 2026.3.24.
Config was last written by a newer OpenClaw (2026.6.8); current version is 2026.3.24.
Config was last written by a newer OpenClaw (2026.6.8); current version is 2026.3.24.
Config was last written by a newer OpenClaw (2026.6.8); current version is 2026.3.24.
Config was last written by a newer OpenClaw (2026.6.8); current version is 2026.3.24.
Config was last written by a newer OpenClaw (2026.6.8); current version is 2026.3.24.
Config was last written by a newer OpenClaw (2026.6.8); current version is 2026.3.24.
Config was last written by a newer OpenClaw (2026.6.8); current version is 2026.3.24.
Config was last written by a newer OpenClaw (2026.6.8); current version is 2026.3.24.
Config was last written by a newer OpenClaw (2026.6.8); current version is 2026.3.24.
Config was last written by a newer OpenClaw (2026.6.8); current version is 2026.3.24.
Config was last written by a newer OpenClaw (2026.6.8); current version is 2026.3.24.
Config was last written by a newer OpenClaw (2026.6.8); current version is 2026.3.24.
Config was last written by a newer OpenClaw (2026.6.8); current version is 2026.3.24.
Config was last written by a newer OpenClaw (2026.6.8); current version is 2026.3.24.
Config was last written by a newer OpenClaw (2026.6.8); current version is 2026.3.24.
Config was last written by a newer OpenClaw (2026.6.8); current version is 2026.3.24.
Config was last written by a newer OpenClaw (2026.6.8); current version is 2026.3.24.
Config was last written by a newer OpenClaw (2026.6.8); current version is 2026.3.24.
Config was last written by a newer OpenClaw (2026.6.8); current version is 2026.3.24.
Config was last written by a newer OpenClaw (2026.6.8); current version is 2026.3.24.
Config was last written by a newer OpenClaw (2026.6.8); current version is 2026.3.24.
Config was last written by a newer OpenClaw (2026.6.8); current version is 2026.3.24.
Config was last written by a newer OpenClaw (2026.6.8); current version is 2026.3.24.
Config was last written by a newer OpenClaw (2026.6.8); current version is 2026.3.24.
Config was last written by a newer OpenClaw (2026.6.8); current version is 2026.3.24.
Config was last written by a newer OpenClaw (2026.6.8); current version is 2026.3.24.
Config was last written by a newer OpenClaw (2026.6.8); current version is 2026.3.24.
Config was last written by a newer OpenClaw (2026.6.8); current version is 2026.3.24.
Config was last written by a newer OpenClaw (2026.6.8); current version is 2026.3.24.
Config was last written by a newer OpenClaw (2026.6.8); current version is 2026.3.24.
Config was last written by a newer OpenClaw (2026.6.8); current version is 2026.3.24.
Config was last written by a newer OpenClaw (2026.6.8); current version is 2026.3.24.
Config was last written by a newer OpenClaw (2026.6.8); current version is 2026.3.24.
Config was last written by a newer OpenClaw (2026.6.8); current version is 2026.3.24.
Config was last written by a newer OpenClaw (2026.6.8); current version is 2026.3.24.
Config was last written by a newer OpenClaw (2026.6.8); current version is 2026.3.24.
Config was last written by a newer OpenClaw (2026.6.8); current version is 2026.3.24.
Config was last written by a newer OpenClaw (2026.6.8); current version is 2026.3.24.
Config was last written by a newer OpenClaw (2026.6.8); current version is 2026.3.24.
Config was last written by a newer OpenClaw (2026.6.8); current version is 2026.3.24.
Config was last written by a newer OpenClaw (2026.6.8); current version is 2026.3.24.
Config was last written by a newer OpenClaw (2026.6.8); current version is 2026.3.24.
Config was last written by a newer OpenClaw (2026.6.8); current version is 2026.3.24.
Config was last written by a newer OpenClaw (2026.6.8); current version is 2026.3.24.
Config was last written by a newer OpenClaw (2026.6.8); current version is 2026.3.24.
Config was last written by a newer OpenClaw (2026.6.8); current version is 2026.3.24.
Config was last written by a newer OpenClaw (2026.6.8); current version is 2026.3.24.
Config was last written by a newer OpenClaw (2026.6.8); current version is 2026.3.24.
Config was last written by a newer OpenClaw (2026.6.8); current version is 2026.3.24.
Config was last written by a newer OpenClaw (2026.6.8); current version is 2026.3.24.
Config was last written by a newer OpenClaw (2026.6.8); current version is 2026.3.24.
Config was last written by a newer OpenClaw (2026.6.8); current version is 2026.3.24.
Config was last written by a newer OpenClaw (2026.6.8); current version is 2026.3.24.
Config was last written by a newer OpenClaw (2026.6.8); current version is 2026.3.24.
Config was last written by a newer OpenClaw (2026.6.8); current version is 2026.3.24.
Config was last written by a newer OpenClaw (2026.6.8); current version is 2026.3.24.
Config was last written by a newer OpenClaw (2026.6.8); current version is 2026.3.24.
Config was last written by a newer OpenClaw (2026.6.8); current version is 2026.3.24.
Config was last written by a newer OpenClaw (2026.6.8); current version is 2026.3.24.
Config was last written by a newer OpenClaw (2026.6.8); current version is 2026.3.24.
Config was last written by a newer OpenClaw (2026.6.8); current version is 2026.3.24.
Config was last written by a newer OpenClaw (2026.6.8); current version is 2026.3.24.
Config was last written by a newer OpenClaw (2026.6.8); current version is 2026.3.24.
Config was last written by a newer OpenClaw (2026.6.8); current version is 2026.3.24.
Config was last written by a newer OpenClaw (2026.6.8); current version is 2026.3.24.
Config was last written by a newer OpenClaw (2026.6.8); current version is 2026.3.24.
Config was last written by a newer OpenClaw (2026.6.8); current version is 2026.3.24.
Config was last written by a newer OpenClaw (2026.6.8); current version is 2026.3.24.
Config was last written by a newer OpenClaw (2026.6.8); current version is 2026.3.24.
Config was last written by a newer OpenClaw (2026.6.8); current version is 2026.3.24.
Config was last written by a newer OpenClaw (2026.6.8); current version is 2026.3.24.
Config was last written by a newer OpenClaw (2026.6.8); current version is 2026.3.24.
Config was last written by a newer OpenClaw (2026.6.8); current version is 2026.3.24.
Config was last written by a newer OpenClaw (2026.6.8); current version is 2026.3.24.
Config was last written by a newer OpenClaw (2026.6.8); current version is 2026.3.24.
Config was last written by a newer OpenClaw (2026.6.8); current version is 2026.3.24.
Config was last written by a newer OpenClaw (2026.6.8); current version is 2026.3.24.
Config was last written by a newer OpenClaw (2026.6.8); current version is 2026.3.24.
Config was last written by a newer OpenClaw (2026.6.8); current version is 2026.3.24.
Config was last written by a newer OpenClaw (2026.6.8); current version is 2026.3.24.
Config was last written by a newer OpenClaw (2026.6.8); current version is 2026.3.24.
Config was last written by a newer OpenClaw (2026.6.8); current version is 2026.3.24.
Config was last written by a newer OpenClaw (2026.6.8); current version is 2026.3.24.
Config was last written by a newer OpenClaw (2026.6.8); current version is 2026.3.24.
Config was last written by a newer OpenClaw (2026.6.8); current version is 2026.3.24.
Config was last written by a newer OpenClaw (2026.6.8); current version is 2026.3.24.
Config was last written by a newer OpenClaw (2026.6.8); current version is 2026.3.24.
Config was last written by a newer OpenClaw (2026.6.8); current version is 2026.3.24.
Config was last written by a newer OpenClaw (2026.6.8); current version is 2026.3.24.
Config was last written by a newer OpenClaw (2026.6.8); current version is 2026.3.24.
Config was last written by a newer OpenClaw (2026.6.8); current version is 2026.3.24.
Config was last written by a newer OpenClaw (2026.6.8); current version is 2026.3.24.
Config was last written by a newer OpenClaw (2026.6.8); current version is 2026.3.24.
Config was last written by a newer OpenClaw (2026.6.8); current version is 2026.3.24.
Config was last written by a newer OpenClaw (2026.6.8); current version is 2026.3.24.
Config was last written by a newer OpenClaw (2026.6.8); current version is 2026.3.24.
Config was last written by a newer OpenClaw (2026.6.8); current version is 2026.3.24.
Config was last written by a newer OpenClaw (2026.6.8); current version is 2026.3.24.
Config was last written by a newer OpenClaw (2026.6.8); current version is 2026.3.24.
Config was last written by a newer OpenClaw (2026.6.8); current version is 2026.3.24.
Config was last written by a newer OpenClaw (2026.6.8); current version is 2026.3.24.
Config was last written by a newer OpenClaw (2026.6.8); current version is 2026.3.24.
Config was last written by a newer OpenClaw (2026.6.8); current version is 2026.3.24.
Config was last written by a newer OpenClaw (2026.6.8); current version is 2026.3.24.
Config was last written by a newer OpenClaw (2026.6.8); current version is 2026.3.24.
Config was last written by a newer OpenClaw (2026.6.8); current version is 2026.3.24.
Config was last written by a newer OpenClaw (2026.6.8); current version is 2026.3.24.
Config was last written by a newer OpenClaw (2026.6.8); current version is 2026.3.24.
Config was last written by a newer OpenClaw (2026.6.8); current version is 2026.3.24.
Config was last written by a newer OpenClaw (2026.6.8); current version is 2026.3.24.
Config was last written by a newer OpenClaw (2026.6.8); current version is 2026.3.24.
Config was last written by a newer OpenClaw (2026.6.8); current version is 2026.3.24.
Config was last written by a newer OpenClaw (2026.6.8); current version is 2026.3.24.
Config was last written by a newer OpenClaw (2026.6.8); current version is 2026.3.24.
Config was last written by a newer OpenClaw (2026.6.8); current version is 2026.3.24.
Config was last written by a newer OpenClaw (2026.6.8); current version is 2026.3.24.
Config was last written by a newer OpenClaw (2026.6.8); current version is 2026.3.24.
Config was last written by a newer OpenClaw (2026.6.8); current version is 2026.3.24.
Config was last written by a newer OpenClaw (2026.6.8); current version is 2026.3.24.
Config was last written by a newer OpenClaw (2026.6.8); current version is 2026.3.24.
Config was last written by a newer OpenClaw (2026.6.8); current version is 2026.3.24.
Config was last written by a newer OpenClaw (2026.6.8); current version is 2026.3.24.
Config was last written by a newer OpenClaw (2026.6.8); current version is 2026.3.24.
Config was last written by a newer OpenClaw (2026.6.8); current version is 2026.3.24.
Config was last written by a newer OpenClaw (2026.6.8); current version is 2026.3.24.
Config was last written by a newer OpenClaw (2026.6.8); current version is 2026.3.24.
Config was last written by a newer OpenClaw (2026.6.8); current version is 2026.3.24.
Config was last written by a newer OpenClaw (2026.6.8); current version is 2026.3.24.
Config was last written by a newer OpenClaw (2026.6.8); current version is 2026.3.24.
Config was last written by a newer OpenClaw (2026.6.8); current version is 2026.3.24.
Config was last written by a newer OpenClaw (2026.6.8); current version is 2026.3.24.
Config was last written by a newer OpenClaw (2026.6.8); current version is 2026.3.24.
Config was last written by a newer OpenClaw (2026.6.8); current version is 2026.3.24.
Config was last written by a newer OpenClaw (2026.6.8); current version is 2026.3.24.
Config was last written by a newer OpenClaw (2026.6.8); current version is 2026.3.24.
Config was last written by a newer OpenClaw (2026.6.8); current version is 2026.3.24.
Config was last written by a newer OpenClaw (2026.6.8); current version is 2026.3.24.
Config was last written by a newer OpenClaw (2026.6.8); current version is 2026.3.24.
Config was last written by a newer OpenClaw (2026.6.8); current version is 2026.3.24.
Config was last written by a newer OpenClaw (2026.6.8); current version is 2026.3.24.
Config was last written by a newer OpenClaw (2026.6.8); current version is 2026.3.24.
Config was last written by a newer OpenClaw (2026.6.8); current version is 2026.3.24.
Config was last written by a newer OpenClaw (2026.6.8); current version is 2026.3.24.
Config was last written by a newer OpenClaw (2026.6.8); current version is 2026.3.24.
Config was last written by a newer OpenClaw (2026.6.8); current version is 2026.3.24.
Config was last written by a newer OpenClaw (2026.6.8); current version is 2026.3.24.
Config was last written by a newer OpenClaw (2026.6.8); current version is 2026.3.24.
Config was last written by a newer OpenClaw (2026.6.8); current version is 2026.3.24.
Config was last written by a newer OpenClaw (2026.6.8); current version is 2026.3.24.
Config was last written by a newer OpenClaw (2026.6.8); current version is 2026.3.24.
Config was last written by a newer OpenClaw (2026.6.8); current version is 2026.3.24.
Config was last written by a newer OpenClaw (2026.6.8); current version is 2026.3.24.
Config was last written by a newer OpenClaw (2026.6.8); current version is 2026.3.24.
Config was last written by a newer OpenClaw (2026.6.8); current version is 2026.3.24.
Config was last written by a newer OpenClaw (2026.6.8); current version is 2026.3.24.
Config was last written by a newer OpenClaw (2026.6.8); current version is 2026.3.24.
Config was last written by a newer OpenClaw (2026.6.8); current version is 2026.3.24.
Config was last written by a newer OpenClaw (2026.6.8); current version is 2026.3.24.
Config was last written by a newer OpenClaw (2026.6.8); current version is 2026.3.24.
Config was last written by a newer OpenClaw (2026.6.8); current version is 2026.3.24.
Config was last written by a newer OpenClaw (2026.6.8); current version is 2026.3.24.
Config was last written by a newer OpenClaw (2026.6.8); current version is 2026.3.24.
Config was last written by a newer OpenClaw (2026.6.8); current version is 2026.3.24.
Config was last written by a newer OpenClaw (2026.6.8); current version is 2026.3.24.
Config was last written by a newer OpenClaw (2026.6.8); current version is 2026.3.24.
Config was last written by a newer OpenClaw (2026.6.8); current version is 2026.3.24.
Config was last written by a newer OpenClaw (2026.6.8); current version is 2026.3.24.
Config was last written by a newer OpenClaw (2026.6.8); current version is 2026.3.24.
Config was last written by a newer OpenClaw (2026.6.8); current version is 2026.3.24.
Config was last written by a newer OpenClaw (2026.6.8); current version is 2026.3.24.
Config was last written by a newer OpenClaw (2026.6.8); current version is 2026.3.24.
Config was last written by a newer OpenClaw (2026.6.8); current version is 2026.3.24.
Config was last written by a newer OpenClaw (2026.6.8); current version is 2026.3.24.
Config was last written by a newer OpenClaw (2026.6.8); current version is 2026.3.24.
Config was last written by a newer OpenClaw (2026.6.8); current version is 2026.3.24.
Config was last written by a newer OpenClaw (2026.6.8); current version is 2026.3.24.
Config was last written by a newer OpenClaw (2026.6.8); current version is 2026.3.24.
Config was last written by a newer OpenClaw (2026.6.8); current version is 2026.3.24.
Config was last written by a newer OpenClaw (2026.6.8); current version is 2026.3.24.
Config was last written by a newer OpenClaw (2026.6.8); current version is 2026.3.24.
Config was last written by a newer OpenClaw (2026.6.8); current version is 2026.3.24.
Config was last written by a newer OpenClaw (2026.6.8); current version is 2026.3.24.
Config was last written by a newer OpenClaw (2026.6.8); current version is 2026.3.24.
Config was last written by a newer OpenClaw (2026.6.8); current version is 2026.3.24.
Config was last written by a newer OpenClaw (2026.6.8); current version is 2026.3.24.
Config was last written by a newer OpenClaw (2026.6.8); current version is 2026.3.24.
Config was last written by a newer OpenClaw (2026.6.8); current version is 2026.3.24.
Config was last written by a newer OpenClaw (2026.6.8); current version is 2026.3.24.
Config was last written by a newer OpenClaw (2026.6.8); current version is 2026.3.24.
Config was last written by a newer OpenClaw (2026.6.8); current version is 2026.3.24.
Config was last written by a newer OpenClaw (2026.6.8); current version is 2026.3.24.
Config was last written by a newer OpenClaw (2026.6.8); current version is 2026.3.24.
Config was last written by a newer OpenClaw (2026.6.8); current version is 2026.3.24.
Config was last written by a newer OpenClaw (2026.6.8); current version is 2026.3.24.
Config was last written by a newer OpenClaw (2026.6.8); current version is 2026.3.24.
Config was last written by a newer OpenClaw (2026.6.8); current version is 2026.3.24.
Config was last written by a newer OpenClaw (2026.6.8); current version is 2026.3.24.
Config was last written by a newer OpenClaw (2026.6.8); current version is 2026.3.24.
Config was last written by a newer OpenClaw (2026.6.8); current version is 2026.3.24.
Config was last written by a newer OpenClaw (2026.6.8); current version is 2026.3.24.
Config was last written by a newer OpenClaw (2026.6.8); current version is 2026.3.24.
Config was last written by a newer OpenClaw (2026.6.8); current version is 2026.3.24.
Config was last written by a newer OpenClaw (2026.6.8); current version is 2026.3.24.
Config was last written by a newer OpenClaw (2026.6.8); current version is 2026.3.24.
Config was last written by a newer OpenClaw (2026.6.8); current version is 2026.3.24.
Config was last written by a newer OpenClaw (2026.6.8); current version is 2026.3.24.
Config was last written by a newer OpenClaw (2026.6.8); current version is 2026.3.24.
Config was last written by a newer OpenClaw (2026.6.8); current version is 2026.3.24.
Config was last written by a newer OpenClaw (2026.6.8); current version is 2026.3.24.
Config was last written by a newer OpenClaw (2026.6.8); current version is 2026.3.24.
Config was last written by a newer OpenClaw (2026.6.8); current version is 2026.3.24.
Config was last written by a newer OpenClaw (2026.6.8); current version is 2026.3.24.
Config was last written by a newer OpenClaw (2026.6.8); current version is 2026.3.24.
Config was last written by a newer OpenClaw (2026.6.8); current version is 2026.3.24.
Config was last written by a newer OpenClaw (2026.6.8); current version is 2026.3.24.
Config was last written by a newer OpenClaw (2026.6.8); current version is 2026.3.24.
Config was last written by a newer OpenClaw (2026.6.8); current version is 2026.3.24.
Config was last written by a newer OpenClaw (2026.6.8); current version is 2026.3.24.
Config was last written by a newer OpenClaw (2026.6.8); current version is 2026.3.24.
Config was last written by a newer OpenClaw (2026.6.8); current version is 2026.3.24.
Config was last written by a newer OpenClaw (2026.6.8); current version is 2026.3.24.
Config was last written by a newer OpenClaw (2026.6.8); current version is 2026.3.24.
Config was last written by a newer OpenClaw (2026.6.8); current version is 2026.3.24.
Config was last written by a newer OpenClaw (2026.6.8); current version is 2026.3.24.
Config was last written by a newer OpenClaw (2026.6.8); current version is 2026.3.24.
Config was last written by a newer OpenClaw (2026.6.8); current version is 2026.3.24.
Config was last written by a newer OpenClaw (2026.6.8); current version is 2026.3.24.
Config was last written by a newer OpenClaw (2026.6.8); current version is 2026.3.24.
Config was last written by a newer OpenClaw (2026.6.8); current version is 2026.3.24.
Config was last written by a newer OpenClaw (2026.6.8); current version is 2026.3.24.
Config was last written by a newer OpenClaw (2026.6.8); current version is 2026.3.24.
Config was last written by a newer OpenClaw (2026.6.8); current version is 2026.3.24.
Config was last written by a newer OpenClaw (2026.6.8); current version is 2026.3.24.
Config was last written by a newer OpenClaw (2026.6.8); current version is 2026.3.24.
Config was last written by a newer OpenClaw (2026.6.8); current version is 2026.3.24.
Config was last written by a newer OpenClaw (2026.6.8); current version is 2026.3.24.
Config was last written by a newer OpenClaw (2026.6.8); current version is 2026.3.24.
Config was last written by a newer OpenClaw (2026.6.8); current version is 2026.3.24.
Config was last written by a newer OpenClaw (2026.6.8); current version is 2026.3.24.
Config was last written by a newer OpenClaw (2026.6.8); current version is 2026.3.24.
Config was last written by a newer OpenClaw (2026.6.8); current version is 2026.3.24.
Config was last written by a newer OpenClaw (2026.6.8); current version is 2026.3.24.
Config was last written by a newer OpenClaw (2026.6.8); current version is 2026.3.24.
Config was last written by a newer OpenClaw (2026.6.8); current version is 2026.3.24.
Config was last written by a newer OpenClaw (2026.6.8); current version is 2026.3.24.
Config was last written by a newer OpenClaw (2026.6.8); current version is 2026.3.24.
Config was last written by a newer OpenClaw (2026.6.8); current version is 2026.3.24.
Config was last written by a newer OpenClaw (2026.6.8); current version is 2026.3.24.
Config was last written by a newer OpenClaw (2026.6.8); current version is 2026.3.24.
Config was last written by a newer OpenClaw (2026.6.8); current version is 2026.3.24.
Config was last written by a newer OpenClaw (2026.6.8); current version is 2026.3.24.
Config was last written by a newer OpenClaw (2026.6.8); current version is 2026.3.24.
Config was last written by a newer OpenClaw (2026.6.8); current version is 2026.3.24.
Config was last written by a newer OpenClaw (2026.6.8); current version is 2026.3.24.
Config was last written by a newer OpenClaw (2026.6.8); current version is 2026.3.24.
Config was last written by a newer OpenClaw (2026.6.8); current version is 2026.3.24.
Config was last written by a newer OpenClaw (2026.6.8); current version is 2026.3.24.
Config was last written by a newer OpenClaw (2026.6.8); current version is 2026.3.24.
Config was last written by a newer OpenClaw (2026.6.8); current version is 2026.3.24.
Config was last written by a newer OpenClaw (2026.6.8); current version is 2026.3.24.
Config was last written by a newer OpenClaw (2026.6.8); current version is 2026.3.24.
Config was last written by a newer OpenClaw (2026.6.8); current version is 2026.3.24.
Config was last written by a newer OpenClaw (2026.6.8); current version is 2026.3.24.
Config was last written by a newer OpenClaw (2026.6.8); current version is 2026.3.24.
Config was last written by a newer OpenClaw (2026.6.8); current version is 2026.3.24.
Config was last written by a newer OpenClaw (2026.6.8); current version is 2026.3.24.
Config was last written by a newer OpenClaw (2026.6.8); current version is 2026.3.24.
Config was last written by a newer OpenClaw (2026.6.8); current version is 2026.3.24.
Config was last written by a newer OpenClaw (2026.6.8); current version is 2026.3.24.
Config was last written by a newer OpenClaw (2026.6.8); current version is 2026.3.24.
Config was last written by a newer OpenClaw (2026.6.8); current version is 2026.3.24.
Config was last written by a newer OpenClaw (2026.6.8); current version is 2026.3.24.
Config was last written by a newer OpenClaw (2026.6.8); current version is 2026.3.24.
Config was last written by a newer OpenClaw (2026.6.8); current version is 2026.3.24.
Config was last written by a newer OpenClaw (2026.6.8); current version is 2026.3.24.
Config was last written by a newer OpenClaw (2026.6.8); current version is 2026.3.24.
Config was last written by a newer OpenClaw (2026.6.8); current version is 2026.3.24.
Config was last written by a newer OpenClaw (2026.6.8); current version is 2026.3.24.
Config was last written by a newer OpenClaw (2026.6.8); current version is 2026.3.24.
Config was last written by a newer OpenClaw (2026.6.8); current version is 2026.3.24.
Config was last written by a newer OpenClaw (2026.6.8); current version is 2026.3.24.
Config was last written by a newer OpenClaw (2026.6.8); current version is 2026.3.24.
Config was last written by a newer OpenClaw (2026.6.8); current version is 2026.3.24.
Config was last written by a newer OpenClaw (2026.6.8); current version is 2026.3.24.
Config was last written by a newer OpenClaw (2026.6.8); current version is 2026.3.24.
Config was last written by a newer OpenClaw (2026.6.8); current version is 2026.3.24.
Config was last written by a newer OpenClaw (2026.6.8); current version is 2026.3.24.
Config was last written by a newer OpenClaw (2026.6.8); current version is 2026.3.24.
Config was last written by a newer OpenClaw (2026.6.8); current version is 2026.3.24.
Config was last written by a newer OpenClaw (2026.6.8); current version is 2026.3.24.
Config was last written by a newer OpenClaw (2026.6.8); current version is 2026.3.24.
Config was last written by a newer OpenClaw (2026.6.8); current version is 2026.3.24.
Config was last written by a newer OpenClaw (2026.6.8); current version is 2026.3.24.
Config was last written by a newer OpenClaw (2026.6.8); current version is 2026.3.24.
Config was last written by a newer OpenClaw (2026.6.8); current version is 2026.3.24.
Config was last written by a newer OpenClaw (2026.6.8); current version is 2026.3.24.
Config was last written by a newer OpenClaw (2026.6.8); current version is 2026.3.24.
Config was last written by a newer OpenClaw (2026.6.8); current version is 2026.3.24.
Config was last written by a newer OpenClaw (2026.6.8); current version is 2026.3.24.
Config was last written by a newer OpenClaw (2026.6.8); current version is 2026.3.24.
Config was last written by a newer OpenClaw (2026.6.8); current version is 2026.3.24.
Config was last written by a newer OpenClaw (2026.6.8); current version is 2026.3.24.
Config was last written by a newer OpenClaw (2026.6.8); current version is 2026.3.24.
Config was last written by a newer OpenClaw (2026.6.8); current version is 2026.3.24.
Config was last written by a newer OpenClaw (2026.6.8); current version is 2026.3.24.
Config was last written by a newer OpenClaw (2026.6.8); current version is 2026.3.24.
Config was last written by a newer OpenClaw (2026.6.8); current version is 2026.3.24.
Config was last written by a newer OpenClaw (2026.6.8); current version is 2026.3.24.
Config was last written by a newer OpenClaw (2026.6.8); current version is 2026.3.24.
Config was last written by a newer OpenClaw (2026.6.8); current version is 2026.3.24.
Config was last written by a newer OpenClaw (2026.6.8); current version is 2026.3.24.
Config was last written by a newer OpenClaw (2026.6.8); current version is 2026.3.24.
Config was last written by a newer OpenClaw (2026.6.8); current version is 2026.3.24.
Config was last written by a newer OpenClaw (2026.6.8); current version is 2026.3.24.
Config was last written by a newer OpenClaw (2026.6.8); current version is 2026.3.24.
Config was last written by a newer OpenClaw (2026.6.8); current version is 2026.3.24.
Config was last written by a newer OpenClaw (2026.6.8); current version is 2026.3.24.
Config was last written by a newer OpenClaw (2026.6.8); current version is 2026.3.24.
Config was last written by a newer OpenClaw (2026.6.8); current version is 2026.3.24.
Config was last written by a newer OpenClaw (2026.6.8); current version is 2026.3.24.
Config was last written by a newer OpenClaw (2026.6.8); current version is 2026.3.24.
Config was last written by a newer OpenClaw (2026.6.8); current version is 2026.3.24.
Config was last written by a newer OpenClaw (2026.6.8); current version is 2026.3.24.
Config was last written by a newer OpenClaw (2026.6.8); current version is 2026.3.24.
Config was last written by a newer OpenClaw (2026.6.8); current version is 2026.3.24.
Config was last written by a newer OpenClaw (2026.6.8); current version is 2026.3.24.
Config was last written by a newer OpenClaw (2026.6.8); current version is 2026.3.24.
Config was last written by a newer OpenClaw (2026.6.8); current version is 2026.3.24.
Config was last written by a newer OpenClaw (2026.6.8); current version is 2026.3.24.
Config was last written by a newer OpenClaw (2026.6.8); current version is 2026.3.24.
Config was last written by a newer OpenClaw (2026.6.8); current version is 2026.3.24.
Config was last written by a newer OpenClaw (2026.6.8); current version is 2026.3.24.
Config was last written by a newer OpenClaw (2026.6.8); current version is 2026.3.24.
Config was last written by a newer OpenClaw (2026.6.8); current version is 2026.3.24.
Config was last written by a newer OpenClaw (2026.6.8); current version is 2026.3.24.
Config was last written by a newer OpenClaw (2026.6.8); current version is 2026.3.24.
Config was last written by a newer OpenClaw (2026.6.8); current version is 2026.3.24.
Config was last written by a newer OpenClaw (2026.6.8); current version is 2026.3.24.
Config was last written by a newer OpenClaw (2026.6.8); current version is 2026.3.24.
Config was last written by a newer OpenClaw (2026.6.8); current version is 2026.3.24.
Config was last written by a newer OpenClaw (2026.6.8); current version is 2026.3.24.
Config was last written by a newer OpenClaw (2026.6.8); current version is 2026.3.24.
Config was last written by a newer OpenClaw (2026.6.8); current version is 2026.3.24.
Config was last written by a newer OpenClaw (2026.6.8); current version is 2026.3.24.
Config was last written by a newer OpenClaw (2026.6.8); current version is 2026.3.24.
Config was last written by a newer OpenClaw (2026.6.8); current version is 2026.3.24.
Config was last written by a newer OpenClaw (2026.6.8); current version is 2026.3.24.
Config was last written by a newer OpenClaw (2026.6.8); current version is 2026.3.24.
Config was last written by a newer OpenClaw (2026.6.8); current version is 2026.3.24.
Config was last written by a newer OpenClaw (2026.6.8); current version is 2026.3.24.
Config was last written by a newer OpenClaw (2026.6.8); current version is 2026.3.24.
Config was last written by a newer OpenClaw (2026.6.8); current version is 2026.3.24.
Config was last written by a newer OpenClaw (2026.6.8); current version is 2026.3.24.
Config was last written by a newer OpenClaw (2026.6.8); current version is 2026.3.24.
Config was last written by a newer OpenClaw (2026.6.8); current version is 2026.3.24.
Config was last written by a newer OpenClaw (2026.6.8); current version is 2026.3.24.
Config was last written by a newer OpenClaw (2026.6.8); current version is 2026.3.24.
Config was last written by a newer OpenClaw (2026.6.8); current version is 2026.3.24.
Config was last written by a newer OpenClaw (2026.6.8); current version is 2026.3.24.
Config was last written by a newer OpenClaw (2026.6.8); current version is 2026.3.24.
Config was last written by a newer OpenClaw (2026.6.8); current version is 2026.3.24.
Config was last written by a newer OpenClaw (2026.6.8); current version is 2026.3.24.
Config was last written by a newer OpenClaw (2026.6.8); current version is 2026.3.24.
Config was last written by a newer OpenClaw (2026.6.8); current version is 2026.3.24.
Config was last written by a newer OpenClaw (2026.6.8); current version is 2026.3.24.
Config was last written by a newer OpenClaw (2026.6.8); current version is 2026.3.24.
Config was last written by a newer OpenClaw (2026.6.8); current version is 2026.3.24.
Config was last written by a newer OpenClaw (2026.6.8); current version is 2026.3.24.
Config was last written by a newer OpenClaw (2026.6.8); current version is 2026.3.24.
Config was last written by a newer OpenClaw (2026.6.8); current version is 2026.3.24.
Config was last written by a newer OpenClaw (2026.6.8); current version is 2026.3.24.
Config was last written by a newer OpenClaw (2026.6.8); current version is 2026.3.24.
Config was last written by a newer OpenClaw (2026.6.8); current version is 2026.3.24.
Config was last written by a newer OpenClaw (2026.6.8); current version is 2026.3.24.
Config was last written by a newer OpenClaw (2026.6.8); current version is 2026.3.24.
Config was last written by a newer OpenClaw (2026.6.8); current version is 2026.3.24.
Config was last written by a newer OpenClaw (2026.6.8); current version is 2026.3.24.
Config was last written by a newer OpenClaw (2026.6.8); current version is 2026.3.24.
Config was last written by a newer OpenClaw (2026.6.8); current version is 2026.3.24.
Config was last written by a newer OpenClaw (2026.6.8); current version is 2026.3.24.
Config was last written by a newer OpenClaw (2026.6.8); current version is 2026.3.24.
Config was last written by a newer OpenClaw (2026.6.8); current version is 2026.3.24.
Config was last written by a newer OpenClaw (2026.6.8); current version is 2026.3.24.
Config was last written by a newer OpenClaw (2026.6.8); current version is 2026.3.24.
Config was last written by a newer OpenClaw (2026.6.8); current version is 2026.3.24.
Config was last written by a newer OpenClaw (2026.6.8); current version is 2026.3.24.
Config was last written by a newer OpenClaw (2026.6.8); current version is 2026.3.24.
Config was last written by a newer OpenClaw (2026.6.8); current version is 2026.3.24.
Config was last written by a newer OpenClaw (2026.6.8); current version is 2026.3.24.
Config was last written by a newer OpenClaw (2026.6.8); current version is 2026.3.24.
Config was last written by a newer OpenClaw (2026.6.8); current version is 2026.3.24.
Config was last written by a newer OpenClaw (2026.6.8); current version is 2026.3.24.
Config was last written by a newer OpenClaw (2026.6.8); current version is 2026.3.24.
Config was last written by a newer OpenClaw (2026.6.8); current version is 2026.3.24.
Config was last written by a newer OpenClaw (2026.6.8); current version is 2026.3.24.
Config was last written by a newer OpenClaw (2026.6.8); current version is 2026.3.24.
Config was last written by a newer OpenClaw (2026.6.8); current version is 2026.3.24.
Config was last written by a newer OpenClaw (2026.6.8); current version is 2026.3.24.
Config was last written by a newer OpenClaw (2026.6.8); current version is 2026.3.24.
Config was last written by a newer OpenClaw (2026.6.8); current version is 2026.3.24.
Config was last written by a newer OpenClaw (2026.6.8); current version is 2026.3.24.
Config was last written by a newer OpenClaw (2026.6.8); current version is 2026.3.24.
Config was last written by a newer OpenClaw (2026.6.8); current version is 2026.3.24.
Config was last written by a newer OpenClaw (2026.6.8); current version is 2026.3.24.
Config was last written by a newer OpenClaw (2026.6.8); current version is 2026.3.24.
Config was last written by a newer OpenClaw (2026.6.8); current version is 2026.3.24.
Config was last written by a newer OpenClaw (2026.6.8); current version is 2026.3.24.
Config was last written by a newer OpenClaw (2026.6.8); current version is 2026.3.24.
Config was last written by a newer OpenClaw (2026.6.8); current version is 2026.3.24.
Config was last written by a newer OpenClaw (2026.6.8); current version is 2026.3.24.
Config was last written by a newer OpenClaw (2026.6.8); current version is 2026.3.24.
Config was last written by a newer OpenClaw (2026.6.8); current version is 2026.3.24.
Config was last written by a newer OpenClaw (2026.6.8); current version is 2026.3.24.
Config was last written by a newer OpenClaw (2026.6.8); current version is 2026.3.24.
Config was last written by a newer OpenClaw (2026.6.8); current version is 2026.3.24.
Config was last written by a newer OpenClaw (2026.6.8); current version is 2026.3.24.
Config was last written by a newer OpenClaw (2026.6.8); current version is 2026.3.24.
Config was last written by a newer OpenClaw (2026.6.8); current version is 2026.3.24.
Config was last written by a newer OpenClaw (2026.6.8); current version is 2026.3.24.
Config was last written by a newer OpenClaw (2026.6.8); current version is 2026.3.24.
Config was last written by a newer OpenClaw (2026.6.8); current version is 2026.3.24.
Config was last written by a newer OpenClaw (2026.6.8); current version is 2026.3.24.
Config was last written by a newer OpenClaw (2026.6.8); current version is 2026.3.24.
Config was last written by a newer OpenClaw (2026.6.8); current version is 2026.3.24.
Config was last written by a newer OpenClaw (2026.6.8); current version is 2026.3.24.
Config was last written by a newer OpenClaw (2026.6.8); current version is 2026.3.24.
Config was last written by a newer OpenClaw (2026.6.8); current version is 2026.3.24.
Config was last written by a newer OpenClaw (2026.6.8); current version is 2026.3.24.
Config was last written by a newer OpenClaw (2026.6.8); current version is 2026.3.24.
Config was last written by a newer OpenClaw (2026.6.8); current version is 2026.3.24.
Config was last written by a newer OpenClaw (2026.6.8); current version is 2026.3.24.
Config was last written by a newer OpenClaw (2026.6.8); current version is 2026.3.24.
Config was last written by a newer OpenClaw (2026.6.8); current version is 2026.3.24.
Config was last written by a newer OpenClaw (2026.6.8); current version is 2026.3.24.
Config was last written by a newer OpenClaw (2026.6.8); current version is 2026.3.24.
Config was last written by a newer OpenClaw (2026.6.8); current version is 2026.3.24.
Config was last written by a newer OpenClaw (2026.6.8); current version is 2026.3.24.
Config was last written by a newer OpenClaw (2026.6.8); current version is 2026.3.24.
Config was last written by a newer OpenClaw (2026.6.8); current version is 2026.3.24.
Config was last written by a newer OpenClaw (2026.6.8); current version is 2026.3.24.
Config was last written by a newer OpenClaw (2026.6.8); current version is 2026.3.24.
Config was last written by a newer OpenClaw (2026.6.8); current version is 2026.3.24.
Config was last written by a newer OpenClaw (2026.6.8); current version is 2026.3.24.
Config was last written by a newer OpenClaw (2026.6.8); current version is 2026.3.24.
Config was last written by a newer OpenClaw (2026.6.8); current version is 2026.3.24.
Config was last written by a newer OpenClaw (2026.6.8); current version is 2026.3.24.
Config was last written by a newer OpenClaw (2026.6.8); current version is 2026.3.24.
Config was last written by a newer OpenClaw (2026.6.8); current version is 2026.3.24.
Config was last written by a newer OpenClaw (2026.6.8); current version is 2026.3.24.
Config was last written by a newer OpenClaw (2026.6.8); current version is 2026.3.24.
Config was last written by a newer OpenClaw (2026.6.8); current version is 2026.3.24.
Config was last written by a newer OpenClaw (2026.6.8); current version is 2026.3.24.
Config was last written by a newer OpenClaw (2026.6.8); current version is 2026.3.24.
Config was last written by a newer OpenClaw (2026.6.8); current version is 2026.3.24.
Config was last written by a newer OpenClaw (2026.6.8); current version is 2026.3.24.
Config was last written by a newer OpenClaw (2026.6.8); current version is 2026.3.24.
Config was last written by a newer OpenClaw (2026.6.8); current version is 2026.3.24.
Config was last written by a newer OpenClaw (2026.6.8); current version is 2026.3.24.
Config was last written by a newer OpenClaw (2026.6.8); current version is 2026.3.24.
Config was last written by a newer OpenClaw (2026.6.8); current version is 2026.3.24.
Config was last written by a newer OpenClaw (2026.6.8); current version is 2026.3.24.
Config was last written by a newer OpenClaw (2026.6.8); current version is 2026.3.24.
Config was last written by a newer OpenClaw (2026.6.8); current version is 2026.3.24.
Config was last written by a newer OpenClaw (2026.6.8); current version is 2026.3.24.
Config was last written by a newer OpenClaw (2026.6.8); current version is 2026.3.24.
Config was last written by a newer OpenClaw (2026.6.8); current version is 2026.3.24.
Config was last written by a newer OpenClaw (2026.6.8); current version is 2026.3.24.
Config was last written by a newer OpenClaw (2026.6.8); current version is 2026.3.24.
Config was last written by a newer OpenClaw (2026.6.8); current version is 2026.3.24.
Config was last written by a newer OpenClaw (2026.6.8); current version is 2026.3.24.
Config was last written by a newer OpenClaw (2026.6.8); current version is 2026.3.24.
Config was last written by a newer OpenClaw (2026.6.8); current version is 2026.3.24.
Config was last written by a newer OpenClaw (2026.6.8); current version is 2026.3.24.
Config was last written by a newer OpenClaw (2026.6.8); current version is 2026.3.24.
Config was last written by a newer OpenClaw (2026.6.8); current version is 2026.3.24.
Config was last written by a newer OpenClaw (2026.6.8); current version is 2026.3.24.
Config was last written by a newer OpenClaw (2026.6.8); current version is 2026.3.24.
Config was last written by a newer OpenClaw (2026.6.8); current version is 2026.3.24.
Config was last written by a newer OpenClaw (2026.6.8); current version is 2026.3.24.
Config was last written by a newer OpenClaw (2026.6.8); current version is 2026.3.24.
Config was last written by a newer OpenClaw (2026.6.8); current version is 2026.3.24.
Config was last written by a newer OpenClaw (2026.6.8); current version is 2026.3.24.
Config was last written by a newer OpenClaw (2026.6.8); current version is 2026.3.24.
Config was last written by a newer OpenClaw (2026.6.8); current version is 2026.3.24.
Config was last written by a newer OpenClaw (2026.6.8); current version is 2026.3.24.
Config was last written by a newer OpenClaw (2026.6.8); current version is 2026.3.24.
Config was last written by a newer OpenClaw (2026.6.8); current version is 2026.3.24.
Config was last written by a newer OpenClaw (2026.6.8); current version is 2026.3.24.
Config was last written by a newer OpenClaw (2026.6.8); current version is 2026.3.24.
Config was last written by a newer OpenClaw (2026.6.8); current version is 2026.3.24.
Config was last written by a newer OpenClaw (2026.6.8); current version is 2026.3.24.
Config was last written by a newer OpenClaw (2026.6.8); current version is 2026.3.24.
Config was last written by a newer OpenClaw (2026.6.8); current version is 2026.3.24.
Config was last written by a newer OpenClaw (2026.6.8); current version is 2026.3.24.
Config was last written by a newer OpenClaw (2026.6.8); current version is 2026.3.24.
Config was last written by a newer OpenClaw (2026.6.8); current version is 2026.3.24.
Config was last written by a newer OpenClaw (2026.6.8); current version is 2026.3.24.
Config was last written by a newer OpenClaw (2026.6.8); current version is 2026.3.24.
Config was last written by a newer OpenClaw (2026.6.8); current version is 2026.3.24.
Config was last written by a newer OpenClaw (2026.6.8); current version is 2026.3.24.
Config was last written by a newer OpenClaw (2026.6.8); current version is 2026.3.24.
Config was last written by a newer OpenClaw (2026.6.8); current version is 2026.3.24.
Config was last written by a newer OpenClaw (2026.6.8); current version is 2026.3.24.
Config was last written by a newer OpenClaw (2026.6.8); current version is 2026.3.24.
Config was last written by a newer OpenClaw (2026.6.8); current version is 2026.3.24.
Config was last written by a newer OpenClaw (2026.6.8); current version is 2026.3.24.
Config was last written by a newer OpenClaw (2026.6.8); current version is 2026.3.24.
Config was last written by a newer OpenClaw (2026.6.8); current version is 2026.3.24.
Config was last written by a newer OpenClaw (2026.6.8); current version is 2026.3.24.
Config was last written by a newer OpenClaw (2026.6.8); current version is 2026.3.24.
Config was last written by a newer OpenClaw (2026.6.8); current version is 2026.3.24.
Config was last written by a newer OpenClaw (2026.6.8); current version is 2026.3.24.
Config was last written by a newer OpenClaw (2026.6.8); current version is 2026.3.24.
Config was last written by a newer OpenClaw (2026.6.8); current version is 2026.3.24.
Config was last written by a newer OpenClaw (2026.6.8); current version is 2026.3.24.
Config was last written by a newer OpenClaw (2026.6.8); current version is 2026.3.24.
Config was last written by a newer OpenClaw (2026.6.8); current version is 2026.3.24.
Config was last written by a newer OpenClaw (2026.6.8); current version is 2026.3.24.
Config was last written by a newer OpenClaw (2026.6.8); current version is 2026.3.24.
Config was last written by a newer OpenClaw (2026.6.8); current version is 2026.3.24.
Config was last written by a newer OpenClaw (2026.6.8); current version is 2026.3.24.
Config was last written by a newer OpenClaw (2026.6.8); current version is 2026.3.24.
Config was last written by a newer OpenClaw (2026.6.8); current version is 2026.3.24.
Config was last written by a newer OpenClaw (2026.6.8); current version is 2026.3.24.
Config was last written by a newer OpenClaw (2026.6.8); current version is 2026.3.24.
Config was last written by a newer OpenClaw (2026.6.8); current version is 2026.3.24.
Config was last written by a newer OpenClaw (2026.6.8); current version is 2026.3.24.
Config was last written by a newer OpenClaw (2026.6.8); current version is 2026.3.24.
Config was last written by a newer OpenClaw (2026.6.8); current version is 2026.3.24.
Config was last written by a newer OpenClaw (2026.6.8); current version is 2026.3.24.
Config was last written by a newer OpenClaw (2026.6.8); current version is 2026.3.24.
Config was last written by a newer OpenClaw (2026.6.8); current version is 2026.3.24.
Config was last written by a newer OpenClaw (2026.6.8); current version is 2026.3.24.
Config was last written by a newer OpenClaw (2026.6.8); current version is 2026.3.24.
Config was last written by a newer OpenClaw (2026.6.8); current version is 2026.3.24.
Config was last written by a newer OpenClaw (2026.6.8); current version is 2026.3.24.
Config was last written by a newer OpenClaw (2026.6.8); current version is 2026.3.24.
Config was last written by a newer OpenClaw (2026.6.8); current version is 2026.3.24.
Config was last written by a newer OpenClaw (2026.6.8); current version is 2026.3.24.
Config was last written by a newer OpenClaw (2026.6.8); current version is 2026.3.24.
Config was last written by a newer OpenClaw (2026.6.8); current version is 2026.3.24.
Config was last written by a newer OpenClaw (2026.6.8); current version is 2026.3.24.
Config was last written by a newer OpenClaw (2026.6.8); current version is 2026.3.24.
Config was last written by a newer OpenClaw (2026.6.8); current version is 2026.3.24.
Config was last written by a newer OpenClaw (2026.6.8); current version is 2026.3.24.
Config was last written by a newer OpenClaw (2026.6.8); current version is 2026.3.24.
Config was last written by a newer OpenClaw (2026.6.8); current version is 2026.3.24.
Config was last written by a newer OpenClaw (2026.6.8); current version is 2026.3.24.
Config was last written by a newer OpenClaw (2026.6.8); current version is 2026.3.24.
Config was last written by a newer OpenClaw (2026.6.8); current version is 2026.3.24.
Config was last written by a newer OpenClaw (2026.6.8); current version is 2026.3.24.
Config was last written by a newer OpenClaw (2026.6.8); current version is 2026.3.24.
Config was last written by a newer OpenClaw (2026.6.8); current version is 2026.3.24.
Config was last written by a newer OpenClaw (2026.6.8); current version is 2026.3.24.
Config was last written by a newer OpenClaw (2026.6.8); current version is 2026.3.24.
Config was last written by a newer OpenClaw (2026.6.8); current version is 2026.3.24.
Config was last written by a newer OpenClaw (2026.6.8); current version is 2026.3.24.
Config was last written by a newer OpenClaw (2026.6.8); current version is 2026.3.24.
Config was last written by a newer OpenClaw (2026.6.8); current version is 2026.3.24.
Config was last written by a newer OpenClaw (2026.6.8); current version is 2026.3.24.
Config was last written by a newer OpenClaw (2026.6.8); current version is 2026.3.24.
Config was last written by a newer OpenClaw (2026.6.8); current version is 2026.3.24.
Config was last written by a newer OpenClaw (2026.6.8); current version is 2026.3.24.
Config was last written by a newer OpenClaw (2026.6.8); current version is 2026.3.24.
Config was last written by a newer OpenClaw (2026.6.8); current version is 2026.3.24.
Config was last written by a newer OpenClaw (2026.6.8); current version is 2026.3.24.
Config was last written by a newer OpenClaw (2026.6.8); current version is 2026.3.24.
Config was last written by a newer OpenClaw (2026.6.8); current version is 2026.3.24.
Config was last written by a newer OpenClaw (2026.6.8); current version is 2026.3.24.
Config was last written by a newer OpenClaw (2026.6.8); current version is 2026.3.24.
Config was last written by a newer OpenClaw (2026.6.8); current version is 2026.3.24.
Config was last written by a newer OpenClaw (2026.6.8); current version is 2026.3.24.
Config was last written by a newer OpenClaw (2026.6.8); current version is 2026.3.24.
Config was last written by a newer OpenClaw (2026.6.8); current version is 2026.3.24.
Config was last written by a newer OpenClaw (2026.6.8); current version is 2026.3.24.
Config was last written by a newer OpenClaw (2026.6.8); current version is 2026.3.24.
Config was last written by a newer OpenClaw (2026.6.8); current version is 2026.3.24.
Config was last written by a newer OpenClaw (2026.6.8); current version is 2026.3.24.
Config was last written by a newer OpenClaw (2026.6.8); current version is 2026.3.24.
Config was last written by a newer OpenClaw (2026.6.8); current version is 2026.3.24.
Config was last written by a newer OpenClaw (2026.6.8); current version is 2026.3.24.
Config was last written by a newer OpenClaw (2026.6.8); current version is 2026.3.24.
Config was last written by a newer OpenClaw (2026.6.8); current version is 2026.3.24.
Config was last written by a newer OpenClaw (2026.6.8); current version is 2026.3.24.
Config was last written by a newer OpenClaw (2026.6.8); current version is 2026.3.24.
Config was last written by a newer OpenClaw (2026.6.8); current version is 2026.3.24.
Config was last written by a newer OpenClaw (2026.6.8); current version is 2026.3.24.
Config was last written by a newer OpenClaw (2026.6.8); current version is 2026.3.24.
Config was last written by a newer OpenClaw (2026.6.8); current version is 2026.3.24.
Config was last written by a newer OpenClaw (2026.6.8); current version is 2026.3.24.
Config was last written by a newer OpenClaw (2026.6.8); current version is 2026.3.24.
Config was last written by a newer OpenClaw (2026.6.8); current version is 2026.3.24.
Config was last written by a newer OpenClaw (2026.6.8); current version is 2026.3.24.
Config was last written by a newer OpenClaw (2026.6.8); current version is 2026.3.24.
Config was last written by a newer OpenClaw (2026.6.8); current version is 2026.3.24.
Config was last written by a newer OpenClaw (2026.6.8); current version is 2026.3.24.
Config was last written by a newer OpenClaw (2026.6.8); current version is 2026.3.24.
Config was last written by a newer OpenClaw (2026.6.8); current version is 2026.3.24.
Config was last written by a newer OpenClaw (2026.6.8); current version is 2026.3.24.
Config was last written by a newer OpenClaw (2026.6.8); current version is 2026.3.24.
Config was last written by a newer OpenClaw (2026.6.8); current version is 2026.3.24.
Config was last written by a newer OpenClaw (2026.6.8); current version is 2026.3.24.
Config was last written by a newer OpenClaw (2026.6.8); current version is 2026.3.24.
Config was last written by a newer OpenClaw (2026.6.8); current version is 2026.3.24.
Config was last written by a newer OpenClaw (2026.6.8); current version is 2026.3.24.
Config was last written by a newer OpenClaw (2026.6.8); current version is 2026.3.24.
Config was last written by a newer OpenClaw (2026.6.8); current version is 2026.3.24.
Config was last written by a newer OpenClaw (2026.6.8); current version is 2026.3.24.
Config was last written by a newer OpenClaw (2026.6.8); current version is 2026.3.24.
Config was last written by a newer OpenClaw (2026.6.8); current version is 2026.3.24.
Config was last written by a newer OpenClaw (2026.6.8); current version is 2026.3.24.
Config was last written by a newer OpenClaw (2026.6.8); current version is 2026.3.24.
Config was last written by a newer OpenClaw (2026.6.8); current version is 2026.3.24.
Config was last written by a newer OpenClaw (2026.6.8); current version is 2026.3.24.
Config was last written by a newer OpenClaw (2026.6.8); current version is 2026.3.24.
Config was last written by a newer OpenClaw (2026.6.8); current version is 2026.3.24.
Config was last written by a newer OpenClaw (2026.6.8); current version is 2026.3.24.
Config was last written by a newer OpenClaw (2026.6.8); current version is 2026.3.24.
Config was last written by a newer OpenClaw (2026.6.8); current version is 2026.3.24.
Config was last written by a newer OpenClaw (2026.6.8); current version is 2026.3.24.
Config was last written by a newer OpenClaw (2026.6.8); current version is 2026.3.24.
Config was last written by a newer OpenClaw (2026.6.8); current version is 2026.3.24.
Config was last written by a newer OpenClaw (2026.6.8); current version is 2026.3.24.
Config was last written by a newer OpenClaw (2026.6.8); current version is 2026.3.24.
Config was last written by a newer OpenClaw (2026.6.8); current version is 2026.3.24.
Config was last written by a newer OpenClaw (2026.6.8); current version is 2026.3.24.
Config was last written by a newer OpenClaw (2026.6.8); current version is 2026.3.24.
Config was last written by a newer OpenClaw (2026.6.8); current version is 2026.3.24.
Config was last written by a newer OpenClaw (2026.6.8); current version is 2026.3.24.
Config was last written by a newer OpenClaw (2026.6.8); current version is 2026.3.24.
Config was last written by a newer OpenClaw (2026.6.8); current version is 2026.3.24.
Config was last written by a newer OpenClaw (2026.6.8); current version is 2026.3.24.
Config was last written by a newer OpenClaw (2026.6.8); current version is 2026.3.24.
Config was last written by a newer OpenClaw (2026.6.8); current version is 2026.3.24.
Config was last written by a newer OpenClaw (2026.6.8); current version is 2026.3.24.
Config was last written by a newer OpenClaw (2026.6.8); current version is 2026.3.24.
Config was last written by a newer OpenClaw (2026.6.8); current version is 2026.3.24.
Config was last written by a newer OpenClaw (2026.6.8); current version is 2026.3.24.
Config was last written by a newer OpenClaw (2026.6.8); current version is 2026.3.24.
Config was last written by a newer OpenClaw (2026.6.8); current version is 2026.3.24.
Config was last written by a newer OpenClaw (2026.6.8); current version is 2026.3.24.
Config was last written by a newer OpenClaw (2026.6.8); current version is 2026.3.24.
Config was last written by a newer OpenClaw (2026.6.8); current version is 2026.3.24.
Config was last written by a newer OpenClaw (2026.6.8); current version is 2026.3.24.
Config was last written by a newer OpenClaw (2026.6.8); current version is 2026.3.24.
Config was last written by a newer OpenClaw (2026.6.8); current version is 2026.3.24.
Config was last written by a newer OpenClaw (2026.6.8); current version is 2026.3.24.
Config was last written by a newer OpenClaw (2026.6.8); current version is 2026.3.24.
Config was last written by a newer OpenClaw (2026.6.8); current version is 2026.3.24.
Config was last written by a newer OpenClaw (2026.6.8); current version is 2026.3.24.
Config was last written by a newer OpenClaw (2026.6.8); current version is 2026.3.24.
Config was last written by a newer OpenClaw (2026.6.8); current version is 2026.3.24.
Config was last written by a newer OpenClaw (2026.6.8); current version is 2026.3.24.
Config was last written by a newer OpenClaw (2026.6.8); current version is 2026.3.24.
Config was last written by a newer OpenClaw (2026.6.8); current version is 2026.3.24.
Config was last written by a newer OpenClaw (2026.6.8); current version is 2026.3.24.
Config was last written by a newer OpenClaw (2026.6.8); current version is 2026.3.24.
Config was last written by a newer OpenClaw (2026.6.8); current version is 2026.3.24.
Config was last written by a newer OpenClaw (2026.6.8); current version is 2026.3.24.
Config was last written by a newer OpenClaw (2026.6.8); current version is 2026.3.24.
Config was last written by a newer OpenClaw (2026.6.8); current version is 2026.3.24.
Config was last written by a newer OpenClaw (2026.6.8); current version is 2026.3.24.
Config was last written by a newer OpenClaw (2026.6.8); current version is 2026.3.24.
Config was last written by a newer OpenClaw (2026.6.8); current version is 2026.3.24.
Config was last written by a newer OpenClaw (2026.6.8); current version is 2026.3.24.
Config was last written by a newer OpenClaw (2026.6.8); current version is 2026.3.24.
Config was last written by a newer OpenClaw (2026.6.8); current version is 2026.3.24.
Config was last written by a newer OpenClaw (2026.6.8); current version is 2026.3.24.
Config was last written by a newer OpenClaw (2026.6.8); current version is 2026.3.24.
Config was last written by a newer OpenClaw (2026.6.8); current version is 2026.3.24.
Config was last written by a newer OpenClaw (2026.6.8); current version is 2026.3.24.
Config was last written by a newer OpenClaw (2026.6.8); current version is 2026.3.24.
Config was last written by a newer OpenClaw (2026.6.8); current version is 2026.3.24.
Config was last written by a newer OpenClaw (2026.6.8); current version is 2026.3.24.
Config was last written by a newer OpenClaw (2026.6.8); current version is 2026.3.24.
Config was last written by a newer OpenClaw (2026.6.8); current version is 2026.3.24.
Config was last written by a newer OpenClaw (2026.6.8); current version is 2026.3.24.
Config was last written by a newer OpenClaw (2026.6.8); current version is 2026.3.24.
Config was last written by a newer OpenClaw (2026.6.8); current version is 2026.3.24.
Config was last written by a newer OpenClaw (2026.6.8); current version is 2026.3.24.
Config was last written by a newer OpenClaw (2026.6.8); current version is 2026.3.24.
Config was last written by a newer OpenClaw (2026.6.8); current version is 2026.3.24.
Config was last written by a newer OpenClaw (2026.6.8); current version is 2026.3.24.
Config was last written by a newer OpenClaw (2026.6.8); current version is 2026.3.24.
Config was last written by a newer OpenClaw (2026.6.8); current version is 2026.3.24.
Config was last written by a newer OpenClaw (2026.6.8); current version is 2026.3.24.
Config was last written by a newer OpenClaw (2026.6.8); current version is 2026.3.24.
Config was last written by a newer OpenClaw (2026.6.8); current version is 2026.3.24.
Config was last written by a newer OpenClaw (2026.6.8); current version is 2026.3.24.
Config was last written by a newer OpenClaw (2026.6.8); current version is 2026.3.24.
Config was last written by a newer OpenClaw (2026.6.8); current version is 2026.3.24.
Config was last written by a newer OpenClaw (2026.6.8); current version is 2026.3.24.
Config was last written by a newer OpenClaw (2026.6.8); current version is 2026.3.24.
Config was last written by a newer OpenClaw (2026.6.8); current version is 2026.3.24.
Config was last written by a newer OpenClaw (2026.6.8); current version is 2026.3.24.
Config was last written by a newer OpenClaw (2026.6.8); current version is 2026.3.24.
Config was last written by a newer OpenClaw (2026.6.8); current version is 2026.3.24.
Config was last written by a newer OpenClaw (2026.6.8); current version is 2026.3.24.
Config was last written by a newer OpenClaw (2026.6.8); current version is 2026.3.24.
Config was last written by a newer OpenClaw (2026.6.8); current version is 2026.3.24.
Config was last written by a newer OpenClaw (2026.6.8); current version is 2026.3.24.
Config was last written by a newer OpenClaw (2026.6.8); current version is 2026.3.24.
Config was last written by a newer OpenClaw (2026.6.8); current version is 2026.3.24.
Config was last written by a newer OpenClaw (2026.6.8); current version is 2026.3.24.
Config was last written by a newer OpenClaw (2026.6.8); current version is 2026.3.24.
Config was last written by a newer OpenClaw (2026.6.8); current version is 2026.3.24.
Config was last written by a newer OpenClaw (2026.6.8); current version is 2026.3.24.
Config was last written by a newer OpenClaw (2026.6.8); current version is 2026.3.24.
Config was last written by a newer OpenClaw (2026.6.8); current version is 2026.3.24.
Config was last written by a newer OpenClaw (2026.6.8); current version is 2026.3.24.
Config was last written by a newer OpenClaw (2026.6.8); current version is 2026.3.24.
Config was last written by a newer OpenClaw (2026.6.8); current version is 2026.3.24.
Config was last written by a newer OpenClaw (2026.6.8); current version is 2026.3.24.
Config was last written by a newer OpenClaw (2026.6.8); current version is 2026.3.24.
Config was last written by a newer OpenClaw (2026.6.8); current version is 2026.3.24.
Config was last written by a newer OpenClaw (2026.6.8); current version is 2026.3.24.
Config was last written by a newer OpenClaw (2026.6.8); current version is 2026.3.24.
Config was last written by a newer OpenClaw (2026.6.8); current version is 2026.3.24.
Config was last written by a newer OpenClaw (2026.6.8); current version is 2026.3.24.
Config was last written by a newer OpenClaw (2026.6.8); current version is 2026.3.24.
Config was last written by a newer OpenClaw (2026.6.8); current version is 2026.3.24.
Config was last written by a newer OpenClaw (2026.6.8); current version is 2026.3.24.
Config was last written by a newer OpenClaw (2026.6.8); current version is 2026.3.24.
Config was last written by a newer OpenClaw (2026.6.8); current version is 2026.3.24.
Config was last written by a newer OpenClaw (2026.6.8); current version is 2026.3.24.
Config was last written by a newer OpenClaw (2026.6.8); current version is 2026.3.24.
Config was last written by a newer OpenClaw (2026.6.8); current version is 2026.3.24.
Config was last written by a newer OpenClaw (2026.6.8); current version is 2026.3.24.
Config was last written by a newer OpenClaw (2026.6.8); current version is 2026.3.24.
Config was last written by a newer OpenClaw (2026.6.8); current version is 2026.3.24.
Config was last written by a newer OpenClaw (2026.6.8); current version is 2026.3.24.
Config was last written by a newer OpenClaw (2026.6.8); current version is 2026.3.24.
Config was last written by a newer OpenClaw (2026.6.8); current version is 2026.3.24.
Config was last written by a newer OpenClaw (2026.6.8); current version is 2026.3.24.
Config was last written by a newer OpenClaw (2026.6.8); current version is 2026.3.24.
Config was last written by a newer OpenClaw (2026.6.8); current version is 2026.3.24.
Config was last written by a newer OpenClaw (2026.6.8); current version is 2026.3.24.
Config was last written by a newer OpenClaw (2026.6.8); current version is 2026.3.24.
Config was last written by a newer OpenClaw (2026.6.8); current version is 2026.3.24.
Config was last written by a newer OpenClaw (2026.6.8); current version is 2026.3.24.
Config was last written by a newer OpenClaw (2026.6.8); current version is 2026.3.24.
Config was last written by a newer OpenClaw (2026.6.8); current version is 2026.3.24.
Config was last written by a newer OpenClaw (2026.6.8); current version is 2026.3.24.
Config was last written by a newer OpenClaw (2026.6.8); current version is 2026.3.24.
Config was last written by a newer OpenClaw (2026.6.8); current version is 2026.3.24.
Config was last written by a newer OpenClaw (2026.6.8); current version is 2026.3.24.
Config was last written by a newer OpenClaw (2026.6.8); current version is 2026.3.24.
Config was last written by a newer OpenClaw (2026.6.8); current version is 2026.3.24.
Config was last written by a newer OpenClaw (2026.6.8); current version is 2026.3.24.
Config was last written by a newer OpenClaw (2026.6.8); current version is 2026.3.24.
Config was last written by a newer OpenClaw (2026.6.8); current version is 2026.3.24.
Config was last written by a newer OpenClaw (2026.6.8); current version is 2026.3.24.
Config was last written by a newer OpenClaw (2026.6.8); current version is 2026.3.24.
Config was last written by a newer OpenClaw (2026.6.8); current version is 2026.3.24.
Config was last written by a newer OpenClaw (2026.6.8); current version is 2026.3.24.
Config was last written by a newer OpenClaw (2026.6.8); current version is 2026.3.24.
Config was last written by a newer OpenClaw (2026.6.8); current version is 2026.3.24.
Config was last written by a newer OpenClaw (2026.6.8); current version is 2026.3.24.
Config was last written by a newer OpenClaw (2026.6.8); current version is 2026.3.24.
Config was last written by a newer OpenClaw (2026.6.8); current version is 2026.3.24.
Config was last written by a newer OpenClaw (2026.6.8); current version is 2026.3.24.
Config was last written by a newer OpenClaw (2026.6.8); current version is 2026.3.24.
Config was last written by a newer OpenClaw (2026.6.8); current version is 2026.3.24.
Config was last written by a newer OpenClaw (2026.6.8); current version is 2026.3.24.
Config was last written by a newer OpenClaw (2026.6.8); current version is 2026.3.24.
Config was last written by a newer OpenClaw (2026.6.8); current version is 2026.3.24.
Config was last written by a newer OpenClaw (2026.6.8); current version is 2026.3.24.
Config was last written by a newer OpenClaw (2026.6.8); current version is 2026.3.24.
Config was last written by a newer OpenClaw (2026.6.8); current version is 2026.3.24.
Config was last written by a newer OpenClaw (2026.6.8); current version is 2026.3.24.
Config was last written by a newer OpenClaw (2026.6.8); current version is 2026.3.24.
Config was last written by a newer OpenClaw (2026.6.8); current version is 2026.3.24.
Config was last written by a newer OpenClaw (2026.6.8); current version is 2026.3.24.
Config was last written by a newer OpenClaw (2026.6.8); current version is 2026.3.24.
Config was last written by a newer OpenClaw (2026.6.8); current version is 2026.3.24.
Config was last written by a newer OpenClaw (2026.6.8); current version is 2026.3.24.
Config was last written by a newer OpenClaw (2026.6.8); current version is 2026.3.24.
Config was last written by a newer OpenClaw (2026.6.8); current version is 2026.3.24.
Config was last written by a newer OpenClaw (2026.6.8); current version is 2026.3.24.
Config was last written by a newer OpenClaw (2026.6.8); current version is 2026.3.24.
Config was last written by a newer OpenClaw (2026.6.8); current version is 2026.3.24.
Config was last written by a newer OpenClaw (2026.6.8); current version is 2026.3.24.
Config was last written by a newer OpenClaw (2026.6.8); current version is 2026.3.24.
Config was last written by a newer OpenClaw (2026.6.8); current version is 2026.3.24.
Config was last written by a newer OpenClaw (2026.6.8); current version is 2026.3.24.
Config was last written by a newer OpenClaw (2026.6.8); current version is 2026.3.24.
Config was last written by a newer OpenClaw (2026.6.8); current version is 2026.3.24.
Config was last written by a newer OpenClaw (2026.6.8); current version is 2026.3.24.
Config was last written by a newer OpenClaw (2026.6.8); current version is 2026.3.24.
Config was last written by a newer OpenClaw (2026.6.8); current version is 2026.3.24.
Config was last written by a newer OpenClaw (2026.6.8); current version is 2026.3.24.
Config was last written by a newer OpenClaw (2026.6.8); current version is 2026.3.24.
Config was last written by a newer OpenClaw (2026.6.8); current version is 2026.3.24.
Config was last written by a newer OpenClaw (2026.6.8); current version is 2026.3.24.
Config was last written by a newer OpenClaw (2026.6.8); current version is 2026.3.24.
Config was last written by a newer OpenClaw (2026.6.8); current version is 2026.3.24.
Config was last written by a newer OpenClaw (2026.6.8); current version is 2026.3.24.
Config was last written by a newer OpenClaw (2026.6.8); current version is 2026.3.24.
Config was last written by a newer OpenClaw (2026.6.8); current version is 2026.3.24.
Config was last written by a newer OpenClaw (2026.6.8); current version is 2026.3.24.
Config was last written by a newer OpenClaw (2026.6.8); current version is 2026.3.24.
Config was last written by a newer OpenClaw (2026.6.8); current version is 2026.3.24.
Config was last written by a newer OpenClaw (2026.6.8); current version is 2026.3.24.
Config was last written by a newer OpenClaw (2026.6.8); current version is 2026.3.24.
Config was last written by a newer OpenClaw (2026.6.8); current version is 2026.3.24.
Config was last written by a newer OpenClaw (2026.6.8); current version is 2026.3.24.
Config was last written by a newer OpenClaw (2026.6.8); current version is 2026.3.24.
Config was last written by a newer OpenClaw (2026.6.8); current version is 2026.3.24.
Config was last written by a newer OpenClaw (2026.6.8); current version is 2026.3.24.
Config was last written by a newer OpenClaw (2026.6.8); current version is 2026.3.24.
Config was last written by a newer OpenClaw (2026.6.8); current version is 2026.3.24.
Config was last written by a newer OpenClaw (2026.6.8); current version is 2026.3.24.
Config was last written by a newer OpenClaw (2026.6.8); current version is 2026.3.24.
Config was last written by a newer OpenClaw (2026.6.8); current version is 2026.3.24.
Config was last written by a newer OpenClaw (2026.6.8); current version is 2026.3.24.
Config was last written by a newer OpenClaw (2026.6.8); current version is 2026.3.24.
Config was last written by a newer OpenClaw (2026.6.8); current version is 2026.3.24.
Config was last written by a newer OpenClaw (2026.6.8); current version is 2026.3.24.
Config was last written by a newer OpenClaw (2026.6.8); current version is 2026.3.24.
Config was last written by a newer OpenClaw (2026.6.8); current version is 2026.3.24.
Config was last written by a newer OpenClaw (2026.6.8); current version is 2026.3.24.
Config was last written by a newer OpenClaw (2026.6.8); current version is 2026.3.24.
Config was last written by a newer OpenClaw (2026.6.8); current version is 2026.3.24.
Config was last written by a newer OpenClaw (2026.6.8); current version is 2026.3.24.
Config was last written by a newer OpenClaw (2026.6.8); current version is 2026.3.24.
Config was last written by a newer OpenClaw (2026.6.8); current version is 2026.3.24.
Config was last written by a newer OpenClaw (2026.6.8); current version is 2026.3.24.
Config was last written by a newer OpenClaw (2026.6.8); current version is 2026.3.24.
Config was last written by a newer OpenClaw (2026.6.8); current version is 2026.3.24.
Config was last written by a newer OpenClaw (2026.6.8); current version is 2026.3.24.
Config was last written by a newer OpenClaw (2026.6.8); current version is 2026.3.24.
Config was last written by a newer OpenClaw (2026.6.8); current version is 2026.3.24.
Config was last written by a newer OpenClaw (2026.6.8); current version is 2026.3.24.
Config was last written by a newer OpenClaw (2026.6.8); current version is 2026.3.24.
Config was last written by a newer OpenClaw (2026.6.8); current version is 2026.3.24.
Config was last written by a newer OpenClaw (2026.6.8); current version is 2026.3.24.
Config was last written by a newer OpenClaw (2026.6.8); current version is 2026.3.24.
Config was last written by a newer OpenClaw (2026.6.8); current version is 2026.3.24.
Config was last written by a newer OpenClaw (2026.6.8); current version is 2026.3.24.
Config was last written by a newer OpenClaw (2026.6.8); current version is 2026.3.24.
Config was last written by a newer OpenClaw (2026.6.8); current version is 2026.3.24.
Config was last written by a newer OpenClaw (2026.6.8); current version is 2026.3.24.
Config was last written by a newer OpenClaw (2026.6.8); current version is 2026.3.24.
Config was last written by a newer OpenClaw (2026.6.8); current version is 2026.3.24.
Config was last written by a newer OpenClaw (2026.6.8); current version is 2026.3.24.
Config was last written by a newer OpenClaw (2026.6.8); current version is 2026.3.24.
Config was last written by a newer OpenClaw (2026.6.8); current version is 2026.3.24.
Config was last written by a newer OpenClaw (2026.6.8); current version is 2026.3.24.
Config was last written by a newer OpenClaw (2026.6.8); current version is 2026.3.24.
Config was last written by a newer OpenClaw (2026.6.8); current version is 2026.3.24.
Config was last written by a newer OpenClaw (2026.6.8); current version is 2026.3.24.
Config was last written by a newer OpenClaw (2026.6.8); current version is 2026.3.24.
Config was last written by a newer OpenClaw (2026.6.8); current version is 2026.3.24.
Config was last written by a newer OpenClaw (2026.6.8); current version is 2026.3.24.
Config was last written by a newer OpenClaw (2026.6.8); current version is 2026.3.24.
Config was last written by a newer OpenClaw (2026.6.8); current version is 2026.3.24.
Config was last written by a newer OpenClaw (2026.6.8); current version is 2026.3.24.
Config was last written by a newer OpenClaw (2026.6.8); current version is 2026.3.24.
Config was last written by a newer OpenClaw (2026.6.8); current version is 2026.3.24.
Config was last written by a newer OpenClaw (2026.6.8); current version is 2026.3.24.
Config was last written by a newer OpenClaw (2026.6.8); current version is 2026.3.24.
Config was last written by a newer OpenClaw (2026.6.8); current version is 2026.3.24.
Config was last written by a newer OpenClaw (2026.6.8); current version is 2026.3.24.
Config was last written by a newer OpenClaw (2026.6.8); current version is 2026.3.24.
Config was last written by a newer OpenClaw (2026.6.8); current version is 2026.3.24.
Config was last written by a newer OpenClaw (2026.6.8); current version is 2026.3.24.
Config was last written by a newer OpenClaw (2026.6.8); current version is 2026.3.24.
Config was last written by a newer OpenClaw (2026.6.8); current version is 2026.3.24.
Config was last written by a newer OpenClaw (2026.6.8); current version is 2026.3.24.
Config was last written by a newer OpenClaw (2026.6.8); current version is 2026.3.24.
Config was last written by a newer OpenClaw (2026.6.8); current version is 2026.3.24.
Config was last written by a newer OpenClaw (2026.6.8); current version is 2026.3.24.
Config was last written by a newer OpenClaw (2026.6.8); current version is 2026.3.24.
Config was last written by a newer OpenClaw (2026.6.8); current version is 2026.3.24.
Config was last written by a newer OpenClaw (2026.6.8); current version is 2026.3.24.
Config was last written by a newer OpenClaw (2026.6.8); current version is 2026.3.24.
Config was last written by a newer OpenClaw (2026.6.8); current version is 2026.3.24.
Config was last written by a newer OpenClaw (2026.6.8); current version is 2026.3.24.
Config was last written by a newer OpenClaw (2026.6.8); current version is 2026.3.24.
Config was last written by a newer OpenClaw (2026.6.8); current version is 2026.3.24.
Config was last written by a newer OpenClaw (2026.6.8); current version is 2026.3.24.
Config was last written by a newer OpenClaw (2026.6.8); current version is 2026.3.24.
Config was last written by a newer OpenClaw (2026.6.8); current version is 2026.3.24.
Config was last written by a newer OpenClaw (2026.6.8); current version is 2026.3.24.
Config was last written by a newer OpenClaw (2026.6.8); current version is 2026.3.24.
Config was last written by a newer OpenClaw (2026.6.8); current version is 2026.3.24.
Config was last written by a newer OpenClaw (2026.6.8); current version is 2026.3.24.
Config was last written by a newer OpenClaw (2026.6.8); current version is 2026.3.24.
Config was last written by a newer OpenClaw (2026.6.8); current version is 2026.3.24.
Config was last written by a newer OpenClaw (2026.6.8); current version is 2026.3.24.
Config was last written by a newer OpenClaw (2026.6.8); current version is 2026.3.24.
Config was last written by a newer OpenClaw (2026.6.8); current version is 2026.3.24.
Config was last written by a newer OpenClaw (2026.6.8); current version is 2026.3.24.
Config was last written by a newer OpenClaw (2026.6.8); current version is 2026.3.24.
Config was last written by a newer OpenClaw (2026.6.8); current version is 2026.3.24.
Config was last written by a newer OpenClaw (2026.6.8); current version is 2026.3.24.
Config was last written by a newer OpenClaw (2026.6.8); current version is 2026.3.24.
Config was last written by a newer OpenClaw (2026.6.8); current version is 2026.3.24.
Config was last written by a newer OpenClaw (2026.6.8); current version is 2026.3.24.
Config was last written by a newer OpenClaw (2026.6.8); current version is 2026.3.24.
Config was last written by a newer OpenClaw (2026.6.8); current version is 2026.3.24.
Config was last written by a newer OpenClaw (2026.6.8); current version is 2026.3.24.
Config was last written by a newer OpenClaw (2026.6.8); current version is 2026.3.24.
Config was last written by a newer OpenClaw (2026.6.8); current version is 2026.3.24.
Config was last written by a newer OpenClaw (2026.6.8); current version is 2026.3.24.
Config was last written by a newer OpenClaw (2026.6.8); current version is 2026.3.24.
Config was last written by a newer OpenClaw (2026.6.8); current version is 2026.3.24.
Config was last written by a newer OpenClaw (2026.6.8); current version is 2026.3.24.
Config was last written by a newer OpenClaw (2026.6.8); current version is 2026.3.24.
Config was last written by a newer OpenClaw (2026.6.8); current version is 2026.3.24.
Config was last written by a newer OpenClaw (2026.6.8); current version is 2026.3.24.
Config was last written by a newer OpenClaw (2026.6.8); current version is 2026.3.24.
Config was last written by a newer OpenClaw (2026.6.8); current version is 2026.3.24.
Config was last written by a newer OpenClaw (2026.6.8); current version is 2026.3.24.
Config was last written by a newer OpenClaw (2026.6.8); current version is 2026.3.24.
Config was last written by a newer OpenClaw (2026.6.8); current version is 2026.3.24.
Config was last written by a newer OpenClaw (2026.6.8); current version is 2026.3.24.
Config was last written by a newer OpenClaw (2026.6.8); current version is 2026.3.24.
Config was last written by a newer OpenClaw (2026.6.8); current version is 2026.3.24.
Config was last written by a newer OpenClaw (2026.6.8); current version is 2026.3.24.
Config was last written by a newer OpenClaw (2026.6.8); current version is 2026.3.24.
Config was last written by a newer OpenClaw (2026.6.8); current version is 2026.3.24.
Config was last written by a newer OpenClaw (2026.6.8); current version is 2026.3.24.
Config was last written by a newer OpenClaw (2026.6.8); current version is 2026.3.24.
Config was last written by a newer OpenClaw (2026.6.8); current version is 2026.3.24.
Config was last written by a newer OpenClaw (2026.6.8); current version is 2026.3.24.
Config was last written by a newer OpenClaw (2026.6.8); current version is 2026.3.24.
Config was last written by a newer OpenClaw (2026.6.8); current version is 2026.3.24.
Config was last written by a newer OpenClaw (2026.6.8); current version is 2026.3.24.
Config was last written by a newer OpenClaw (2026.6.8); current version is 2026.3.24.
Config was last written by a newer OpenClaw (2026.6.8); current version is 2026.3.24.
Config was last written by a newer OpenClaw (2026.6.8); current version is 2026.3.24.
Config was last written by a newer OpenClaw (2026.6.8); current version is 2026.3.24.
Config was last written by a newer OpenClaw (2026.6.8); current version is 2026.3.24.
Config was last written by a newer OpenClaw (2026.6.8); current version is 2026.3.24.
Config was last written by a newer OpenClaw (2026.6.8); current version is 2026.3.24.
Config was last written by a newer OpenClaw (2026.6.8); current version is 2026.3.24.
Config was last written by a newer OpenClaw (2026.6.8); current version is 2026.3.24.
Config was last written by a newer OpenClaw (2026.6.8); current version is 2026.3.24.
Config was last written by a newer OpenClaw (2026.6.8); current version is 2026.3.24.
Config was last written by a newer OpenClaw (2026.6.8); current version is 2026.3.24.
Config was last written by a newer OpenClaw (2026.6.8); current version is 2026.3.24.
Config was last written by a newer OpenClaw (2026.6.8); current version is 2026.3.24.
Config was last written by a newer OpenClaw (2026.6.8); current version is 2026.3.24.
Config was last written by a newer OpenClaw (2026.6.8); current version is 2026.3.24.
Config was last written by a newer OpenClaw (2026.6.8); current version is 2026.3.24.
Config was last written by a newer OpenClaw (2026.6.8); current version is 2026.3.24.
Config was last written by a newer OpenClaw (2026.6.8); current version is 2026.3.24.
Config was last written by a newer OpenClaw (2026.6.8); current version is 2026.3.24.
Config was last written by a newer OpenClaw (2026.6.8); current version is 2026.3.24.
Config was last written by a newer OpenClaw (2026.6.8); current version is 2026.3.24.
Config was last written by a newer OpenClaw (2026.6.8); current version is 2026.3.24.
Config was last written by a newer OpenClaw (2026.6.8); current version is 2026.3.24.
Config was last written by a newer OpenClaw (2026.6.8); current version is 2026.3.24.
Config was last written by a newer OpenClaw (2026.6.8); current version is 2026.3.24.
Config was last written by a newer OpenClaw (2026.6.8); current version is 2026.3.24.
Config was last written by a newer OpenClaw (2026.6.8); current version is 2026.3.24.
Config was last written by a newer OpenClaw (2026.6.8); current version is 2026.3.24.
Config was last written by a newer OpenClaw (2026.6.8); current version is 2026.3.24.
Config was last written by a newer OpenClaw (2026.6.8); current version is 2026.3.24.
Config was last written by a newer OpenClaw (2026.6.8); current version is 2026.3.24.
Config was last written by a newer OpenClaw (2026.6.8); current version is 2026.3.24.
Config was last written by a newer OpenClaw (2026.6.8); current version is 2026.3.24.
Config was last written by a newer OpenClaw (2026.6.8); current version is 2026.3.24.
Config was last written by a newer OpenClaw (2026.6.8); current version is 2026.3.24.
Config was last written by a newer OpenClaw (2026.6.8); current version is 2026.3.24.
Config was last written by a newer OpenClaw (2026.6.8); current version is 2026.3.24.
Config was last written by a newer OpenClaw (2026.6.8); current version is 2026.3.24.
Config was last written by a newer OpenClaw (2026.6.8); current version is 2026.3.24.
Config was last written by a newer OpenClaw (2026.6.8); current version is 2026.3.24.
Config was last written by a newer OpenClaw (2026.6.8); current version is 2026.3.24.
Config was last written by a newer OpenClaw (2026.6.8); current version is 2026.3.24.
Config was last written by a newer OpenClaw (2026.6.8); current version is 2026.3.24.
Config was last written by a newer OpenClaw (2026.6.8); current version is 2026.3.24.
Config was last written by a newer OpenClaw (2026.6.8); current version is 2026.3.24.
Config was last written by a newer OpenClaw (2026.6.8); current version is 2026.3.24.
Config was last written by a newer OpenClaw (2026.6.8); current version is 2026.3.24.
Config was last written by a newer OpenClaw (2026.6.8); current version is 2026.3.24.
Config was last written by a newer OpenClaw (2026.6.8); current version is 2026.3.24.
Config was last written by a newer OpenClaw (2026.6.8); current version is 2026.3.24.
Config was last written by a newer OpenClaw (2026.6.8); current version is 2026.3.24.
Config was last written by a newer OpenClaw (2026.6.8); current version is 2026.3.24.
Config was last written by a newer OpenClaw (2026.6.8); current version is 2026.3.24.
Config was last written by a newer OpenClaw (2026.6.8); current version is 2026.3.24.
Config was last written by a newer OpenClaw (2026.6.8); current version is 2026.3.24.
Config was last written by a newer OpenClaw (2026.6.8); current version is 2026.3.24.
Config was last written by a newer OpenClaw (2026.6.8); current version is 2026.3.24.
Config was last written by a newer OpenClaw (2026.6.8); current version is 2026.3.24.
Config was last written by a newer OpenClaw (2026.6.8); current version is 2026.3.24.
Config was last written by a newer OpenClaw (2026.6.8); current version is 2026.3.24.
Config was last written by a newer OpenClaw (2026.6.8); current version is 2026.3.24.
Config was last written by a newer OpenClaw (2026.6.8); current version is 2026.3.24.
Config was last written by a newer OpenClaw (2026.6.8); current version is 2026.3.24.
Config was last written by a newer OpenClaw (2026.6.8); current version is 2026.3.24.
Config was last written by a newer OpenClaw (2026.6.8); current version is 2026.3.24.
Config was last written by a newer OpenClaw (2026.6.8); current version is 2026.3.24.
Config was last written by a newer OpenClaw (2026.6.8); current version is 2026.3.24.
Config was last written by a newer OpenClaw (2026.6.8); current version is 2026.3.24.
Config was last written by a newer OpenClaw (2026.6.8); current version is 2026.3.24.
Config was last written by a newer OpenClaw (2026.6.8); current version is 2026.3.24.
Config was last written by a newer OpenClaw (2026.6.8); current version is 2026.3.24.
Config was last written by a newer OpenClaw (2026.6.8); current version is 2026.3.24.
Config was last written by a newer OpenClaw (2026.6.8); current version is 2026.3.24.
Config was last written by a newer OpenClaw (2026.6.8); current version is 2026.3.24.
Config was last written by a newer OpenClaw (2026.6.8); current version is 2026.3.24.
Config was last written by a newer OpenClaw (2026.6.8); current version is 2026.3.24.
Config was last written by a newer OpenClaw (2026.6.8); current version is 2026.3.24.
Config was last written by a newer OpenClaw (2026.6.8); current version is 2026.3.24.
Config was last written by a newer OpenClaw (2026.6.8); current version is 2026.3.24.
Config was last written by a newer OpenClaw (2026.6.8); current version is 2026.3.24.
Config was last written by a newer OpenClaw (2026.6.8); current version is 2026.3.24.
Config was last written by a newer OpenClaw (2026.6.8); current version is 2026.3.24.
Config was last written by a newer OpenClaw (2026.6.8); current version is 2026.3.24.
Config was last written by a newer OpenClaw (2026.6.8); current version is 2026.3.24.
Config was last written by a newer OpenClaw (2026.6.8); current version is 2026.3.24.
Config was last written by a newer OpenClaw (2026.6.8); current version is 2026.3.24.
Config was last written by a newer OpenClaw (2026.6.8); current version is 2026.3.24.
Config was last written by a newer OpenClaw (2026.6.8); current version is 2026.3.24.
Config was last written by a newer OpenClaw (2026.6.8); current version is 2026.3.24.
Config was last written by a newer OpenClaw (2026.6.8); current version is 2026.3.24.
Config was last written by a newer OpenClaw (2026.6.8); current version is 2026.3.24.
Config was last written by a newer OpenClaw (2026.6.8); current version is 2026.3.24.
Config was last written by a newer OpenClaw (2026.6.8); current version is 2026.3.24.
Config was last written by a newer OpenClaw (2026.6.8); current version is 2026.3.24.
Config was last written by a newer OpenClaw (2026.6.8); current version is 2026.3.24.
Config was last written by a newer OpenClaw (2026.6.8); current version is 2026.3.24.
Config was last written by a newer OpenClaw (2026.6.8); current version is 2026.3.24.
Config was last written by a newer OpenClaw (2026.6.8); current version is 2026.3.24.
Config was last written by a newer OpenClaw (2026.6.8); current version is 2026.3.24.
Config was last written by a newer OpenClaw (2026.6.8); current version is 2026.3.24.
Config was last written by a newer OpenClaw (2026.6.8); current version is 2026.3.24.
Config was last written by a newer OpenClaw (2026.6.8); current version is 2026.3.24.
Config was last written by a newer OpenClaw (2026.6.8); current version is 2026.3.24.
Config was last written by a newer OpenClaw (2026.6.8); current version is 2026.3.24.
Config was last written by a newer OpenClaw (2026.6.8); current version is 2026.3.24.
Config was last written by a newer OpenClaw (2026.6.8); current version is 2026.3.24.
Config was last written by a newer OpenClaw (2026.6.8); current version is 2026.3.24.
Config was last written by a newer OpenClaw (2026.6.8); current version is 2026.3.24.
Config was last written by a newer OpenClaw (2026.6.8); current version is 2026.3.24.
Config was last written by a newer OpenClaw (2026.6.8); current version is 2026.3.24.
Config was last written by a newer OpenClaw (2026.6.8); current version is 2026.3.24.
Config was last written by a newer OpenClaw (2026.6.8); current version is 2026.3.24.
Config was last written by a newer OpenClaw (2026.6.8); current version is 2026.3.24.
Config was last written by a newer OpenClaw (2026.6.8); current version is 2026.3.24.
Config was last written by a newer OpenClaw (2026.6.8); current version is 2026.3.24.
Config was last written by a newer OpenClaw (2026.6.8); current version is 2026.3.24.
Config was last written by a newer OpenClaw (2026.6.8); current version is 2026.3.24.
Config was last written by a newer OpenClaw (2026.6.8); current version is 2026.3.24.
Config was last written by a newer OpenClaw (2026.6.8); current version is 2026.3.24.
Config was last written by a newer OpenClaw (2026.6.8); current version is 2026.3.24.
Config was last written by a newer OpenClaw (2026.6.8); current version is 2026.3.24.
Config was last written by a newer OpenClaw (2026.6.8); current version is 2026.3.24.
Config was last written by a newer OpenClaw (2026.6.8); current version is 2026.3.24.
Config was last written by a newer OpenClaw (2026.6.8); current version is 2026.3.24.
Config was last written by a newer OpenClaw (2026.6.8); current version is 2026.3.24.
Config was last written by a newer OpenClaw (2026.6.8); current version is 2026.3.24.
Config was last written by a newer OpenClaw (2026.6.8); current version is 2026.3.24.
Config was last written by a newer OpenClaw (2026.6.8); current version is 2026.3.24.
Config was last written by a newer OpenClaw (2026.6.8); current version is 2026.3.24.
Config was last written by a newer OpenClaw (2026.6.8); current version is 2026.3.24.
Config was last written by a newer OpenClaw (2026.6.8); current version is 2026.3.24.
Config was last written by a newer OpenClaw (2026.6.8); current version is 2026.3.24.
Config was last written by a newer OpenClaw (2026.6.8); current version is 2026.3.24.
Config was last written by a newer OpenClaw (2026.6.8); current version is 2026.3.24.
Config was last written by a newer OpenClaw (2026.6.8); current version is 2026.3.24.
Config was last written by a newer OpenClaw (2026.6.8); current version is 2026.3.24.
Config was last written by a newer OpenClaw (2026.6.8); current version is 2026.3.24.
Config was last written by a newer OpenClaw (2026.6.8); current version is 2026.3.24.
Config was last written by a newer OpenClaw (2026.6.8); current version is 2026.3.24.
Config was last written by a newer OpenClaw (2026.6.8); current version is 2026.3.24.
Config was last written by a newer OpenClaw (2026.6.8); current version is 2026.3.24.
Config was last written by a newer OpenClaw (2026.6.8); current version is 2026.3.24.
Config was last written by a newer OpenClaw (2026.6.8); current version is 2026.3.24.
Config was last written by a newer OpenClaw (2026.6.8); current version is 2026.3.24.
Config was last written by a newer OpenClaw (2026.6.8); current version is 2026.3.24.
Config was last written by a newer OpenClaw (2026.6.8); current version is 2026.3.24.
Config was last written by a newer OpenClaw (2026.6.8); current version is 2026.3.24.
Config was last written by a newer OpenClaw (2026.6.8); current version is 2026.3.24.
Config was last written by a newer OpenClaw (2026.6.8); current version is 2026.3.24.
Config was last written by a newer OpenClaw (2026.6.8); current version is 2026.3.24.
Config was last written by a newer OpenClaw (2026.6.8); current version is 2026.3.24.
Config was last written by a newer OpenClaw (2026.6.8); current version is 2026.3.24.
Config was last written by a newer OpenClaw (2026.6.8); current version is 2026.3.24.
Config was last written by a newer OpenClaw (2026.6.8); current version is 2026.3.24.
Config was last written by a newer OpenClaw (2026.6.8); current version is 2026.3.24.
Config was last written by a newer OpenClaw (2026.6.8); current version is 2026.3.24.
Config was last written by a newer OpenClaw (2026.6.8); current version is 2026.3.24.
Config was last written by a newer OpenClaw (2026.6.8); current version is 2026.3.24.
Config was last written by a newer OpenClaw (2026.6.8); current version is 2026.3.24.
Config was last written by a newer OpenClaw (2026.6.8); current version is 2026.3.24.
Config was last written by a newer OpenClaw (2026.6.8); current version is 2026.3.24.
Config was last written by a newer OpenClaw (2026.6.8); current version is 2026.3.24.
Config was last written by a newer OpenClaw (2026.6.8); current version is 2026.3.24.
Config was last written by a newer OpenClaw (2026.6.8); current version is 2026.3.24.
Config was last written by a newer OpenClaw (2026.6.8); current version is 2026.3.24.
Config was last written by a newer OpenClaw (2026.6.8); current version is 2026.3.24.
Config was last written by a newer OpenClaw (2026.6.8); current version is 2026.3.24.
Config was last written by a newer OpenClaw (2026.6.8); current version is 2026.3.24.
Config was last written by a newer OpenClaw (2026.6.8); current version is 2026.3.24.
Config was last written by a newer OpenClaw (2026.6.8); current version is 2026.3.24.
Config was last written by a newer OpenClaw (2026.6.8); current version is 2026.3.24.
Config was last written by a newer OpenClaw (2026.6.8); current version is 2026.3.24.
Config was last written by a newer OpenClaw (2026.6.8); current version is 2026.3.24.
Config was last written by a newer OpenClaw (2026.6.8); current version is 2026.3.24.
Config was last written by a newer OpenClaw (2026.6.8); current version is 2026.3.24.
Config was last written by a newer OpenClaw (2026.6.8); current version is 2026.3.24.
Config was last written by a newer OpenClaw (2026.6.8); current version is 2026.3.24.
Config was last written by a newer OpenClaw (2026.6.8); current version is 2026.3.24.
Config was last written by a newer OpenClaw (2026.6.8); current version is 2026.3.24.
Config was last written by a newer OpenClaw (2026.6.8); current version is 2026.3.24.
Config was last written by a newer OpenClaw (2026.6.8); current version is 2026.3.24.
Config was last written by a newer OpenClaw (2026.6.8); current version is 2026.3.24.
Config was last written by a newer OpenClaw (2026.6.8); current version is 2026.3.24.
Config was last written by a newer OpenClaw (2026.6.8); current version is 2026.3.24.
Config was last written by a newer OpenClaw (2026.6.8); current version is 2026.3.24.
Config was last written by a newer OpenClaw (2026.6.8); current version is 2026.3.24.
Config was last written by a newer OpenClaw (2026.6.8); current version is 2026.3.24.
Config was last written by a newer OpenClaw (2026.6.8); current version is 2026.3.24.
Config was last written by a newer OpenClaw (2026.6.8); current version is 2026.3.24.
Config was last written by a newer OpenClaw (2026.6.8); current version is 2026.3.24.
Config was last written by a newer OpenClaw (2026.6.8); current version is 2026.3.24.
Config was last written by a newer OpenClaw (2026.6.8); current version is 2026.3.24.
Config was last written by a newer OpenClaw (2026.6.8); current version is 2026.3.24.
Config was last written by a newer OpenClaw (2026.6.8); current version is 2026.3.24.
Config was last written by a newer OpenClaw (2026.6.8); current version is 2026.3.24.
Config was last written by a newer OpenClaw (2026.6.8); current version is 2026.3.24.
Config was last written by a newer OpenClaw (2026.6.8); current version is 2026.3.24.
Config was last written by a newer OpenClaw (2026.6.8); current version is 2026.3.24.
Config was last written by a newer OpenClaw (2026.6.8); current version is 2026.3.24.
Config was last written by a newer OpenClaw (2026.6.8); current version is 2026.3.24.
Config was last written by a newer OpenClaw (2026.6.8); current version is 2026.3.24.
Config was last written by a newer OpenClaw (2026.6.8); current version is 2026.3.24.
Config was last written by a newer OpenClaw (2026.6.8); current version is 2026.3.24.
Config was last written by a newer OpenClaw (2026.6.8); current version is 2026.3.24.
Config was last written by a newer OpenClaw (2026.6.8); current version is 2026.3.24.
Config was last written by a newer OpenClaw (2026.6.8); current version is 2026.3.24.
Config was last written by a newer OpenClaw (2026.6.8); current version is 2026.3.24.
Config was last written by a newer OpenClaw (2026.6.8); current version is 2026.3.24.
Config was last written by a newer OpenClaw (2026.6.8); current version is 2026.3.24.
Config was last written by a newer OpenClaw (2026.6.8); current version is 2026.3.24.
Config was last written by a newer OpenClaw (2026.6.8); current version is 2026.3.24.
Config was last written by a newer OpenClaw (2026.6.8); current version is 2026.3.24.
Config was last written by a newer OpenClaw (2026.6.8); current version is 2026.3.24.
Config was last written by a newer OpenClaw (2026.6.8); current version is 2026.3.24.
Config was last written by a newer OpenClaw (2026.6.8); current version is 2026.3.24.
Config was last written by a newer OpenClaw (2026.6.8); current version is 2026.3.24.
Config was last written by a newer OpenClaw (2026.6.8); current version is 2026.3.24.
Config was last written by a newer OpenClaw (2026.6.8); current version is 2026.3.24.
Config was last written by a newer OpenClaw (2026.6.8); current version is 2026.3.24.
Config was last written by a newer OpenClaw (2026.6.8); current version is 2026.3.24.
Config was last written by a newer OpenClaw (2026.6.8); current version is 2026.3.24.
Config was last written by a newer OpenClaw (2026.6.8); current version is 2026.3.24.
Config was last written by a newer OpenClaw (2026.6.8); current version is 2026.3.24.
Config was last written by a newer OpenClaw (2026.6.8); current version is 2026.3.24.
Config was last written by a newer OpenClaw (2026.6.8); current version is 2026.3.24.
Config was last written by a newer OpenClaw (2026.6.8); current version is 2026.3.24.
Config was last written by a newer OpenClaw (2026.6.8); current version is 2026.3.24.
Config was last written by a newer OpenClaw (2026.6.8); current version is 2026.3.24.
Config was last written by a newer OpenClaw (2026.6.8); current version is 2026.3.24.
Config was last written by a newer OpenClaw (2026.6.8); current version is 2026.3.24.
Config was last written by a newer OpenClaw (2026.6.8); current version is 2026.3.24.
Config was last written by a newer OpenClaw (2026.6.8); current version is 2026.3.24.
Config was last written by a newer OpenClaw (2026.6.8); current version is 2026.3.24.
Config was last written by a newer OpenClaw (2026.6.8); current version is 2026.3.24.
Config was last written by a newer OpenClaw (2026.6.8); current version is 2026.3.24.
Config was last written by a newer OpenClaw (2026.6.8); current version is 2026.3.24.
Config was last written by a newer OpenClaw (2026.6.8); current version is 2026.3.24.
Config was last written by a newer OpenClaw (2026.6.8); current version is 2026.3.24.
Config was last written by a newer OpenClaw (2026.6.8); current version is 2026.3.24.
Config was last written by a newer OpenClaw (2026.6.8); current version is 2026.3.24.
Config was last written by a newer OpenClaw (2026.6.8); current version is 2026.3.24.
Config was last written by a newer OpenClaw (2026.6.8); current version is 2026.3.24.
Config was last written by a newer OpenClaw (2026.6.8); current version is 2026.3.24.
Config was last written by a newer OpenClaw (2026.6.8); current version is 2026.3.24.
Config was last written by a newer OpenClaw (2026.6.8); current version is 2026.3.24.
Config was last written by a newer OpenClaw (2026.6.8); current version is 2026.3.24.
Config was last written by a newer OpenClaw (2026.6.8); current version is 2026.3.24.
Config was last written by a newer OpenClaw (2026.6.8); current version is 2026.3.24.
Config was last written by a newer OpenClaw (2026.6.8); current version is 2026.3.24.
Config was last written by a newer OpenClaw (2026.6.8); current version is 2026.3.24.
Config was last written by a newer OpenClaw (2026.6.8); current version is 2026.3.24.
Config was last written by a newer OpenClaw (2026.6.8); current version is 2026.3.24.
Config was last written by a newer OpenClaw (2026.6.8); current version is 2026.3.24.
Config was last written by a newer OpenClaw (2026.6.8); current version is 2026.3.24.
Config was last written by a newer OpenClaw (2026.6.8); current version is 2026.3.24.
Config was last written by a newer OpenClaw (2026.6.8); current version is 2026.3.24.
Config was last written by a newer OpenClaw (2026.6.8); current version is 2026.3.24.
Config was last written by a newer OpenClaw (2026.6.8); current version is 2026.3.24.
Config was last written by a newer OpenClaw (2026.6.8); current version is 2026.3.24.
Config was last written by a newer OpenClaw (2026.6.8); current version is 2026.3.24.
Config was last written by a newer OpenClaw (2026.6.8); current version is 2026.3.24.
Config was last written by a newer OpenClaw (2026.6.8); current version is 2026.3.24.
Config was last written by a newer OpenClaw (2026.6.8); current version is 2026.3.24.
Config was last written by a newer OpenClaw (2026.6.8); current version is 2026.3.24.
Config was last written by a newer OpenClaw (2026.6.8); current version is 2026.3.24.
Config was last written by a newer OpenClaw (2026.6.8); current version is 2026.3.24.
Config was last written by a newer OpenClaw (2026.6.8); current version is 2026.3.24.
Config was last written by a newer OpenClaw (2026.6.8); current version is 2026.3.24.
Config was last written by a newer OpenClaw (2026.6.8); current version is 2026.3.24.
Config was last written by a newer OpenClaw (2026.6.8); current version is 2026.3.24.
Config was last written by a newer OpenClaw (2026.6.8); current version is 2026.3.24.
Config was last written by a newer OpenClaw (2026.6.8); current version is 2026.3.24.
Config was last written by a newer OpenClaw (2026.6.8); current version is 2026.3.24.
Config was last written by a newer OpenClaw (2026.6.8); current version is 2026.3.24.
Config was last written by a newer OpenClaw (2026.6.8); current version is 2026.3.24.
Config was last written by a newer OpenClaw (2026.6.8); current version is 2026.3.24.
Config was last written by a newer OpenClaw (2026.6.8); current version is 2026.3.24.
Config was last written by a newer OpenClaw (2026.6.8); current version is 2026.3.24.
Config was last written by a newer OpenClaw (2026.6.8); current version is 2026.3.24.
Config was last written by a newer OpenClaw (2026.6.8); current version is 2026.3.24.
Config was last written by a newer OpenClaw (2026.6.8); current version is 2026.3.24.
Config was last written by a newer OpenClaw (2026.6.8); current version is 2026.3.24.
Config was last written by a newer OpenClaw (2026.6.8); current version is 2026.3.24.
Config was last written by a newer OpenClaw (2026.6.8); current version is 2026.3.24.
Config was last written by a newer OpenClaw (2026.6.8); current version is 2026.3.24.
Config was last written by a newer OpenClaw (2026.6.8); current version is 2026.3.24.
Config was last written by a newer OpenClaw (2026.6.8); current version is 2026.3.24.
Config was last written by a newer OpenClaw (2026.6.8); current version is 2026.3.24.
Config was last written by a newer OpenClaw (2026.6.8); current version is 2026.3.24.
Config was last written by a newer OpenClaw (2026.6.8); current version is 2026.3.24.
Config was last written by a newer OpenClaw (2026.6.8); current version is 2026.3.24.
[tools] tools.profile (coding) allowlist contains unknown entries (apply_patch). These entries are shipped core tools but unavailable in the current runtime/provider/model/config.
[tools] tools.profile (coding) allowlist contains unknown entries (apply_patch). These entries are shipped core tools but unavailable in the current runtime/provider/model/config.
[auto_v3]   [agent running 30s] session: 11 messages
[auto_v3]   [agent running 30s] session: 11 messages
[auto_v3]   [agent running 60s] session: 27 messages
[auto_v3]   [agent running 60s] session: 27 messages
[auto_v3]   [agent running 90s] session: 35 messages
[auto_v3]   [agent running 90s] session: 35 messages
[auto_v3]   [agent running 120s] session: 41 messages
[auto_v3]   [agent running 120s] session: 41 messages
I'll analyze this error. Looking at the traceback bottom-up:

1. `RuntimeError: Task error: File reconstruction error: IO Error: No space left on device (os error 28)` — clear disk space issue
2. `UserWarning: Not enough free disk space to download the file. The expected file size is: 31264.22 MB. The target location ... only has 25030.56 MB free disk space.`

This is a **disk space** issue, not a code/model issue. Let me follow the mandatory protocol.
I'll analyze this error. Looking at the traceback bottom-up:

1. `RuntimeError: Task error: File reconstruction error: IO Error: No space left on device (os error 28)` — clear disk space issue
2. `UserWarning: Not enough free disk space to download the file. The expected file size is: 31264.22 MB. The target location ... only has 25030.56 MB free disk space.`

This is a **disk space** issue, not a code/model issue. Let me follow the mandatory protocol.
I have enough evidence. Let me document the protocol:

```
COMPONENT: environment
ERROR_CLASS: disk_full
ROOT_CAUSE_HYPOTHESIS: The disk (/ overlay, 200 GB total) is far too small to host the
                       XiaomiMiMo/MiMo-V2.5-Pro model (1023 GB params / 1033 GB fp16
                       weight on disk across 34 shards) — neither the source shards
                       nor the W4A16 quantized output (~511 GB) can fit. The previous
                       run failed at "IO Error: No space left on device (os error 28)"
                       because HF Hub tried to cache multiple ~30 GB shards
                       concurrently and exhausted the disk.
EVIDENCE_CMD: df -h / && echo "---" && du -sh /root/.cache/huggingface/hub/models--XiaomiMiMo--MiMo-V2.5-Pro/ && echo "---" && python3 -c "import json; d=json.load(open('/root/.cache/huggingface/hub/models--XiaomiMiMo--MiMo-V2.5-Pro/blobs/a7ad2187407f8cf989f140a42d9bf340be7a220b2f6b35afa0a728774eb20f4b')); print('model total bytes:', d['metadata']['total_size']); print('shard count:', len(set(d['weight_map'].values())))" && echo "---" && cat /root/_work/1/s/auto_quant/output/runs/MiMo-V2.5-Pro-AutoRound-W4A16-RTN/request.json | python3 -c "import json,sys; r=json.load(sys.stdin); print('model_weight_gb:', r['model_weight_gb']); print('quant_model_size_gb:', r['quant_model_size_gb']); print('quant_memory_gb:', r['quant_memory_gb'])"
EVIDENCE_RESULT:
Filesystem      Size  Used Avail Use% Mounted /
overlay         200G  166G   35G  83% /
145G  /root/.cache/huggingface/hub/models--XiaomiMiMo--MiMo-V2.5-Pro/   (partial blobs from prior failure)
model total bytes: 1033369538304   = 1033 GB
shard count: 34  (model_mtp + 33 expert shards, each ~30 GB)
model_weight_gb:   1033.37
quant_model_size_gb: 511.62     (W4A16 output)
quant_memory_gb:      44.29     (workspace, not disk)
```

VERDICT: UNFIXABLE
UNFIXABLE_REASON: disk_too_small_for_model — root filesystem is 200 GB total; the model alone is 1033 GB across 34 shards, and the W4A16 quantized output is 511 GB. Even with optimal streaming (download one shard ≈ 30 GB, quantize to ≈ 15 GB, delete source), the *final accumulated* quantized output (~511 GB) is ~2.5× the entire disk. No combination of `--model_free`, partial-download streaming, HF cache eviction, or output format swap can fit both the source and the quantized model on this disk. Even cleaning the existing 145 GB of failed-blob leftovers only frees 180 GB — still 3× short of the output alone.

(FIX_PLAN, SMOKE_TEST not required: UNFIXABLE → pipeline halts this phase.)


VERDICT: **UNFIXABLE** — `disk_too_small_for_model`.

**Why this isn't fixable on the current box:**

| Quantity | Value |
|---|---|
| Root disk (`/`) | **200 GB** total, 166 GB used, 35 GB free |
| MiMo-V2.5-Pro weight on disk | **1033 GB** (34 shards × ~30 GB) |
| W4A16 quantized output | **511 GB** |
| Existing failed-blob leftovers in HF cache | 145 GB (could be deleted) |

Even after deleting the 145 GB of partial blobs from the failed run, only **~180 GB** is free. The quantized output alone (511 GB) is **~2.5× the entire disk** — no setting (`--model_free`, streaming, partial-download eviction, different export format) can make a 511 GB artifact fit in 180 GB. The source model is 5× larger than the disk on its own.

This is a hardware-scope mismatch: the model size required by the job (1033 GB source / 511 GB output) exceeds the entire 200 GB root filesystem. Re-running quantize, with or without `--model_free`, will hit the same `No space left on device (os error 28)` as soon as the cumulative artifact size exceeds disk capacity.

**Recommendation:** reroute this job to a host with a filesystem sized for the model (≥ 2 TB free, ideally on NVMe local or a dedicated `/data` mount), then re-submit. Do not patch the script — there is no fix that fits.

Halting this phase per protocol (UNFIXABLE → no retry).
I have enough evidence. Let me document the protocol:

```
COMPONENT: environment
ERROR_CLASS: disk_full
ROOT_CAUSE_HYPOTHESIS: The disk (/ overlay, 200 GB total) is far too small to host the
                       XiaomiMiMo/MiMo-V2.5-Pro model (1023 GB params / 1033 GB fp16
                       weight on disk across 34 shards) — neither the source shards
                       nor the W4A16 quantized output (~511 GB) can fit. The previous
                       run failed at "IO Error: No space left on device (os error 28)"
                       because HF Hub tried to cache multiple ~30 GB shards
                       concurrently and exhausted the disk.
EVIDENCE_CMD: df -h / && echo "---" && du -sh /root/.cache/huggingface/hub/models--XiaomiMiMo--MiMo-V2.5-Pro/ && echo "---" && python3 -c "import json; d=json.load(open('/root/.cache/huggingface/hub/models--XiaomiMiMo--MiMo-V2.5-Pro/blobs/a7ad2187407f8cf989f140a42d9bf340be7a220b2f6b35afa0a728774eb20f4b')); print('model total bytes:', d['metadata']['total_size']); print('shard count:', len(set(d['weight_map'].values())))" && echo "---" && cat /root/_work/1/s/auto_quant/output/runs/MiMo-V2.5-Pro-AutoRound-W4A16-RTN/request.json | python3 -c "import json,sys; r=json.load(sys.stdin); print('model_weight_gb:', r['model_weight_gb']); print('quant_model_size_gb:', r['quant_model_size_gb']); print('quant_memory_gb:', r['quant_memory_gb'])"
EVIDENCE_RESULT:
Filesystem      Size  Used Avail Use% Mounted /
overlay         200G  166G   35G  83% /
145G  /root/.cache/huggingface/hub/models--XiaomiMiMo--MiMo-V2.5-Pro/   (partial blobs from prior failure)
model total bytes: 1033369538304   = 1033 GB
shard count: 34  (model_mtp + 33 expert shards, each ~30 GB)
model_weight_gb:   1033.37
quant_model_size_gb: 511.62     (W4A16 output)
quant_memory_gb:      44.29     (workspace, not disk)
```

VERDICT: UNFIXABLE
UNFIXABLE_REASON: disk_too_small_for_model — root filesystem is 200 GB total; the model alone is 1033 GB across 34 shards, and the W4A16 quantized output is 511 GB. Even with optimal streaming (download one shard ≈ 30 GB, quantize to ≈ 15 GB, delete source), the *final accumulated* quantized output (~511 GB) is ~2.5× the entire disk. No combination of `--model_free`, partial-download streaming, HF cache eviction, or output format swap can fit both the source and the quantized model on this disk. Even cleaning the existing 145 GB of failed-blob leftovers only frees 180 GB — still 3× short of the output alone.

(FIX_PLAN, SMOKE_TEST not required: UNFIXABLE → pipeline halts this phase.)


VERDICT: **UNFIXABLE** — `disk_too_small_for_model`.

**Why this isn't fixable on the current box:**

| Quantity | Value |
|---|---|
| Root disk (`/`) | **200 GB** total, 166 GB used, 35 GB free |
| MiMo-V2.5-Pro weight on disk | **1033 GB** (34 shards × ~30 GB) |
| W4A16 quantized output | **511 GB** |
| Existing failed-blob leftovers in HF cache | 145 GB (could be deleted) |

Even after deleting the 145 GB of partial blobs from the failed run, only **~180 GB** is free. The quantized output alone (511 GB) is **~2.5× the entire disk** — no setting (`--model_free`, streaming, partial-download eviction, different export format) can make a 511 GB artifact fit in 180 GB. The source model is 5× larger than the disk on its own.

This is a hardware-scope mismatch: the model size required by the job (1033 GB source / 511 GB output) exceeds the entire 200 GB root filesystem. Re-running quantize, with or without `--model_free`, will hit the same `No space left on device (os error 28)` as soon as the cumulative artifact size exceeds disk capacity.

**Recommendation:** reroute this job to a host with a filesystem sized for the model (≥ 2 TB free, ideally on NVMe local or a dedicated `/data` mount), then re-submit. Do not patch the script — there is no fix that fits.

Halting this phase per protocol (UNFIXABLE → no retry).
[auto_v3]   Agent session complete: 38 messages, 0
0 tool calls
[auto_v3]   Agent session complete: 38 messages, 0
0 tool calls
[auto_v3] Agent verdict: UNFIXABLE (disk_too_small_for_model — root filesystem is 200 GB total; the model alone is 1033 GB across 34 shards, and the W4A16 quantized output is 511 GB. Even with optimal streaming (download one shard ≈ 30 GB, quantize to ≈ 15 GB, delete source), the final accumulated quantized output (~511 GB) is ~2.5× the entire disk. No combination of --model_free, partial-download streaming, HF cache eviction, or output format swap can fit both the source and the quantized model on this disk. Even cleaning the existing 145 GB of failed-blob leftovers only frees 180 GB — still 3× short of the output alone.). Aborting fix loop.
[auto_v3] Agent verdict: UNFIXABLE (disk_too_small_for_model — root filesystem is 200 GB total; the model alone is 1033 GB across 34 shards, and the W4A16 quantized output is 511 GB. Even with optimal streaming (download one shard ≈ 30 GB, quantize to ≈ 15 GB, delete source), the final accumulated quantized output (~511 GB) is ~2.5× the entire disk. No combination of --model_free, partial-download streaming, HF cache eviction, or output format swap can fit both the source and the quantized model on this disk. Even cleaning the existing 145 GB of failed-blob leftovers only frees 180 GB — still 3× short of the output alone.). Aborting fix loop.
[lesson] Saved: [unfixable] RuntimeError: Task error: File reconstruction error: IO Error: No space left on 
[lesson]   Solution: UNFIXABLE: disk_too_small_for_model — root filesystem is 200 GB total; the model alone is 1033 GB across 34 shards, and the W4A16 quantized output is 511 GB. Even with optimal streaming (download one shard ≈ 30 GB, quantize to ≈ 15 GB, delete source), the final accumulated quantized output (~511 GB) is ~2.5× the entire disk. No combination of --model_free, partial-download streaming, HF cache eviction, or output format swap can fit both the source and the quantized model on this disk. Even cleaning the existing 145 GB of failed-blob leftovers only frees 180 GB — still 3× short of the output alone.
[lesson] Saved: [unfixable] RuntimeError: Task error: File reconstruction error: IO Error: No space left on 
[lesson]   Solution: UNFIXABLE: disk_too_small_for_model — root filesystem is 200 GB total; the model alone is 1033 GB across 34 shards, and the W4A16 quantized output is 511 GB. Even with optimal streaming (download one shard ≈ 30 GB, quantize to ≈ 15 GB, delete source), the final accumulated quantized output (~511 GB) is ~2.5× the entire disk. No combination of --model_free, partial-download streaming, HF cache eviction, or output format swap can fit both the source and the quantized model on this disk. Even cleaning the existing 145 GB of failed-blob leftovers only frees 180 GB — still 3× short of the output alone.
[auto_v3] Pipeline failed at: quantize (835s)
[auto_v3] Pipeline failed at: quantize (835s)
[auto_v3] Collected 1 openclaw session(s)
[auto_v3] Collected 1 openclaw session(s)
[format_sessions] Wrote /root/_work/1/s/auto_quant/output/runs/MiMo-V2.5-Pro-AutoRound-W4A16-RTN/session_fix_quantize_390_1785758873.md
[format_sessions] Wrote /root/_work/1/s/auto_quant/output/runs/MiMo-V2.5-Pro-AutoRound-W4A16-RTN/session_fix_quantize_390_1785758873.md
[auto_v3] Generating run report...
[auto_v3] Generating run report...
[report] Written to: /root/_work/1/s/auto_quant/output/runs/MiMo-V2.5-Pro-AutoRound-W4A16-RTN/run_report.md
[report] Written to: /root/_work/1/s/auto_quant/output/runs/MiMo-V2.5-Pro-AutoRound-W4A16-RTN/run_report.md

═══════ Upload Results ═══════

[auto_v3] Uploading results to lb_eval GitHub...

═══════ Upload Results ═══════

[auto_v3] Uploading results to lb_eval GitHub...
[github-upload] Removing stale non-git directory: /root/_work/1/s/auto_quant/lb_eval
[github-upload] Cloning repo into: /root/_work/1/s/auto_quant/lb_eval
[github-upload] Removing stale non-git directory: /root/_work/1/s/auto_quant/lb_eval
[github-upload] Cloning repo into: /root/_work/1/s/auto_quant/lb_eval
[github-upload] repo dir: /root/_work/1/s/auto_quant/lb_eval
[github-upload] model id: XiaomiMiMo/MiMo-V2.5-Pro
[github-upload] artifact name: MiMo-V2.5-Pro-AutoRound-W4A16-RTN
[github-upload] result org: XiaomiMiMo
[github-upload] branch: main
[github-upload] repo dir: /root/_work/1/s/auto_quant/lb_eval
[github-upload] model id: XiaomiMiMo/MiMo-V2.5-Pro
[github-upload] artifact name: MiMo-V2.5-Pro-AutoRound-W4A16-RTN
[github-upload] result org: XiaomiMiMo
[github-upload] branch: main
[github-upload] git user: lkk12014402 <kaokao.lv@intel.com>
[github-upload] git user: lkk12014402 <kaokao.lv@intel.com>
[github-upload] Derived pipeline status: Partial
[github-upload] Derived pipeline status: Partial
