{
  "alias": "  - clinical_knowledge",
  "acc,none": 0.21509433962264152,
  "acc_stderr,none": 0.02528839450289141
}