[auto_v3] HF cache: HuggingFace default (~/.cache/huggingface)

═══════ Pipeline: microsoft/GELab-Zero-4B-preview-Sico-Evolution | W4A16/RTN/auto_round ═══════


═══════ Pipeline: microsoft/GELab-Zero-4B-preview-Sico-Evolution | W4A16/RTN/auto_round ═══════


═══════ Phase: setup_env ═══════


═══════ Phase: setup_env ═══════

=== Phase 1: Environment Setup ===
  AUTO_ROUND_REF=latest
  TRANSFORMERS_REF=auto
  EXPORT_FORMAT=auto_round
  EVAL_BACKEND=hf
=== Phase 1: Environment Setup ===
  AUTO_ROUND_REF=latest
  TRANSFORMERS_REF=auto
  EXPORT_FORMAT=auto_round
  EVAL_BACKEND=hf
[setup_env] Installing: auto-round
[setup_env] Installing: auto-round
 + triton==3.7.1
 + typer==0.27.0
 + urllib3==2.7.0
 + xxhash==3.8.1
 + yarl==1.24.5
 + triton==3.7.1
 + typer==0.27.0
 + urllib3==2.7.0
 + xxhash==3.8.1
 + yarl==1.24.5
 + threadpoolctl==3.6.0
 + typepy==1.3.5
 + word2number==1.1
 + threadpoolctl==3.6.0
 + typepy==1.3.5
 + word2number==1.1
 + hf-transfer==0.1.9
 + loguru==0.7.3
 + sentencepiece==0.2.2
 + hf-transfer==0.1.9
 + loguru==0.7.3
 + sentencepiece==0.2.2
[setup_env] Checking torch/CUDA driver compatibility...
[setup_env] Checking torch/CUDA driver compatibility...
/root/.venv/lib/python3.12/site-packages/torch/cuda/__init__.py:188: UserWarning: CUDA initialization: The NVIDIA driver on your system is too old (found version 12080). Please update your GPU driver by downloading and installing a new version from the URL: http://www.nvidia.com/Download/index.aspx Alternatively, go to: https://pytorch.org to install a PyTorch version that has been compiled with your version of the CUDA driver. (Triggered internally at /__w/pytorch/pytorch/c10/cuda/CUDAFunctions.cpp:119.)
  return torch._C._cuda_getDeviceCount() > 0
/root/.venv/lib/python3.12/site-packages/torch/cuda/__init__.py:188: UserWarning: CUDA initialization: The NVIDIA driver on your system is too old (found version 12080). Please update your GPU driver by downloading and installing a new version from the URL: http://www.nvidia.com/Download/index.aspx Alternatively, go to: https://pytorch.org to install a PyTorch version that has been compiled with your version of the CUDA driver. (Triggered internally at /__w/pytorch/pytorch/c10/cuda/CUDAFunctions.cpp:119.)
  return torch._C._cuda_getDeviceCount() > 0
[setup_env] NVIDIA driver: 570.195.03
[setup_env] NVIDIA driver: 570.195.03
[setup_env] Driver supports CUDA: 12.8
[setup_env] torch 2.13.0+cu130 CUDA mismatch with driver (CUDA 12.8)
[setup_env] Reinstalling torch with cu128 from https://download.pytorch.org/whl/cu128...
[setup_env] Driver supports CUDA: 12.8
[setup_env] torch 2.13.0+cu130 CUDA mismatch with driver (CUDA 12.8)
[setup_env] Reinstalling torch with cu128 from https://download.pytorch.org/whl/cu128...
Using Python 3.12.13 environment at: /root/.venv
Using Python 3.12.13 environment at: /root/.venv
Resolved 33 packages in 483ms
Resolved 33 packages in 483ms
Downloading setuptools (1.2MiB)
Downloading setuptools (1.2MiB)
Downloading cuda-bindings (11.6MiB)
Downloading cuda-bindings (11.6MiB)
Downloading networkx (2.0MiB)
Downloading networkx (2.0MiB)
Downloading torchaudio (1.6MiB)
Downloading torchaudio (1.6MiB)
Downloading nvidia-nccl-cu12 (283.0MiB)
Downloading nvidia-nccl-cu12 (283.0MiB)
Downloading nvidia-cuda-nvrtc-cu12 (84.0MiB)
Downloading nvidia-cuda-nvrtc-cu12 (84.0MiB)
Downloading torchvision (7.7MiB)
Downloading torchvision (7.7MiB)
Downloading triton (179.6MiB)
Downloading triton (179.6MiB)
Downloading torch (782.3MiB)
Downloading torch (782.3MiB)
Downloading sympy (6.0MiB)
Downloading sympy (6.0MiB)
Downloading numpy (15.9MiB)
Downloading numpy (15.9MiB)
Downloading pillow (6.8MiB)
Downloading pillow (6.8MiB)
Downloading nvidia-cusparse-cu12 (274.9MiB)
Downloading nvidia-cusparse-cu12 (274.9MiB)
Downloading nvidia-cublas-cu12 (566.8MiB)
Downloading nvidia-cublas-cu12 (566.8MiB)
Downloading nvidia-cufile-cu12 (1.1MiB)
Downloading nvidia-cufile-cu12 (1.1MiB)
Downloading nvidia-cusparselt-cu12 (273.9MiB)
Downloading nvidia-cusparselt-cu12 (273.9MiB)
Downloading nvidia-nvjitlink-cu12 (37.4MiB)
Downloading nvidia-nvjitlink-cu12 (37.4MiB)
Downloading nvidia-cudnn-cu12 (627.4MiB)
Downloading nvidia-cudnn-cu12 (627.4MiB)
Downloading Downloading nvidia-cufft-cu12 (184.2MiB)
nvidia-cufft-cu12 (184.2MiB)
Downloading nvidia-nvshmem-cu12 (132.7MiB)
Downloading nvidia-nvshmem-cu12 (132.7MiB)
Downloading nvidia-cuda-cupti-cu12 (9.8MiB)
Downloading nvidia-cuda-cupti-cu12 (9.8MiB)
Downloading nvidia-cusolver-cu12 (255.1MiB)
Downloading nvidia-cusolver-cu12 (255.1MiB)
Downloading nvidia-curand-cu12 (60.7MiB)
Downloading nvidia-curand-cu12 (60.7MiB)
 Downloaded nvidia-cufile-cu12
 Downloaded nvidia-cufile-cu12
 Downloaded torchaudio
 Downloaded torchaudio
 Downloaded cuda-bindings
 Downloaded cuda-bindings
 Downloaded torchvision
 Downloaded torchvision
 Downloaded nvidia-cuda-cupti-cu12
 Downloaded nvidia-cuda-cupti-cu12
 Downloaded pillow
 Downloaded pillow
 Downloaded setuptools
 Downloaded setuptools
 Downloaded networkx
 Downloaded networkx
 Downloaded triton
 Downloaded triton
 Downloaded numpy
 Downloaded numpy
 Downloaded sympy
 Downloaded sympy
 Downloaded nvidia-nvjitlink-cu12
 Downloaded nvidia-nvjitlink-cu12
 Downloaded nvidia-cuda-nvrtc-cu12
 Downloaded nvidia-cuda-nvrtc-cu12
 Downloaded nvidia-curand-cu12
 Downloaded nvidia-curand-cu12
 Downloaded nvidia-nccl-cu12
 Downloaded nvidia-nccl-cu12
 Downloaded nvidia-nvshmem-cu12
 Downloaded nvidia-nvshmem-cu12
 Downloaded nvidia-cusparse-cu12
 Downloaded nvidia-cusparse-cu12
 Downloaded nvidia-cusparselt-cu12
 Downloaded nvidia-cusparselt-cu12
 Downloaded nvidia-cufft-cu12
 Downloaded nvidia-cufft-cu12
 Downloaded nvidia-cusolver-cu12
 Downloaded nvidia-cusolver-cu12
 Downloaded nvidia-cublas-cu12
 Downloaded nvidia-cublas-cu12
 Downloaded nvidia-cudnn-cu12
 Downloaded nvidia-cudnn-cu12
 Downloaded torch
 Downloaded torch
Prepared 33 packages in 29.01s
Prepared 33 packages in 29.01s
Uninstalled 15 packages in 1.11s
Uninstalled 15 packages in 1.11s
Installed 33 packages in 3.41s
 - cuda-bindings==13.3.1
 + cuda-bindings==12.9.4
 - cuda-pathfinder==1.6.0
 + cuda-pathfinder==1.2.2
 - cuda-toolkit==13.0.3.0
 + cuda-toolkit==12.8.1
 - filelock==3.32.2
 + filelockInstalled 33 packages in 3.41s
==3.29.0 - cuda-bindings==13.3.1
 + cuda-bindings==12.9.4
 - cuda-pathfinder==1.6.0
 + cuda-pathfinder==1.2.2
 - cuda-toolkit==13.0.3.0
 + cuda-toolkit==12.8.1
 - filelock==3.32.2
 + filelock==3.29.0
 
 - - fsspecfsspec==2026.==20266.6..00

  + + fsspecfsspec==2026.4.==2026.4.0
0
 ~  ~ jinja2==3.1jinja2.==3.1.6
 6
 ~~ markupsafe==3.0.3
 ~ mpmath==1.3.0 markupsafe==3.0.3
 ~ mpmath==1.3.0
 
 ~ ~ networkx==3.6.1
 -networkx==3.6.1
 - numpy numpy==2==2.5.1.5.1
 +
 + numpy numpy==2.==2.4.44.4
 
 ++ nvidia-cublas-cu12 nvidia-cublas-cu12==12.8==12..84..41.1
 
 + + nvidia-cuda-cupti-cu12nvidia-cuda-cupti-cu12==12==12.8..908
.90
  ++  nvidia-cuda-nvrtc-cu12nvidia-cuda-nvrtc-cu12==12.==12.8.938
 .93
 + nvidia-cuda-runtime-cu12+ nvidia-cuda-runtime-cu12==12.==128.90.8.90
 
 + + nvidia-cudnn-cu12nvidia-cudnn-cu12==9.19==9..019.0..5656
 + 
nvidia-cufft-cu12 + nvidia-cufft-cu12==11.==113.3..3.833.83
 
 + + nvidia-cufile-cu12nvidia-cufile-cu12==1==.131.13.1..1.3
 3
 ++ nvidia-curand-cu12 nvidia-curand-cu12==10==.103..3.9.9.9090
 
 ++  nvidia-cusolver-cu12nvidia-cusolver-cu12==11.==117..7.3.903.90
 
 ++  nvidia-cusparse-cu12nvidia-cusparse-cu12==12==.125.5.8..8.9393
 
 ++  nvidia-cusparselt-cu12nvidia-cusparselt-cu12==0==.07.7.1.1
 
 ++  nvidia-nccl-cu12nvidia-nccl-cu12==2.==2.28.28.99
 
 ++  nvidia-nvjitlink-cu12nvidia-nvjitlink-cu12==12==.128.8.93
. 93
 ++  nvidia-nvshmem-cu12nvidia-nvshmem-cu12====3.43..54.5
 
 ++  nvidia-nvtx-cu12nvidia-nvtx-cu12==12==.12.8.890.90
 
 ++  pillowpillow==12==.122.2.0.0
 
 --  setuptoolssetuptools==83==.83.0.0.00
 
 ++  setuptoolssetuptools==78==.781.1.0.0
 
 ~~  sympysympy==1==.114.14.0.0
 
 --  torchtorch==2==.2.13.130.0
 
 ++  torchtorch==2==.211.11.0.0+cu128+cu128
 
 ++  torchaudiotorchaudio==2==.211..110.0+cu128+cu128
 
 ++  torchvisiontorchvision==0.26==.0+0.26.0+cu128cu128
 
 --  tritontriton==3==3.7.7.1.1
 
 ++  tritontriton==3==3.6..6.00
 
 --  typing-extensionstyping-extensions==4==4.16..16.00
 
 ++  typing-extensions==4typing-extensions.15.==40.15.0

[setup_env] After reinstall: torch=2.11.0+cu128, cuda=True
[setup_env] After reinstall: torch=2.11.0+cu128, cuda=True
[setup_env] Running pre-flight dependency check for microsoft/GELab-Zero-4B-preview-Sico-Evolution...
[setup_env] Running pre-flight dependency check for microsoft/GELab-Zero-4B-preview-Sico-Evolution...
09:25:55 [preflight] Pre-flight check for: microsoft/GELab-Zero-4B-preview-Sico-Evolution
09:25:55 [preflight] Pre-flight check for: microsoft/GELab-Zero-4B-preview-Sico-Evolution
09:25:56 [preflight] HTTP Request: GET https://huggingface.co/api/agent-harnesses "HTTP/1.1 200 OK"
09:25:56 [preflight] HTTP Request: GET https://huggingface.co/api/agent-harnesses "HTTP/1.1 200 OK"
09:25:56 [preflight] HTTP Request: HEAD https://huggingface.co/microsoft/GELab-Zero-4B-preview-Sico-Evolution/resolve/main/config.json "HTTP/1.1 403 Forbidden"
09:25:56 [preflight] HTTP Request: HEAD https://huggingface.co/microsoft/GELab-Zero-4B-preview-Sico-Evolution/resolve/main/config.json "HTTP/1.1 403 Forbidden"
09:25:56 [preflight] Could not download config.json: 403 Client Error. (Request ID: Root=1-6a705ea4-69d2302d0309a75c001a9a78;502af9cb-f83a-4e73-8142-babd3c908bf6)

Cannot access gated repo for url https://huggingface.co/microsoft/GELab-Zero-4B-preview-Sico-Evolution/resolve/main/config.json.
Access to model microsoft/GELab-Zero-4B-preview-Sico-Evolution is restricted and you are not in the authorized list. Visit https://huggingface.co/microsoft/GELab-Zero-4B-preview-Sico-Evolution to ask for access.
09:25:56 [preflight] Could not load config, skipping pre-flight (will rely on agent)
09:25:56 [preflight] Could not download config.json: 403 Client Error. (Request ID: Root=1-6a705ea4-69d2302d0309a75c001a9a78;502af9cb-f83a-4e73-8142-babd3c908bf6)

Cannot access gated repo for url https://huggingface.co/microsoft/GELab-Zero-4B-preview-Sico-Evolution/resolve/main/config.json.
Access to model microsoft/GELab-Zero-4B-preview-Sico-Evolution is restricted and you are not in the authorized list. Visit https://huggingface.co/microsoft/GELab-Zero-4B-preview-Sico-Evolution to ask for access.
09:25:56 [preflight] Could not load config, skipping pre-flight (will rely on agent)

[setup_env] Verification:

[setup_env] Verification:
  torch=2.11.0+cu128, cuda=True
  torch=2.11.0+cu128, cuda=True
  auto_round=0.14.2
  transformers=5.14.1
  auto_round=0.14.2
  transformers=5.14.1
  lm_eval=0.4.12
  lm_eval=0.4.12

=== Phase 1: DONE ===

=== Phase 1: DONE ===
[auto_v3] setup_env succeeded
[auto_v3] setup_env succeeded
[auto_v3] CUDA available at start — GPU will be enforced across fix attempts
[auto_v3] CUDA available at start — GPU will be enforced across fix attempts

═══════ Phase: quantize ═══════


═══════ Phase: quantize ═══════

=== Phase 2: Quantization ===
  model=microsoft/GELab-Zero-4B-preview-Sico-Evolution
  scheme=W4A16
  iters=0
  export_format=auto_round
  model_free=false
  ignore_layers=<default>
  layer_config=<none>
  output_dir=/root/_work/1/s/auto_quant/output/runs/GELab-Zero-4B-preview-Sico-Evolution-AutoRound-W4A16-RTN/quantized_model
=== Phase 2: Quantization ===
  model=microsoft/GELab-Zero-4B-preview-Sico-Evolution
  scheme=W4A16
  iters=0
  export_format=auto_round
  model_free=false
  ignore_layers=<default>
  layer_config=<none>
  output_dir=/root/_work/1/s/auto_quant/output/runs/GELab-Zero-4B-preview-Sico-Evolution-AutoRound-W4A16-RTN/quantized_model
09:26:16 [INFO] Quantization compute device: cuda:0 (device_map=0)
09:26:16 [INFO] Quantization compute device: cuda:0 (device_map=0)
09:26:16 [INFO] GPU0 free VRAM: 23.1GB / 23.5GB (min required: 2.0GB)
09:26:16 [INFO] Model: microsoft/GELab-Zero-4B-preview-Sico-Evolution
09:26:16 [INFO] Scheme: W4A16 → AutoRound scheme='W4A16'
09:26:16 [INFO] Iters: 0 (RTN)
09:26:16 [INFO] Export format: auto_round
09:26:16 [INFO] Output: /root/_work/1/s/auto_quant/output/runs/GELab-Zero-4B-preview-Sico-Evolution-AutoRound-W4A16-RTN/quantized_model
09:26:16 [INFO] Device map: auto → effective: 0
09:26:16 [INFO] Loading tokenizer...
09:26:16 [INFO] GPU0 free VRAM: 23.1GB / 23.5GB (min required: 2.0GB)
09:26:16 [INFO] Model: microsoft/GELab-Zero-4B-preview-Sico-Evolution
09:26:16 [INFO] Scheme: W4A16 → AutoRound scheme='W4A16'
09:26:16 [INFO] Iters: 0 (RTN)
09:26:16 [INFO] Export format: auto_round
09:26:16 [INFO] Output: /root/_work/1/s/auto_quant/output/runs/GELab-Zero-4B-preview-Sico-Evolution-AutoRound-W4A16-RTN/quantized_model
09:26:16 [INFO] Device map: auto → effective: 0
09:26:16 [INFO] Loading tokenizer...
09:26:16 [INFO] HTTP Request: HEAD https://huggingface.co/microsoft/GELab-Zero-4B-preview-Sico-Evolution/resolve/main/config.json "HTTP/1.1 403 Forbidden"
09:26:16 [INFO] HTTP Request: HEAD https://huggingface.co/microsoft/GELab-Zero-4B-preview-Sico-Evolution/resolve/main/config.json "HTTP/1.1 403 Forbidden"
09:26:16 [INFO] HTTP Request: HEAD https://huggingface.co/microsoft/GELab-Zero-4B-preview-Sico-Evolution/resolve/main/config.json "HTTP/1.1 403 Forbidden"
09:26:16 [INFO] HTTP Request: HEAD https://huggingface.co/microsoft/GELab-Zero-4B-preview-Sico-Evolution/resolve/main/config.json "HTTP/1.1 403 Forbidden"
09:26:16 [ERROR] Quantization failed: You are trying to access a gated repo.
Make sure to have access to it at https://huggingface.co/microsoft/GELab-Zero-4B-preview-Sico-Evolution.
403 Client Error. (Request ID: Root=1-6a705eb8-152add9b15dc1f3851b21830;efc6e94c-7145-4a90-b001-da93d24cb0f1)

Cannot access gated repo for url https://huggingface.co/microsoft/GELab-Zero-4B-preview-Sico-Evolution/resolve/main/config.json.
Access to model microsoft/GELab-Zero-4B-preview-Sico-Evolution is restricted and you are not in the authorized list. Visit https://huggingface.co/microsoft/GELab-Zero-4B-preview-Sico-Evolution to ask for access.
09:26:16 [ERROR] Quantization failed: You are trying to access a gated repo.
Make sure to have access to it at https://huggingface.co/microsoft/GELab-Zero-4B-preview-Sico-Evolution.
403 Client Error. (Request ID: Root=1-6a705eb8-152add9b15dc1f3851b21830;efc6e94c-7145-4a90-b001-da93d24cb0f1)

Cannot access gated repo for url https://huggingface.co/microsoft/GELab-Zero-4B-preview-Sico-Evolution/resolve/main/config.json.
Access to model microsoft/GELab-Zero-4B-preview-Sico-Evolution is restricted and you are not in the authorized list. Visit https://huggingface.co/microsoft/GELab-Zero-4B-preview-Sico-Evolution to ask for access.
Traceback (most recent call last):
Traceback (most recent call last):
  File "/root/.venv/lib/python3.12/site-packages/huggingface_hub/utils/_http.py", line 795, in hf_raise_for_status
    response.raise_for_status()
  File "/root/.venv/lib/python3.12/site-packages/httpx/_models.py", line 829, in raise_for_status
    raise HTTPStatusError(message, request=request, response=self)
httpx.HTTPStatusError: Client error '403 Forbidden' for url 'https://huggingface.co/microsoft/GELab-Zero-4B-preview-Sico-Evolution/resolve/main/config.json'
For more information check: https://developer.mozilla.org/en-US/docs/Web/HTTP/Status/403
  File "/root/.venv/lib/python3.12/site-packages/huggingface_hub/utils/_http.py", line 795, in hf_raise_for_status
    response.raise_for_status()
  File "/root/.venv/lib/python3.12/site-packages/httpx/_models.py", line 829, in raise_for_status
    raise HTTPStatusError(message, request=request, response=self)
httpx.HTTPStatusError: Client error '403 Forbidden' for url 'https://huggingface.co/microsoft/GELab-Zero-4B-preview-Sico-Evolution/resolve/main/config.json'
For more information check: https://developer.mozilla.org/en-US/docs/Web/HTTP/Status/403

The above exception was the direct cause of the following exception:

Traceback (most recent call last):

The above exception was the direct cause of the following exception:

Traceback (most recent call last):
  File "/root/.venv/lib/python3.12/site-packages/transformers/utils/hub.py", line 437, in cached_files
    hf_hub_download(
  File "/root/.venv/lib/python3.12/site-packages/huggingface_hub/utils/_validators.py", line 88, in _inner_fn
    return fn(*args, **kwargs)
           ^^^^^^^^^^^^^^^^^^^
  File "/root/.venv/lib/python3.12/site-packages/huggingface_hub/file_download.py", line 1019, in hf_hub_download
    return _hf_hub_download_to_cache_dir(
           ^^^^^^^^^^^^^^^^^^^^^^^^^^^^^^
  File "/root/.venv/lib/python3.12/site-packages/huggingface_hub/file_download.py", line 1166, in _hf_hub_download_to_cache_dir
    _raise_on_head_call_error(head_call_error, force_download, local_files_only)
  File "/root/.venv/lib/python3.12/site-packages/huggingface_hub/file_download.py", line 1876, in _raise_on_head_call_error
    raise head_call_error
  File "/root/.venv/lib/python3.12/site-packages/huggingface_hub/file_download.py", line 1713, in _get_metadata_or_catch_error
    metadata = get_hf_file_metadata(
               ^^^^^^^^^^^^^^^^^^^^^
  File "/root/.venv/lib/python3.12/site-packages/huggingface_hub/utils/_validators.py", line 88, in _inner_fn
    return fn(*args, **kwargs)
           ^^^^^^^^^^^^^^^^^^^
  File "/root/.venv/lib/python3.12/site-packages/huggingface_hub/file_download.py", line 1621, in get_hf_file_metadata
    response = _httpx_follow_relative_redirects_with_backoff(
               ^^^^^^^^^^^^^^^^^^^^^^^^^^^^^^^^^^^^^^^^^^^^^^
  File "/root/.venv/lib/python3.12/site-packages/huggingface_hub/utils/_http.py", line 726, in _httpx_follow_relative_redirects_with_backoff
    hf_raise_for_status(response)
  File "/root/.venv/lib/python3.12/site-packages/huggingface_hub/utils/_http.py", line 821, in hf_raise_for_status
    raise _format(GatedRepoError, message, response, repo_type=repo_type, repo_id=repo_id) from e
huggingface_hub.errors.GatedRepoError: 403 Client Error. (Request ID: Root=1-6a705eb8-4c918d323de0e25774a23d01;a8e7b8c8-f0a3-40bc-9cb2-5a302cceaa68)

Cannot access gated repo for url https://huggingface.co/microsoft/GELab-Zero-4B-preview-Sico-Evolution/resolve/main/config.json.
Access to model microsoft/GELab-Zero-4B-preview-Sico-Evolution is restricted and you are not in the authorized list. Visit https://huggingface.co/microsoft/GELab-Zero-4B-preview-Sico-Evolution to ask for access.

The above exception was the direct cause of the following exception:

Traceback (most recent call last):
  File "/root/.venv/lib/python3.12/site-packages/transformers/utils/hub.py", line 437, in cached_files
    hf_hub_download(
  File "/root/.venv/lib/python3.12/site-packages/huggingface_hub/utils/_validators.py", line 88, in _inner_fn
    return fn(*args, **kwargs)
           ^^^^^^^^^^^^^^^^^^^
  File "/root/.venv/lib/python3.12/site-packages/huggingface_hub/file_download.py", line 1019, in hf_hub_download
    return _hf_hub_download_to_cache_dir(
           ^^^^^^^^^^^^^^^^^^^^^^^^^^^^^^
  File "/root/.venv/lib/python3.12/site-packages/huggingface_hub/file_download.py", line 1166, in _hf_hub_download_to_cache_dir
    _raise_on_head_call_error(head_call_error, force_download, local_files_only)
  File "/root/.venv/lib/python3.12/site-packages/huggingface_hub/file_download.py", line 1876, in _raise_on_head_call_error
    raise head_call_error
  File "/root/.venv/lib/python3.12/site-packages/huggingface_hub/file_download.py", line 1713, in _get_metadata_or_catch_error
    metadata = get_hf_file_metadata(
               ^^^^^^^^^^^^^^^^^^^^^
  File "/root/.venv/lib/python3.12/site-packages/huggingface_hub/utils/_validators.py", line 88, in _inner_fn
    return fn(*args, **kwargs)
           ^^^^^^^^^^^^^^^^^^^
  File "/root/.venv/lib/python3.12/site-packages/huggingface_hub/file_download.py", line 1621, in get_hf_file_metadata
    response = _httpx_follow_relative_redirects_with_backoff(
               ^^^^^^^^^^^^^^^^^^^^^^^^^^^^^^^^^^^^^^^^^^^^^^
  File "/root/.venv/lib/python3.12/site-packages/huggingface_hub/utils/_http.py", line 726, in _httpx_follow_relative_redirects_with_backoff
    hf_raise_for_status(response)
  File "/root/.venv/lib/python3.12/site-packages/huggingface_hub/utils/_http.py", line 821, in hf_raise_for_status
    raise _format(GatedRepoError, message, response, repo_type=repo_type, repo_id=repo_id) from e
huggingface_hub.errors.GatedRepoError: 403 Client Error. (Request ID: Root=1-6a705eb8-4c918d323de0e25774a23d01;a8e7b8c8-f0a3-40bc-9cb2-5a302cceaa68)

Cannot access gated repo for url https://huggingface.co/microsoft/GELab-Zero-4B-preview-Sico-Evolution/resolve/main/config.json.
Access to model microsoft/GELab-Zero-4B-preview-Sico-Evolution is restricted and you are not in the authorized list. Visit https://huggingface.co/microsoft/GELab-Zero-4B-preview-Sico-Evolution to ask for access.

The above exception was the direct cause of the following exception:

Traceback (most recent call last):
  File "/root/.venv/lib/python3.12/site-packages/transformers/models/auto/tokenization_auto.py", line 747, in from_pretrained
    config = AutoConfig.from_pretrained(
             ^^^^^^^^^^^^^^^^^^^^^^^^^^^
  File "/root/.venv/lib/python3.12/site-packages/transformers/models/auto/configuration_auto.py", line 376, in from_pretrained
    config_dict, unused_kwargs = PreTrainedConfig.get_config_dict(pretrained_model_name_or_path, **kwargs)
                                 ^^^^^^^^^^^^^^^^^^^^^^^^^^^^^^^^^^^^^^^^^^^^^^^^^^^^^^^^^^^^^^^^^^^^^^^^^
  File "/root/.venv/lib/python3.12/site-packages/transformers/configuration_utils.py", line 721, in get_config_dict
    config_dict, kwargs = cls._get_config_dict(pretrained_model_name_or_path, **kwargs)
                          ^^^^^^^^^^^^^^^^^^^^^^^^^^^^^^^^^^^^^^^^^^^^^^^^^^^^^^^^^^^^^
  File "/root/.venv/lib/python3.12/site-packages/transformers/configuration_utils.py", line 776, in _get_config_dict
    resolved_config_file = cached_file(
                           ^^^^^^^^^^^^
  File "/root/.venv/lib/python3.12/site-packages/transformers/utils/hub.py", line 293, in cached_file
    file = cached_files(path_or_repo_id=path_or_repo_id, filenames=[filename], **kwargs)
           ^^^^^^^^^^^^^^^^^^^^^^^^^^^^^^^^^^^^^^^^^^^^^^^^^^^^^^^^^^^^^^^^^^^^^^^^^^^^^
  File "/root/.venv/lib/python3.12/site-packages/transformers/utils/hub.py", line 503, in cached_files
    raise OSError(
OSError: You are trying to access a gated repo.
Make sure to have access to it at https://huggingface.co/microsoft/GELab-Zero-4B-preview-Sico-Evolution.
403 Client Error. (Request ID: Root=1-6a705eb8-4c918d323de0e25774a23d01;a8e7b8c8-f0a3-40bc-9cb2-5a302cceaa68)

Cannot access gated repo for url https://huggingface.co/microsoft/GELab-Zero-4B-preview-Sico-Evolution/resolve/main/config.json.
Access to model microsoft/GELab-Zero-4B-preview-Sico-Evolution is restricted and you are not in the authorized list. Visit https://huggingface.co/microsoft/GELab-Zero-4B-preview-Sico-Evolution to ask for access.

During handling of the above exception, another exception occurred:

Traceback (most recent call last):
  File "/root/.venv/lib/python3.12/site-packages/transformers/models/auto/tokenization_auto.py", line 747, in from_pretrained
    config = AutoConfig.from_pretrained(
             ^^^^^^^^^^^^^^^^^^^^^^^^^^^
  File "/root/.venv/lib/python3.12/site-packages/transformers/models/auto/configuration_auto.py", line 376, in from_pretrained
    config_dict, unused_kwargs = PreTrainedConfig.get_config_dict(pretrained_model_name_or_path, **kwargs)
                                 ^^^^^^^^^^^^^^^^^^^^^^^^^^^^^^^^^^^^^^^^^^^^^^^^^^^^^^^^^^^^^^^^^^^^^^^^^
  File "/root/.venv/lib/python3.12/site-packages/transformers/configuration_utils.py", line 721, in get_config_dict
    config_dict, kwargs = cls._get_config_dict(pretrained_model_name_or_path, **kwargs)
                          ^^^^^^^^^^^^^^^^^^^^^^^^^^^^^^^^^^^^^^^^^^^^^^^^^^^^^^^^^^^^^
  File "/root/.venv/lib/python3.12/site-packages/transformers/configuration_utils.py", line 776, in _get_config_dict
    resolved_config_file = cached_file(
                           ^^^^^^^^^^^^
  File "/root/.venv/lib/python3.12/site-packages/transformers/utils/hub.py", line 293, in cached_file
    file = cached_files(path_or_repo_id=path_or_repo_id, filenames=[filename], **kwargs)
           ^^^^^^^^^^^^^^^^^^^^^^^^^^^^^^^^^^^^^^^^^^^^^^^^^^^^^^^^^^^^^^^^^^^^^^^^^^^^^
  File "/root/.venv/lib/python3.12/site-packages/transformers/utils/hub.py", line 503, in cached_files
    raise OSError(
OSError: You are trying to access a gated repo.
Make sure to have access to it at https://huggingface.co/microsoft/GELab-Zero-4B-preview-Sico-Evolution.
403 Client Error. (Request ID: Root=1-6a705eb8-4c918d323de0e25774a23d01;a8e7b8c8-f0a3-40bc-9cb2-5a302cceaa68)

Cannot access gated repo for url https://huggingface.co/microsoft/GELab-Zero-4B-preview-Sico-Evolution/resolve/main/config.json.
Access to model microsoft/GELab-Zero-4B-preview-Sico-Evolution is restricted and you are not in the authorized list. Visit https://huggingface.co/microsoft/GELab-Zero-4B-preview-Sico-Evolution to ask for access.

During handling of the above exception, another exception occurred:

Traceback (most recent call last):
  File "/root/.venv/lib/python3.12/site-packages/huggingface_hub/utils/_http.py", line 795, in hf_raise_for_status
    response.raise_for_status()
  File "/root/.venv/lib/python3.12/site-packages/httpx/_models.py", line 829, in raise_for_status
    raise HTTPStatusError(message, request=request, response=self)
httpx.HTTPStatusError: Client error '403 Forbidden' for url 'https://huggingface.co/microsoft/GELab-Zero-4B-preview-Sico-Evolution/resolve/main/config.json'
For more information check: https://developer.mozilla.org/en-US/docs/Web/HTTP/Status/403

The above exception was the direct cause of the following exception:

Traceback (most recent call last):
  File "/root/.venv/lib/python3.12/site-packages/huggingface_hub/utils/_http.py", line 795, in hf_raise_for_status
    response.raise_for_status()
  File "/root/.venv/lib/python3.12/site-packages/httpx/_models.py", line 829, in raise_for_status
    raise HTTPStatusError(message, request=request, response=self)
httpx.HTTPStatusError: Client error '403 Forbidden' for url 'https://huggingface.co/microsoft/GELab-Zero-4B-preview-Sico-Evolution/resolve/main/config.json'
For more information check: https://developer.mozilla.org/en-US/docs/Web/HTTP/Status/403

The above exception was the direct cause of the following exception:

Traceback (most recent call last):
  File "/root/.venv/lib/python3.12/site-packages/transformers/utils/hub.py", line 437, in cached_files
    hf_hub_download(
  File "/root/.venv/lib/python3.12/site-packages/huggingface_hub/utils/_validators.py", line 88, in _inner_fn
    return fn(*args, **kwargs)
           ^^^^^^^^^^^^^^^^^^^
  File "/root/.venv/lib/python3.12/site-packages/huggingface_hub/file_download.py", line 1019, in hf_hub_download
    return _hf_hub_download_to_cache_dir(
           ^^^^^^^^^^^^^^^^^^^^^^^^^^^^^^
  File "/root/.venv/lib/python3.12/site-packages/huggingface_hub/file_download.py", line 1166, in _hf_hub_download_to_cache_dir
    _raise_on_head_call_error(head_call_error, force_download, local_files_only)
  File "/root/.venv/lib/python3.12/site-packages/transformers/utils/hub.py", line 437, in cached_files
    hf_hub_download(
  File "/root/.venv/lib/python3.12/site-packages/huggingface_hub/utils/_validators.py", line 88, in _inner_fn
    return fn(*args, **kwargs)
           ^^^^^^^^^^^^^^^^^^^
  File "/root/.venv/lib/python3.12/site-packages/huggingface_hub/file_download.py", line 1019, in hf_hub_download
    return _hf_hub_download_to_cache_dir(
           ^^^^^^^^^^^^^^^^^^^^^^^^^^^^^^
  File "/root/.venv/lib/python3.12/site-packages/huggingface_hub/file_download.py", line 1166, in _hf_hub_download_to_cache_dir
    _raise_on_head_call_error(head_call_error, force_download, local_files_only)
  File "/root/.venv/lib/python3.12/site-packages/huggingface_hub/file_download.py", line 1876, in _raise_on_head_call_error
    raise head_call_error
  File "/root/.venv/lib/python3.12/site-packages/huggingface_hub/file_download.py", line 1713, in _get_metadata_or_catch_error
    metadata = get_hf_file_metadata(
               ^^^^^^^^^^^^^^^^^^^^^
  File "/root/.venv/lib/python3.12/site-packages/huggingface_hub/utils/_validators.py", line 88, in _inner_fn
    return fn(*args, **kwargs)
           ^^^^^^^^^^^^^^^^^^^
  File "/root/.venv/lib/python3.12/site-packages/huggingface_hub/file_download.py", line 1876, in _raise_on_head_call_error
    raise head_call_error
  File "/root/.venv/lib/python3.12/site-packages/huggingface_hub/file_download.py", line 1713, in _get_metadata_or_catch_error
    metadata = get_hf_file_metadata(
               ^^^^^^^^^^^^^^^^^^^^^
  File "/root/.venv/lib/python3.12/site-packages/huggingface_hub/utils/_validators.py", line 88, in _inner_fn
    return fn(*args, **kwargs)
           ^^^^^^^^^^^^^^^^^^^
  File "/root/.venv/lib/python3.12/site-packages/huggingface_hub/file_download.py", line 1621, in get_hf_file_metadata
    response = _httpx_follow_relative_redirects_with_backoff(
               ^^^^^^^^^^^^^^^^^^^^^^^^^^^^^^^^^^^^^^^^^^^^^^
  File "/root/.venv/lib/python3.12/site-packages/huggingface_hub/utils/_http.py", line 726, in _httpx_follow_relative_redirects_with_backoff
    hf_raise_for_status(response)
  File "/root/.venv/lib/python3.12/site-packages/huggingface_hub/utils/_http.py", line 821, in hf_raise_for_status
    raise _format(GatedRepoError, message, response, repo_type=repo_type, repo_id=repo_id) from e
huggingface_hub.errors.GatedRepoError: 403 Client Error. (Request ID: Root=1-6a705eb8-152add9b15dc1f3851b21830;efc6e94c-7145-4a90-b001-da93d24cb0f1)

Cannot access gated repo for url https://huggingface.co/microsoft/GELab-Zero-4B-preview-Sico-Evolution/resolve/main/config.json.
Access to model microsoft/GELab-Zero-4B-preview-Sico-Evolution is restricted and you are not in the authorized list. Visit https://huggingface.co/microsoft/GELab-Zero-4B-preview-Sico-Evolution to ask for access.

The above exception was the direct cause of the following exception:

Traceback (most recent call last):
  File "/root/.venv/lib/python3.12/site-packages/huggingface_hub/file_download.py", line 1621, in get_hf_file_metadata
    response = _httpx_follow_relative_redirects_with_backoff(
               ^^^^^^^^^^^^^^^^^^^^^^^^^^^^^^^^^^^^^^^^^^^^^^
  File "/root/.venv/lib/python3.12/site-packages/huggingface_hub/utils/_http.py", line 726, in _httpx_follow_relative_redirects_with_backoff
    hf_raise_for_status(response)
  File "/root/.venv/lib/python3.12/site-packages/huggingface_hub/utils/_http.py", line 821, in hf_raise_for_status
    raise _format(GatedRepoError, message, response, repo_type=repo_type, repo_id=repo_id) from e
huggingface_hub.errors.GatedRepoError: 403 Client Error. (Request ID: Root=1-6a705eb8-152add9b15dc1f3851b21830;efc6e94c-7145-4a90-b001-da93d24cb0f1)

Cannot access gated repo for url https://huggingface.co/microsoft/GELab-Zero-4B-preview-Sico-Evolution/resolve/main/config.json.
Access to model microsoft/GELab-Zero-4B-preview-Sico-Evolution is restricted and you are not in the authorized list. Visit https://huggingface.co/microsoft/GELab-Zero-4B-preview-Sico-Evolution to ask for access.

The above exception was the direct cause of the following exception:

Traceback (most recent call last):
  File "/root/_work/1/s/auto_quant/phases/quantize.py", line 479, in <module>
    quantize(args)
  File "/root/_work/1/s/auto_quant/phases/quantize.py", line 277, in quantize
    tokenizer = AutoTokenizer.from_pretrained(
                ^^^^^^^^^^^^^^^^^^^^^^^^^^^^^^
  File "/root/.venv/lib/python3.12/site-packages/transformers/models/auto/tokenization_auto.py", line 751, in from_pretrained
    config = PreTrainedConfig.from_pretrained(pretrained_model_name_or_path, **kwargs)
             ^^^^^^^^^^^^^^^^^^^^^^^^^^^^^^^^^^^^^^^^^^^^^^^^^^^^^^^^^^^^^^^^^^^^^^^^^
  File "/root/.venv/lib/python3.12/site-packages/transformers/configuration_utils.py", line 680, in from_pretrained
    config_dict, kwargs = cls.get_config_dict(pretrained_model_name_or_path, **kwargs)
                          ^^^^^^^^^^^^^^^^^^^^^^^^^^^^^^^^^^^^^^^^^^^^^^^^^^^^^^^^^^^^
  File "/root/.venv/lib/python3.12/site-packages/transformers/configuration_utils.py", line 721, in get_config_dict
    config_dict, kwargs = cls._get_config_dict(pretrained_model_name_or_path, **kwargs)
                          ^^^^^^^^^^^^^^^^^^^^^^^^^^^^^^^^^^^^^^^^^^^^^^^^^^^^^^^^^^^^^
  File "/root/_work/1/s/auto_quant/phases/quantize.py", line 479, in <module>
    quantize(args)
  File "/root/_work/1/s/auto_quant/phases/quantize.py", line 277, in quantize
    tokenizer = AutoTokenizer.from_pretrained(
                ^^^^^^^^^^^^^^^^^^^^^^^^^^^^^^
  File "/root/.venv/lib/python3.12/site-packages/transformers/models/auto/tokenization_auto.py", line 751, in from_pretrained
    config = PreTrainedConfig.from_pretrained(pretrained_model_name_or_path, **kwargs)
             ^^^^^^^^^^^^^^^^^^^^^^^^^^^^^^^^^^^^^^^^^^^^^^^^^^^^^^^^^^^^^^^^^^^^^^^^^
  File "/root/.venv/lib/python3.12/site-packages/transformers/configuration_utils.py", line 680, in from_pretrained
    config_dict, kwargs = cls.get_config_dict(pretrained_model_name_or_path, **kwargs)
                          ^^^^^^^^^^^^^^^^^^^^^^^^^^^^^^^^^^^^^^^^^^^^^^^^^^^^^^^^^^^^
  File "/root/.venv/lib/python3.12/site-packages/transformers/configuration_utils.py", line 721, in get_config_dict
    config_dict, kwargs = cls._get_config_dict(pretrained_model_name_or_path, **kwargs)
                          ^^^^^^^^^^^^^^^^^^^^^^^^^^^^^^^^^^^^^^^^^^^^^^^^^^^^^^^^^^^^^
  File "/root/.venv/lib/python3.12/site-packages/transformers/configuration_utils.py", line 776, in _get_config_dict
    resolved_config_file = cached_file(
                           ^^^^^^^^^^^^
  File "/root/.venv/lib/python3.12/site-packages/transformers/utils/hub.py", line 293, in cached_file
    file = cached_files(path_or_repo_id=path_or_repo_id, filenames=[filename], **kwargs)
           ^^^^^^^^^^^^^^^^^^^^^^^^^^^^^^^^^^^^^^^^^^^^^^^^^^^^^^^^^^^^^^^^^^^^^^^^^^^^^
  File "/root/.venv/lib/python3.12/site-packages/transformers/utils/hub.py", line 503, in cached_files
    raise OSError(
  File "/root/.venv/lib/python3.12/site-packages/transformers/configuration_utils.py", line 776, in _get_config_dict
    resolved_config_file = cached_file(
                           ^^^^^^^^^^^^
  File "/root/.venv/lib/python3.12/site-packages/transformers/utils/hub.py", line 293, in cached_file
    file = cached_files(path_or_repo_id=path_or_repo_id, filenames=[filename], **kwargs)
           ^^^^^^^^^^^^^^^^^^^^^^^^^^^^^^^^^^^^^^^^^^^^^^^^^^^^^^^^^^^^^^^^^^^^^^^^^^^^^
  File "/root/.venv/lib/python3.12/site-packages/transformers/utils/hub.py", line 503, in cached_files
    raise OSError(
OSError: You are trying to access a gated repo.
Make sure to have access to it at https://huggingface.co/microsoft/GELab-Zero-4B-preview-Sico-Evolution.
403 Client Error. (Request ID: Root=1-6a705eb8-152add9b15dc1f3851b21830;efc6e94c-7145-4a90-b001-da93d24cb0f1)

Cannot access gated repo for url https://huggingface.co/microsoft/GELab-Zero-4B-preview-Sico-Evolution/resolve/main/config.json.
Access to model microsoft/GELab-Zero-4B-preview-Sico-Evolution is restricted and you are not in the authorized list. Visit https://huggingface.co/microsoft/GELab-Zero-4B-preview-Sico-Evolution to ask for access.
OSError: You are trying to access a gated repo.
Make sure to have access to it at https://huggingface.co/microsoft/GELab-Zero-4B-preview-Sico-Evolution.
403 Client Error. (Request ID: Root=1-6a705eb8-152add9b15dc1f3851b21830;efc6e94c-7145-4a90-b001-da93d24cb0f1)

Cannot access gated repo for url https://huggingface.co/microsoft/GELab-Zero-4B-preview-Sico-Evolution/resolve/main/config.json.
Access to model microsoft/GELab-Zero-4B-preview-Sico-Evolution is restricted and you are not in the authorized list. Visit https://huggingface.co/microsoft/GELab-Zero-4B-preview-Sico-Evolution to ask for access.
[auto_v3] quantize failed (exit=1), entering agent fix loop
[auto_v3] quantize failed (exit=1), entering agent fix loop

═══════ Agent fix attempt 1/10 for quantize ═══════


═══════ Agent fix attempt 1/10 for quantize ═══════

[auto_v3] L1 taxonomy class: model_unavailable (progress=layer -1)
[auto_v3] L1 taxonomy class: model_unavailable (progress=layer -1)
[auto_v3] Loaded lessons for agent (let agent decide relevance)
[auto_v3] Loaded lessons for agent (let agent decide relevance)
[auto_v3] Calling openclaw agent (session=fix_quantize_363_1785749169, timeout=600s)...
[auto_v3]   Session file: /root/.openclaw/agents/main/sessions/fix_quantize_363_1785749169.jsonl
[auto_v3] Calling openclaw agent (session=fix_quantize_363_1785749169, timeout=600s)...
[auto_v3]   Session file: /root/.openclaw/agents/main/sessions/fix_quantize_363_1785749169.jsonl
Config was last written by a newer OpenClaw (2026.6.8); current version is 2026.3.24.
Config was last written by a newer OpenClaw (2026.6.8); current version is 2026.3.24.
Config was last written by a newer OpenClaw (2026.6.8); current version is 2026.3.24.
Config was last written by a newer OpenClaw (2026.6.8); current version is 2026.3.24.
Config was last written by a newer OpenClaw (2026.6.8); current version is 2026.3.24.
Config was last written by a newer OpenClaw (2026.6.8); current version is 2026.3.24.
Config was last written by a newer OpenClaw (2026.6.8); current version is 2026.3.24.
Config was last written by a newer OpenClaw (2026.6.8); current version is 2026.3.24.
Config was last written by a newer OpenClaw (2026.6.8); current version is 2026.3.24.
Config was last written by a newer OpenClaw (2026.6.8); current version is 2026.3.24.
Config was last written by a newer OpenClaw (2026.6.8); current version is 2026.3.24.
Config was last written by a newer OpenClaw (2026.6.8); current version is 2026.3.24.
Config was last written by a newer OpenClaw (2026.6.8); current version is 2026.3.24.
Config was last written by a newer OpenClaw (2026.6.8); current version is 2026.3.24.
Config was last written by a newer OpenClaw (2026.6.8); current version is 2026.3.24.
Config was last written by a newer OpenClaw (2026.6.8); current version is 2026.3.24.
Config was last written by a newer OpenClaw (2026.6.8); current version is 2026.3.24.
Config was last written by a newer OpenClaw (2026.6.8); current version is 2026.3.24.
Config was last written by a newer OpenClaw (2026.6.8); current version is 2026.3.24.
Config was last written by a newer OpenClaw (2026.6.8); current version is 2026.3.24.
Config was last written by a newer OpenClaw (2026.6.8); current version is 2026.3.24.
Config was last written by a newer OpenClaw (2026.6.8); current version is 2026.3.24.
Config was last written by a newer OpenClaw (2026.6.8); current version is 2026.3.24.
Config was last written by a newer OpenClaw (2026.6.8); current version is 2026.3.24.
Config was last written by a newer OpenClaw (2026.6.8); current version is 2026.3.24.
Config was last written by a newer OpenClaw (2026.6.8); current version is 2026.3.24.
Config was last written by a newer OpenClaw (2026.6.8); current version is 2026.3.24.
Config was last written by a newer OpenClaw (2026.6.8); current version is 2026.3.24.
Config was last written by a newer OpenClaw (2026.6.8); current version is 2026.3.24.
Config was last written by a newer OpenClaw (2026.6.8); current version is 2026.3.24.
Config was last written by a newer OpenClaw (2026.6.8); current version is 2026.3.24.
Config was last written by a newer OpenClaw (2026.6.8); current version is 2026.3.24.
Config was last written by a newer OpenClaw (2026.6.8); current version is 2026.3.24.
Config was last written by a newer OpenClaw (2026.6.8); current version is 2026.3.24.
Config was last written by a newer OpenClaw (2026.6.8); current version is 2026.3.24.
Config was last written by a newer OpenClaw (2026.6.8); current version is 2026.3.24.
Config was last written by a newer OpenClaw (2026.6.8); current version is 2026.3.24.
Config was last written by a newer OpenClaw (2026.6.8); current version is 2026.3.24.
Config was last written by a newer OpenClaw (2026.6.8); current version is 2026.3.24.
Config was last written by a newer OpenClaw (2026.6.8); current version is 2026.3.24.
Config was last written by a newer OpenClaw (2026.6.8); current version is 2026.3.24.
Config was last written by a newer OpenClaw (2026.6.8); current version is 2026.3.24.
Config was last written by a newer OpenClaw (2026.6.8); current version is 2026.3.24.
Config was last written by a newer OpenClaw (2026.6.8); current version is 2026.3.24.
Config was last written by a newer OpenClaw (2026.6.8); current version is 2026.3.24.
Config was last written by a newer OpenClaw (2026.6.8); current version is 2026.3.24.
Config was last written by a newer OpenClaw (2026.6.8); current version is 2026.3.24.
Config was last written by a newer OpenClaw (2026.6.8); current version is 2026.3.24.
Config was last written by a newer OpenClaw (2026.6.8); current version is 2026.3.24.
Config was last written by a newer OpenClaw (2026.6.8); current version is 2026.3.24.
Config was last written by a newer OpenClaw (2026.6.8); current version is 2026.3.24.
Config was last written by a newer OpenClaw (2026.6.8); current version is 2026.3.24.
Config was last written by a newer OpenClaw (2026.6.8); current version is 2026.3.24.
Config was last written by a newer OpenClaw (2026.6.8); current version is 2026.3.24.
Config was last written by a newer OpenClaw (2026.6.8); current version is 2026.3.24.
Config was last written by a newer OpenClaw (2026.6.8); current version is 2026.3.24.
Config was last written by a newer OpenClaw (2026.6.8); current version is 2026.3.24.
Config was last written by a newer OpenClaw (2026.6.8); current version is 2026.3.24.
Config was last written by a newer OpenClaw (2026.6.8); current version is 2026.3.24.
Config was last written by a newer OpenClaw (2026.6.8); current version is 2026.3.24.
Config was last written by a newer OpenClaw (2026.6.8); current version is 2026.3.24.
Config was last written by a newer OpenClaw (2026.6.8); current version is 2026.3.24.
Config was last written by a newer OpenClaw (2026.6.8); current version is 2026.3.24.
Config was last written by a newer OpenClaw (2026.6.8); current version is 2026.3.24.
Config was last written by a newer OpenClaw (2026.6.8); current version is 2026.3.24.
Config was last written by a newer OpenClaw (2026.6.8); current version is 2026.3.24.
Config was last written by a newer OpenClaw (2026.6.8); current version is 2026.3.24.
Config was last written by a newer OpenClaw (2026.6.8); current version is 2026.3.24.
Config was last written by a newer OpenClaw (2026.6.8); current version is 2026.3.24.
Config was last written by a newer OpenClaw (2026.6.8); current version is 2026.3.24.
Config was last written by a newer OpenClaw (2026.6.8); current version is 2026.3.24.
Config was last written by a newer OpenClaw (2026.6.8); current version is 2026.3.24.
Config was last written by a newer OpenClaw (2026.6.8); current version is 2026.3.24.
Config was last written by a newer OpenClaw (2026.6.8); current version is 2026.3.24.
Config was last written by a newer OpenClaw (2026.6.8); current version is 2026.3.24.
Config was last written by a newer OpenClaw (2026.6.8); current version is 2026.3.24.
Config was last written by a newer OpenClaw (2026.6.8); current version is 2026.3.24.
Config was last written by a newer OpenClaw (2026.6.8); current version is 2026.3.24.
Config was last written by a newer OpenClaw (2026.6.8); current version is 2026.3.24.
Config was last written by a newer OpenClaw (2026.6.8); current version is 2026.3.24.
Config was last written by a newer OpenClaw (2026.6.8); current version is 2026.3.24.
Config was last written by a newer OpenClaw (2026.6.8); current version is 2026.3.24.
Config was last written by a newer OpenClaw (2026.6.8); current version is 2026.3.24.
Config was last written by a newer OpenClaw (2026.6.8); current version is 2026.3.24.
Config was last written by a newer OpenClaw (2026.6.8); current version is 2026.3.24.
Config was last written by a newer OpenClaw (2026.6.8); current version is 2026.3.24.
Config was last written by a newer OpenClaw (2026.6.8); current version is 2026.3.24.
Config was last written by a newer OpenClaw (2026.6.8); current version is 2026.3.24.
Config was last written by a newer OpenClaw (2026.6.8); current version is 2026.3.24.
Config was last written by a newer OpenClaw (2026.6.8); current version is 2026.3.24.
Config was last written by a newer OpenClaw (2026.6.8); current version is 2026.3.24.
Config was last written by a newer OpenClaw (2026.6.8); current version is 2026.3.24.
Config was last written by a newer OpenClaw (2026.6.8); current version is 2026.3.24.
Config was last written by a newer OpenClaw (2026.6.8); current version is 2026.3.24.
Config was last written by a newer OpenClaw (2026.6.8); current version is 2026.3.24.
Config was last written by a newer OpenClaw (2026.6.8); current version is 2026.3.24.
Config was last written by a newer OpenClaw (2026.6.8); current version is 2026.3.24.
Config was last written by a newer OpenClaw (2026.6.8); current version is 2026.3.24.
Config was last written by a newer OpenClaw (2026.6.8); current version is 2026.3.24.
Config was last written by a newer OpenClaw (2026.6.8); current version is 2026.3.24.
Config was last written by a newer OpenClaw (2026.6.8); current version is 2026.3.24.
Config was last written by a newer OpenClaw (2026.6.8); current version is 2026.3.24.
Config was last written by a newer OpenClaw (2026.6.8); current version is 2026.3.24.
Config was last written by a newer OpenClaw (2026.6.8); current version is 2026.3.24.
Config was last written by a newer OpenClaw (2026.6.8); current version is 2026.3.24.
Config was last written by a newer OpenClaw (2026.6.8); current version is 2026.3.24.
Config was last written by a newer OpenClaw (2026.6.8); current version is 2026.3.24.
Config was last written by a newer OpenClaw (2026.6.8); current version is 2026.3.24.
Config was last written by a newer OpenClaw (2026.6.8); current version is 2026.3.24.
Config was last written by a newer OpenClaw (2026.6.8); current version is 2026.3.24.
Config was last written by a newer OpenClaw (2026.6.8); current version is 2026.3.24.
Config was last written by a newer OpenClaw (2026.6.8); current version is 2026.3.24.
Config was last written by a newer OpenClaw (2026.6.8); current version is 2026.3.24.
Config was last written by a newer OpenClaw (2026.6.8); current version is 2026.3.24.
Config was last written by a newer OpenClaw (2026.6.8); current version is 2026.3.24.
Config was last written by a newer OpenClaw (2026.6.8); current version is 2026.3.24.
Config was last written by a newer OpenClaw (2026.6.8); current version is 2026.3.24.
Config was last written by a newer OpenClaw (2026.6.8); current version is 2026.3.24.
Config was last written by a newer OpenClaw (2026.6.8); current version is 2026.3.24.
Config was last written by a newer OpenClaw (2026.6.8); current version is 2026.3.24.
Config was last written by a newer OpenClaw (2026.6.8); current version is 2026.3.24.
Config was last written by a newer OpenClaw (2026.6.8); current version is 2026.3.24.
Config was last written by a newer OpenClaw (2026.6.8); current version is 2026.3.24.
Config was last written by a newer OpenClaw (2026.6.8); current version is 2026.3.24.
Config was last written by a newer OpenClaw (2026.6.8); current version is 2026.3.24.
Config was last written by a newer OpenClaw (2026.6.8); current version is 2026.3.24.
Config was last written by a newer OpenClaw (2026.6.8); current version is 2026.3.24.
Config was last written by a newer OpenClaw (2026.6.8); current version is 2026.3.24.
Config was last written by a newer OpenClaw (2026.6.8); current version is 2026.3.24.
Config was last written by a newer OpenClaw (2026.6.8); current version is 2026.3.24.
Config was last written by a newer OpenClaw (2026.6.8); current version is 2026.3.24.
Config was last written by a newer OpenClaw (2026.6.8); current version is 2026.3.24.
Config was last written by a newer OpenClaw (2026.6.8); current version is 2026.3.24.
Config was last written by a newer OpenClaw (2026.6.8); current version is 2026.3.24.
Config was last written by a newer OpenClaw (2026.6.8); current version is 2026.3.24.
Config was last written by a newer OpenClaw (2026.6.8); current version is 2026.3.24.
Config was last written by a newer OpenClaw (2026.6.8); current version is 2026.3.24.
Config was last written by a newer OpenClaw (2026.6.8); current version is 2026.3.24.
Config was last written by a newer OpenClaw (2026.6.8); current version is 2026.3.24.
Config was last written by a newer OpenClaw (2026.6.8); current version is 2026.3.24.
Config was last written by a newer OpenClaw (2026.6.8); current version is 2026.3.24.
Config was last written by a newer OpenClaw (2026.6.8); current version is 2026.3.24.
Config was last written by a newer OpenClaw (2026.6.8); current version is 2026.3.24.
Config was last written by a newer OpenClaw (2026.6.8); current version is 2026.3.24.
Config was last written by a newer OpenClaw (2026.6.8); current version is 2026.3.24.
Config was last written by a newer OpenClaw (2026.6.8); current version is 2026.3.24.
Config was last written by a newer OpenClaw (2026.6.8); current version is 2026.3.24.
Config was last written by a newer OpenClaw (2026.6.8); current version is 2026.3.24.
Config was last written by a newer OpenClaw (2026.6.8); current version is 2026.3.24.
Config was last written by a newer OpenClaw (2026.6.8); current version is 2026.3.24.
Config was last written by a newer OpenClaw (2026.6.8); current version is 2026.3.24.
Config was last written by a newer OpenClaw (2026.6.8); current version is 2026.3.24.
Config was last written by a newer OpenClaw (2026.6.8); current version is 2026.3.24.
Config was last written by a newer OpenClaw (2026.6.8); current version is 2026.3.24.
Config was last written by a newer OpenClaw (2026.6.8); current version is 2026.3.24.
Config was last written by a newer OpenClaw (2026.6.8); current version is 2026.3.24.
Config was last written by a newer OpenClaw (2026.6.8); current version is 2026.3.24.
Config was last written by a newer OpenClaw (2026.6.8); current version is 2026.3.24.
Config was last written by a newer OpenClaw (2026.6.8); current version is 2026.3.24.
Config was last written by a newer OpenClaw (2026.6.8); current version is 2026.3.24.
Config was last written by a newer OpenClaw (2026.6.8); current version is 2026.3.24.
Config was last written by a newer OpenClaw (2026.6.8); current version is 2026.3.24.
Config was last written by a newer OpenClaw (2026.6.8); current version is 2026.3.24.
Config was last written by a newer OpenClaw (2026.6.8); current version is 2026.3.24.
Config was last written by a newer OpenClaw (2026.6.8); current version is 2026.3.24.
Config was last written by a newer OpenClaw (2026.6.8); current version is 2026.3.24.
Config was last written by a newer OpenClaw (2026.6.8); current version is 2026.3.24.
Config was last written by a newer OpenClaw (2026.6.8); current version is 2026.3.24.
Config was last written by a newer OpenClaw (2026.6.8); current version is 2026.3.24.
Config was last written by a newer OpenClaw (2026.6.8); current version is 2026.3.24.
Config was last written by a newer OpenClaw (2026.6.8); current version is 2026.3.24.
Config was last written by a newer OpenClaw (2026.6.8); current version is 2026.3.24.
Config was last written by a newer OpenClaw (2026.6.8); current version is 2026.3.24.
Config was last written by a newer OpenClaw (2026.6.8); current version is 2026.3.24.
Config was last written by a newer OpenClaw (2026.6.8); current version is 2026.3.24.
Config was last written by a newer OpenClaw (2026.6.8); current version is 2026.3.24.
Config was last written by a newer OpenClaw (2026.6.8); current version is 2026.3.24.
Config was last written by a newer OpenClaw (2026.6.8); current version is 2026.3.24.
Config was last written by a newer OpenClaw (2026.6.8); current version is 2026.3.24.
Config was last written by a newer OpenClaw (2026.6.8); current version is 2026.3.24.
Config was last written by a newer OpenClaw (2026.6.8); current version is 2026.3.24.
Config was last written by a newer OpenClaw (2026.6.8); current version is 2026.3.24.
Config was last written by a newer OpenClaw (2026.6.8); current version is 2026.3.24.
Config was last written by a newer OpenClaw (2026.6.8); current version is 2026.3.24.
Config was last written by a newer OpenClaw (2026.6.8); current version is 2026.3.24.
Config was last written by a newer OpenClaw (2026.6.8); current version is 2026.3.24.
Config was last written by a newer OpenClaw (2026.6.8); current version is 2026.3.24.
Config was last written by a newer OpenClaw (2026.6.8); current version is 2026.3.24.
Config was last written by a newer OpenClaw (2026.6.8); current version is 2026.3.24.
Config was last written by a newer OpenClaw (2026.6.8); current version is 2026.3.24.
Config was last written by a newer OpenClaw (2026.6.8); current version is 2026.3.24.
Config was last written by a newer OpenClaw (2026.6.8); current version is 2026.3.24.
Config was last written by a newer OpenClaw (2026.6.8); current version is 2026.3.24.
Config was last written by a newer OpenClaw (2026.6.8); current version is 2026.3.24.
Config was last written by a newer OpenClaw (2026.6.8); current version is 2026.3.24.
Config was last written by a newer OpenClaw (2026.6.8); current version is 2026.3.24.
Config was last written by a newer OpenClaw (2026.6.8); current version is 2026.3.24.
Config was last written by a newer OpenClaw (2026.6.8); current version is 2026.3.24.
Config was last written by a newer OpenClaw (2026.6.8); current version is 2026.3.24.
Config was last written by a newer OpenClaw (2026.6.8); current version is 2026.3.24.
Config was last written by a newer OpenClaw (2026.6.8); current version is 2026.3.24.
Config was last written by a newer OpenClaw (2026.6.8); current version is 2026.3.24.
Config was last written by a newer OpenClaw (2026.6.8); current version is 2026.3.24.
Config was last written by a newer OpenClaw (2026.6.8); current version is 2026.3.24.
Config was last written by a newer OpenClaw (2026.6.8); current version is 2026.3.24.
Config was last written by a newer OpenClaw (2026.6.8); current version is 2026.3.24.
Config was last written by a newer OpenClaw (2026.6.8); current version is 2026.3.24.
Config was last written by a newer OpenClaw (2026.6.8); current version is 2026.3.24.
Config was last written by a newer OpenClaw (2026.6.8); current version is 2026.3.24.
Config was last written by a newer OpenClaw (2026.6.8); current version is 2026.3.24.
Config was last written by a newer OpenClaw (2026.6.8); current version is 2026.3.24.
Config was last written by a newer OpenClaw (2026.6.8); current version is 2026.3.24.
Config was last written by a newer OpenClaw (2026.6.8); current version is 2026.3.24.
Config was last written by a newer OpenClaw (2026.6.8); current version is 2026.3.24.
Config was last written by a newer OpenClaw (2026.6.8); current version is 2026.3.24.
Config was last written by a newer OpenClaw (2026.6.8); current version is 2026.3.24.
Config was last written by a newer OpenClaw (2026.6.8); current version is 2026.3.24.
Config was last written by a newer OpenClaw (2026.6.8); current version is 2026.3.24.
Config was last written by a newer OpenClaw (2026.6.8); current version is 2026.3.24.
Config was last written by a newer OpenClaw (2026.6.8); current version is 2026.3.24.
Config was last written by a newer OpenClaw (2026.6.8); current version is 2026.3.24.
Config was last written by a newer OpenClaw (2026.6.8); current version is 2026.3.24.
Config was last written by a newer OpenClaw (2026.6.8); current version is 2026.3.24.
Config was last written by a newer OpenClaw (2026.6.8); current version is 2026.3.24.
Config was last written by a newer OpenClaw (2026.6.8); current version is 2026.3.24.
Config was last written by a newer OpenClaw (2026.6.8); current version is 2026.3.24.
Config was last written by a newer OpenClaw (2026.6.8); current version is 2026.3.24.
Config was last written by a newer OpenClaw (2026.6.8); current version is 2026.3.24.
Config was last written by a newer OpenClaw (2026.6.8); current version is 2026.3.24.
Config was last written by a newer OpenClaw (2026.6.8); current version is 2026.3.24.
Config was last written by a newer OpenClaw (2026.6.8); current version is 2026.3.24.
Config was last written by a newer OpenClaw (2026.6.8); current version is 2026.3.24.
Config was last written by a newer OpenClaw (2026.6.8); current version is 2026.3.24.
Config was last written by a newer OpenClaw (2026.6.8); current version is 2026.3.24.
Config was last written by a newer OpenClaw (2026.6.8); current version is 2026.3.24.
Config was last written by a newer OpenClaw (2026.6.8); current version is 2026.3.24.
Config was last written by a newer OpenClaw (2026.6.8); current version is 2026.3.24.
Config was last written by a newer OpenClaw (2026.6.8); current version is 2026.3.24.
Config was last written by a newer OpenClaw (2026.6.8); current version is 2026.3.24.
Config was last written by a newer OpenClaw (2026.6.8); current version is 2026.3.24.
Config was last written by a newer OpenClaw (2026.6.8); current version is 2026.3.24.
Config was last written by a newer OpenClaw (2026.6.8); current version is 2026.3.24.
Config was last written by a newer OpenClaw (2026.6.8); current version is 2026.3.24.
Config was last written by a newer OpenClaw (2026.6.8); current version is 2026.3.24.
Config was last written by a newer OpenClaw (2026.6.8); current version is 2026.3.24.
Config was last written by a newer OpenClaw (2026.6.8); current version is 2026.3.24.
Config was last written by a newer OpenClaw (2026.6.8); current version is 2026.3.24.
Config was last written by a newer OpenClaw (2026.6.8); current version is 2026.3.24.
Config was last written by a newer OpenClaw (2026.6.8); current version is 2026.3.24.
Config was last written by a newer OpenClaw (2026.6.8); current version is 2026.3.24.
Config was last written by a newer OpenClaw (2026.6.8); current version is 2026.3.24.
Config was last written by a newer OpenClaw (2026.6.8); current version is 2026.3.24.
Config was last written by a newer OpenClaw (2026.6.8); current version is 2026.3.24.
Config was last written by a newer OpenClaw (2026.6.8); current version is 2026.3.24.
Config was last written by a newer OpenClaw (2026.6.8); current version is 2026.3.24.
Config was last written by a newer OpenClaw (2026.6.8); current version is 2026.3.24.
Config was last written by a newer OpenClaw (2026.6.8); current version is 2026.3.24.
Config was last written by a newer OpenClaw (2026.6.8); current version is 2026.3.24.
Config was last written by a newer OpenClaw (2026.6.8); current version is 2026.3.24.
Config was last written by a newer OpenClaw (2026.6.8); current version is 2026.3.24.
Config was last written by a newer OpenClaw (2026.6.8); current version is 2026.3.24.
Config was last written by a newer OpenClaw (2026.6.8); current version is 2026.3.24.
Config was last written by a newer OpenClaw (2026.6.8); current version is 2026.3.24.
Config was last written by a newer OpenClaw (2026.6.8); current version is 2026.3.24.
Config was last written by a newer OpenClaw (2026.6.8); current version is 2026.3.24.
Config was last written by a newer OpenClaw (2026.6.8); current version is 2026.3.24.
Config was last written by a newer OpenClaw (2026.6.8); current version is 2026.3.24.
Config was last written by a newer OpenClaw (2026.6.8); current version is 2026.3.24.
Config was last written by a newer OpenClaw (2026.6.8); current version is 2026.3.24.
Config was last written by a newer OpenClaw (2026.6.8); current version is 2026.3.24.
Config was last written by a newer OpenClaw (2026.6.8); current version is 2026.3.24.
Config was last written by a newer OpenClaw (2026.6.8); current version is 2026.3.24.
Config was last written by a newer OpenClaw (2026.6.8); current version is 2026.3.24.
Config was last written by a newer OpenClaw (2026.6.8); current version is 2026.3.24.
Config was last written by a newer OpenClaw (2026.6.8); current version is 2026.3.24.
Config was last written by a newer OpenClaw (2026.6.8); current version is 2026.3.24.
Config was last written by a newer OpenClaw (2026.6.8); current version is 2026.3.24.
Config was last written by a newer OpenClaw (2026.6.8); current version is 2026.3.24.
Config was last written by a newer OpenClaw (2026.6.8); current version is 2026.3.24.
Config was last written by a newer OpenClaw (2026.6.8); current version is 2026.3.24.
Config was last written by a newer OpenClaw (2026.6.8); current version is 2026.3.24.
Config was last written by a newer OpenClaw (2026.6.8); current version is 2026.3.24.
Config was last written by a newer OpenClaw (2026.6.8); current version is 2026.3.24.
Config was last written by a newer OpenClaw (2026.6.8); current version is 2026.3.24.
Config was last written by a newer OpenClaw (2026.6.8); current version is 2026.3.24.
Config was last written by a newer OpenClaw (2026.6.8); current version is 2026.3.24.
Config was last written by a newer OpenClaw (2026.6.8); current version is 2026.3.24.
Config was last written by a newer OpenClaw (2026.6.8); current version is 2026.3.24.
Config was last written by a newer OpenClaw (2026.6.8); current version is 2026.3.24.
Config was last written by a newer OpenClaw (2026.6.8); current version is 2026.3.24.
Config was last written by a newer OpenClaw (2026.6.8); current version is 2026.3.24.
Config was last written by a newer OpenClaw (2026.6.8); current version is 2026.3.24.
Config was last written by a newer OpenClaw (2026.6.8); current version is 2026.3.24.
Config was last written by a newer OpenClaw (2026.6.8); current version is 2026.3.24.
Config was last written by a newer OpenClaw (2026.6.8); current version is 2026.3.24.
Config was last written by a newer OpenClaw (2026.6.8); current version is 2026.3.24.
Config was last written by a newer OpenClaw (2026.6.8); current version is 2026.3.24.
Config was last written by a newer OpenClaw (2026.6.8); current version is 2026.3.24.
Config was last written by a newer OpenClaw (2026.6.8); current version is 2026.3.24.
Config was last written by a newer OpenClaw (2026.6.8); current version is 2026.3.24.
Config was last written by a newer OpenClaw (2026.6.8); current version is 2026.3.24.
Config was last written by a newer OpenClaw (2026.6.8); current version is 2026.3.24.
Config was last written by a newer OpenClaw (2026.6.8); current version is 2026.3.24.
Config was last written by a newer OpenClaw (2026.6.8); current version is 2026.3.24.
Config was last written by a newer OpenClaw (2026.6.8); current version is 2026.3.24.
Config was last written by a newer OpenClaw (2026.6.8); current version is 2026.3.24.
Config was last written by a newer OpenClaw (2026.6.8); current version is 2026.3.24.
Config was last written by a newer OpenClaw (2026.6.8); current version is 2026.3.24.
Config was last written by a newer OpenClaw (2026.6.8); current version is 2026.3.24.
Config was last written by a newer OpenClaw (2026.6.8); current version is 2026.3.24.
Config was last written by a newer OpenClaw (2026.6.8); current version is 2026.3.24.
Config was last written by a newer OpenClaw (2026.6.8); current version is 2026.3.24.
Config was last written by a newer OpenClaw (2026.6.8); current version is 2026.3.24.
Config was last written by a newer OpenClaw (2026.6.8); current version is 2026.3.24.
Config was last written by a newer OpenClaw (2026.6.8); current version is 2026.3.24.
Config was last written by a newer OpenClaw (2026.6.8); current version is 2026.3.24.
Config was last written by a newer OpenClaw (2026.6.8); current version is 2026.3.24.
Config was last written by a newer OpenClaw (2026.6.8); current version is 2026.3.24.
Config was last written by a newer OpenClaw (2026.6.8); current version is 2026.3.24.
Config was last written by a newer OpenClaw (2026.6.8); current version is 2026.3.24.
Config was last written by a newer OpenClaw (2026.6.8); current version is 2026.3.24.
Config was last written by a newer OpenClaw (2026.6.8); current version is 2026.3.24.
Config was last written by a newer OpenClaw (2026.6.8); current version is 2026.3.24.
Config was last written by a newer OpenClaw (2026.6.8); current version is 2026.3.24.
Config was last written by a newer OpenClaw (2026.6.8); current version is 2026.3.24.
Config was last written by a newer OpenClaw (2026.6.8); current version is 2026.3.24.
Config was last written by a newer OpenClaw (2026.6.8); current version is 2026.3.24.
Config was last written by a newer OpenClaw (2026.6.8); current version is 2026.3.24.
Config was last written by a newer OpenClaw (2026.6.8); current version is 2026.3.24.
Config was last written by a newer OpenClaw (2026.6.8); current version is 2026.3.24.
Config was last written by a newer OpenClaw (2026.6.8); current version is 2026.3.24.
Config was last written by a newer OpenClaw (2026.6.8); current version is 2026.3.24.
Config was last written by a newer OpenClaw (2026.6.8); current version is 2026.3.24.
Config was last written by a newer OpenClaw (2026.6.8); current version is 2026.3.24.
Config was last written by a newer OpenClaw (2026.6.8); current version is 2026.3.24.
Config was last written by a newer OpenClaw (2026.6.8); current version is 2026.3.24.
Config was last written by a newer OpenClaw (2026.6.8); current version is 2026.3.24.
Config was last written by a newer OpenClaw (2026.6.8); current version is 2026.3.24.
Config was last written by a newer OpenClaw (2026.6.8); current version is 2026.3.24.
Config was last written by a newer OpenClaw (2026.6.8); current version is 2026.3.24.
Config was last written by a newer OpenClaw (2026.6.8); current version is 2026.3.24.
Config was last written by a newer OpenClaw (2026.6.8); current version is 2026.3.24.
Config was last written by a newer OpenClaw (2026.6.8); current version is 2026.3.24.
Config was last written by a newer OpenClaw (2026.6.8); current version is 2026.3.24.
Config was last written by a newer OpenClaw (2026.6.8); current version is 2026.3.24.
Config was last written by a newer OpenClaw (2026.6.8); current version is 2026.3.24.
Config was last written by a newer OpenClaw (2026.6.8); current version is 2026.3.24.
Config was last written by a newer OpenClaw (2026.6.8); current version is 2026.3.24.
Config was last written by a newer OpenClaw (2026.6.8); current version is 2026.3.24.
Config was last written by a newer OpenClaw (2026.6.8); current version is 2026.3.24.
Config was last written by a newer OpenClaw (2026.6.8); current version is 2026.3.24.
Config was last written by a newer OpenClaw (2026.6.8); current version is 2026.3.24.
Config was last written by a newer OpenClaw (2026.6.8); current version is 2026.3.24.
Config was last written by a newer OpenClaw (2026.6.8); current version is 2026.3.24.
Config was last written by a newer OpenClaw (2026.6.8); current version is 2026.3.24.
Config was last written by a newer OpenClaw (2026.6.8); current version is 2026.3.24.
Config was last written by a newer OpenClaw (2026.6.8); current version is 2026.3.24.
Config was last written by a newer OpenClaw (2026.6.8); current version is 2026.3.24.
Config was last written by a newer OpenClaw (2026.6.8); current version is 2026.3.24.
Config was last written by a newer OpenClaw (2026.6.8); current version is 2026.3.24.
Config was last written by a newer OpenClaw (2026.6.8); current version is 2026.3.24.
Config was last written by a newer OpenClaw (2026.6.8); current version is 2026.3.24.
Config was last written by a newer OpenClaw (2026.6.8); current version is 2026.3.24.
Config was last written by a newer OpenClaw (2026.6.8); current version is 2026.3.24.
Config was last written by a newer OpenClaw (2026.6.8); current version is 2026.3.24.
Config was last written by a newer OpenClaw (2026.6.8); current version is 2026.3.24.
Config was last written by a newer OpenClaw (2026.6.8); current version is 2026.3.24.
Config was last written by a newer OpenClaw (2026.6.8); current version is 2026.3.24.
Config was last written by a newer OpenClaw (2026.6.8); current version is 2026.3.24.
Config was last written by a newer OpenClaw (2026.6.8); current version is 2026.3.24.
Config was last written by a newer OpenClaw (2026.6.8); current version is 2026.3.24.
Config was last written by a newer OpenClaw (2026.6.8); current version is 2026.3.24.
Config was last written by a newer OpenClaw (2026.6.8); current version is 2026.3.24.
Config was last written by a newer OpenClaw (2026.6.8); current version is 2026.3.24.
Config was last written by a newer OpenClaw (2026.6.8); current version is 2026.3.24.
Config was last written by a newer OpenClaw (2026.6.8); current version is 2026.3.24.
Config was last written by a newer OpenClaw (2026.6.8); current version is 2026.3.24.
Config was last written by a newer OpenClaw (2026.6.8); current version is 2026.3.24.
Config was last written by a newer OpenClaw (2026.6.8); current version is 2026.3.24.
Config was last written by a newer OpenClaw (2026.6.8); current version is 2026.3.24.
Config was last written by a newer OpenClaw (2026.6.8); current version is 2026.3.24.
Config was last written by a newer OpenClaw (2026.6.8); current version is 2026.3.24.
Config was last written by a newer OpenClaw (2026.6.8); current version is 2026.3.24.
Config was last written by a newer OpenClaw (2026.6.8); current version is 2026.3.24.
Config was last written by a newer OpenClaw (2026.6.8); current version is 2026.3.24.
Config was last written by a newer OpenClaw (2026.6.8); current version is 2026.3.24.
Config was last written by a newer OpenClaw (2026.6.8); current version is 2026.3.24.
Config was last written by a newer OpenClaw (2026.6.8); current version is 2026.3.24.
Config was last written by a newer OpenClaw (2026.6.8); current version is 2026.3.24.
Config was last written by a newer OpenClaw (2026.6.8); current version is 2026.3.24.
Config was last written by a newer OpenClaw (2026.6.8); current version is 2026.3.24.
Config was last written by a newer OpenClaw (2026.6.8); current version is 2026.3.24.
Config was last written by a newer OpenClaw (2026.6.8); current version is 2026.3.24.
Config was last written by a newer OpenClaw (2026.6.8); current version is 2026.3.24.
Config was last written by a newer OpenClaw (2026.6.8); current version is 2026.3.24.
Config was last written by a newer OpenClaw (2026.6.8); current version is 2026.3.24.
Config was last written by a newer OpenClaw (2026.6.8); current version is 2026.3.24.
Config was last written by a newer OpenClaw (2026.6.8); current version is 2026.3.24.
Config was last written by a newer OpenClaw (2026.6.8); current version is 2026.3.24.
Config was last written by a newer OpenClaw (2026.6.8); current version is 2026.3.24.
Config was last written by a newer OpenClaw (2026.6.8); current version is 2026.3.24.
Config was last written by a newer OpenClaw (2026.6.8); current version is 2026.3.24.
Config was last written by a newer OpenClaw (2026.6.8); current version is 2026.3.24.
Config was last written by a newer OpenClaw (2026.6.8); current version is 2026.3.24.
Config was last written by a newer OpenClaw (2026.6.8); current version is 2026.3.24.
Config was last written by a newer OpenClaw (2026.6.8); current version is 2026.3.24.
Config was last written by a newer OpenClaw (2026.6.8); current version is 2026.3.24.
Config was last written by a newer OpenClaw (2026.6.8); current version is 2026.3.24.
Config was last written by a newer OpenClaw (2026.6.8); current version is 2026.3.24.
Config was last written by a newer OpenClaw (2026.6.8); current version is 2026.3.24.
Config was last written by a newer OpenClaw (2026.6.8); current version is 2026.3.24.
Config was last written by a newer OpenClaw (2026.6.8); current version is 2026.3.24.
Config was last written by a newer OpenClaw (2026.6.8); current version is 2026.3.24.
Config was last written by a newer OpenClaw (2026.6.8); current version is 2026.3.24.
Config was last written by a newer OpenClaw (2026.6.8); current version is 2026.3.24.
Config was last written by a newer OpenClaw (2026.6.8); current version is 2026.3.24.
Config was last written by a newer OpenClaw (2026.6.8); current version is 2026.3.24.
Config was last written by a newer OpenClaw (2026.6.8); current version is 2026.3.24.
Config was last written by a newer OpenClaw (2026.6.8); current version is 2026.3.24.
Config was last written by a newer OpenClaw (2026.6.8); current version is 2026.3.24.
Config was last written by a newer OpenClaw (2026.6.8); current version is 2026.3.24.
Config was last written by a newer OpenClaw (2026.6.8); current version is 2026.3.24.
Config was last written by a newer OpenClaw (2026.6.8); current version is 2026.3.24.
Config was last written by a newer OpenClaw (2026.6.8); current version is 2026.3.24.
Config was last written by a newer OpenClaw (2026.6.8); current version is 2026.3.24.
Config was last written by a newer OpenClaw (2026.6.8); current version is 2026.3.24.
Config was last written by a newer OpenClaw (2026.6.8); current version is 2026.3.24.
Config was last written by a newer OpenClaw (2026.6.8); current version is 2026.3.24.
Config was last written by a newer OpenClaw (2026.6.8); current version is 2026.3.24.
Config was last written by a newer OpenClaw (2026.6.8); current version is 2026.3.24.
Config was last written by a newer OpenClaw (2026.6.8); current version is 2026.3.24.
Config was last written by a newer OpenClaw (2026.6.8); current version is 2026.3.24.
Config was last written by a newer OpenClaw (2026.6.8); current version is 2026.3.24.
Config was last written by a newer OpenClaw (2026.6.8); current version is 2026.3.24.
Config was last written by a newer OpenClaw (2026.6.8); current version is 2026.3.24.
Config was last written by a newer OpenClaw (2026.6.8); current version is 2026.3.24.
Config was last written by a newer OpenClaw (2026.6.8); current version is 2026.3.24.
Config was last written by a newer OpenClaw (2026.6.8); current version is 2026.3.24.
Config was last written by a newer OpenClaw (2026.6.8); current version is 2026.3.24.
Config was last written by a newer OpenClaw (2026.6.8); current version is 2026.3.24.
Config was last written by a newer OpenClaw (2026.6.8); current version is 2026.3.24.
Config was last written by a newer OpenClaw (2026.6.8); current version is 2026.3.24.
Config was last written by a newer OpenClaw (2026.6.8); current version is 2026.3.24.
Config was last written by a newer OpenClaw (2026.6.8); current version is 2026.3.24.
Config was last written by a newer OpenClaw (2026.6.8); current version is 2026.3.24.
Config was last written by a newer OpenClaw (2026.6.8); current version is 2026.3.24.
Config was last written by a newer OpenClaw (2026.6.8); current version is 2026.3.24.
Config was last written by a newer OpenClaw (2026.6.8); current version is 2026.3.24.
Config was last written by a newer OpenClaw (2026.6.8); current version is 2026.3.24.
Config was last written by a newer OpenClaw (2026.6.8); current version is 2026.3.24.
Config was last written by a newer OpenClaw (2026.6.8); current version is 2026.3.24.
Config was last written by a newer OpenClaw (2026.6.8); current version is 2026.3.24.
Config was last written by a newer OpenClaw (2026.6.8); current version is 2026.3.24.
Config was last written by a newer OpenClaw (2026.6.8); current version is 2026.3.24.
Config was last written by a newer OpenClaw (2026.6.8); current version is 2026.3.24.
Config was last written by a newer OpenClaw (2026.6.8); current version is 2026.3.24.
Config was last written by a newer OpenClaw (2026.6.8); current version is 2026.3.24.
Config was last written by a newer OpenClaw (2026.6.8); current version is 2026.3.24.
Config was last written by a newer OpenClaw (2026.6.8); current version is 2026.3.24.
Config was last written by a newer OpenClaw (2026.6.8); current version is 2026.3.24.
Config was last written by a newer OpenClaw (2026.6.8); current version is 2026.3.24.
Config was last written by a newer OpenClaw (2026.6.8); current version is 2026.3.24.
Config was last written by a newer OpenClaw (2026.6.8); current version is 2026.3.24.
Config was last written by a newer OpenClaw (2026.6.8); current version is 2026.3.24.
Config was last written by a newer OpenClaw (2026.6.8); current version is 2026.3.24.
Config was last written by a newer OpenClaw (2026.6.8); current version is 2026.3.24.
Config was last written by a newer OpenClaw (2026.6.8); current version is 2026.3.24.
Config was last written by a newer OpenClaw (2026.6.8); current version is 2026.3.24.
Config was last written by a newer OpenClaw (2026.6.8); current version is 2026.3.24.
Config was last written by a newer OpenClaw (2026.6.8); current version is 2026.3.24.
Config was last written by a newer OpenClaw (2026.6.8); current version is 2026.3.24.
Config was last written by a newer OpenClaw (2026.6.8); current version is 2026.3.24.
Config was last written by a newer OpenClaw (2026.6.8); current version is 2026.3.24.
Config was last written by a newer OpenClaw (2026.6.8); current version is 2026.3.24.
Config was last written by a newer OpenClaw (2026.6.8); current version is 2026.3.24.
Config was last written by a newer OpenClaw (2026.6.8); current version is 2026.3.24.
Config was last written by a newer OpenClaw (2026.6.8); current version is 2026.3.24.
Config was last written by a newer OpenClaw (2026.6.8); current version is 2026.3.24.
Config was last written by a newer OpenClaw (2026.6.8); current version is 2026.3.24.
Config was last written by a newer OpenClaw (2026.6.8); current version is 2026.3.24.
Config was last written by a newer OpenClaw (2026.6.8); current version is 2026.3.24.
Config was last written by a newer OpenClaw (2026.6.8); current version is 2026.3.24.
Config was last written by a newer OpenClaw (2026.6.8); current version is 2026.3.24.
Config was last written by a newer OpenClaw (2026.6.8); current version is 2026.3.24.
Config was last written by a newer OpenClaw (2026.6.8); current version is 2026.3.24.
Config was last written by a newer OpenClaw (2026.6.8); current version is 2026.3.24.
Config was last written by a newer OpenClaw (2026.6.8); current version is 2026.3.24.
Config was last written by a newer OpenClaw (2026.6.8); current version is 2026.3.24.
Config was last written by a newer OpenClaw (2026.6.8); current version is 2026.3.24.
Config was last written by a newer OpenClaw (2026.6.8); current version is 2026.3.24.
Config was last written by a newer OpenClaw (2026.6.8); current version is 2026.3.24.
Config was last written by a newer OpenClaw (2026.6.8); current version is 2026.3.24.
Config was last written by a newer OpenClaw (2026.6.8); current version is 2026.3.24.
Config was last written by a newer OpenClaw (2026.6.8); current version is 2026.3.24.
Config was last written by a newer OpenClaw (2026.6.8); current version is 2026.3.24.
Config was last written by a newer OpenClaw (2026.6.8); current version is 2026.3.24.
Config was last written by a newer OpenClaw (2026.6.8); current version is 2026.3.24.
Config was last written by a newer OpenClaw (2026.6.8); current version is 2026.3.24.
Config was last written by a newer OpenClaw (2026.6.8); current version is 2026.3.24.
Config was last written by a newer OpenClaw (2026.6.8); current version is 2026.3.24.
Config was last written by a newer OpenClaw (2026.6.8); current version is 2026.3.24.
Config was last written by a newer OpenClaw (2026.6.8); current version is 2026.3.24.
Config was last written by a newer OpenClaw (2026.6.8); current version is 2026.3.24.
Config was last written by a newer OpenClaw (2026.6.8); current version is 2026.3.24.
Config was last written by a newer OpenClaw (2026.6.8); current version is 2026.3.24.
Config was last written by a newer OpenClaw (2026.6.8); current version is 2026.3.24.
Config was last written by a newer OpenClaw (2026.6.8); current version is 2026.3.24.
Config was last written by a newer OpenClaw (2026.6.8); current version is 2026.3.24.
Config was last written by a newer OpenClaw (2026.6.8); current version is 2026.3.24.
Config was last written by a newer OpenClaw (2026.6.8); current version is 2026.3.24.
Config was last written by a newer OpenClaw (2026.6.8); current version is 2026.3.24.
Config was last written by a newer OpenClaw (2026.6.8); current version is 2026.3.24.
Config was last written by a newer OpenClaw (2026.6.8); current version is 2026.3.24.
Config was last written by a newer OpenClaw (2026.6.8); current version is 2026.3.24.
Config was last written by a newer OpenClaw (2026.6.8); current version is 2026.3.24.
Config was last written by a newer OpenClaw (2026.6.8); current version is 2026.3.24.
Config was last written by a newer OpenClaw (2026.6.8); current version is 2026.3.24.
Config was last written by a newer OpenClaw (2026.6.8); current version is 2026.3.24.
Config was last written by a newer OpenClaw (2026.6.8); current version is 2026.3.24.
Config was last written by a newer OpenClaw (2026.6.8); current version is 2026.3.24.
Config was last written by a newer OpenClaw (2026.6.8); current version is 2026.3.24.
Config was last written by a newer OpenClaw (2026.6.8); current version is 2026.3.24.
Config was last written by a newer OpenClaw (2026.6.8); current version is 2026.3.24.
Config was last written by a newer OpenClaw (2026.6.8); current version is 2026.3.24.
Config was last written by a newer OpenClaw (2026.6.8); current version is 2026.3.24.
Config was last written by a newer OpenClaw (2026.6.8); current version is 2026.3.24.
Config was last written by a newer OpenClaw (2026.6.8); current version is 2026.3.24.
Config was last written by a newer OpenClaw (2026.6.8); current version is 2026.3.24.
Config was last written by a newer OpenClaw (2026.6.8); current version is 2026.3.24.
Config was last written by a newer OpenClaw (2026.6.8); current version is 2026.3.24.
Config was last written by a newer OpenClaw (2026.6.8); current version is 2026.3.24.
Config was last written by a newer OpenClaw (2026.6.8); current version is 2026.3.24.
Config was last written by a newer OpenClaw (2026.6.8); current version is 2026.3.24.
Config was last written by a newer OpenClaw (2026.6.8); current version is 2026.3.24.
Config was last written by a newer OpenClaw (2026.6.8); current version is 2026.3.24.
Config was last written by a newer OpenClaw (2026.6.8); current version is 2026.3.24.
Config was last written by a newer OpenClaw (2026.6.8); current version is 2026.3.24.
Config was last written by a newer OpenClaw (2026.6.8); current version is 2026.3.24.
Config was last written by a newer OpenClaw (2026.6.8); current version is 2026.3.24.
Config was last written by a newer OpenClaw (2026.6.8); current version is 2026.3.24.
Config was last written by a newer OpenClaw (2026.6.8); current version is 2026.3.24.
Config was last written by a newer OpenClaw (2026.6.8); current version is 2026.3.24.
Config was last written by a newer OpenClaw (2026.6.8); current version is 2026.3.24.
Config was last written by a newer OpenClaw (2026.6.8); current version is 2026.3.24.
Config was last written by a newer OpenClaw (2026.6.8); current version is 2026.3.24.
Config was last written by a newer OpenClaw (2026.6.8); current version is 2026.3.24.
Config was last written by a newer OpenClaw (2026.6.8); current version is 2026.3.24.
Config was last written by a newer OpenClaw (2026.6.8); current version is 2026.3.24.
Config was last written by a newer OpenClaw (2026.6.8); current version is 2026.3.24.
Config was last written by a newer OpenClaw (2026.6.8); current version is 2026.3.24.
Config was last written by a newer OpenClaw (2026.6.8); current version is 2026.3.24.
Config was last written by a newer OpenClaw (2026.6.8); current version is 2026.3.24.
Config was last written by a newer OpenClaw (2026.6.8); current version is 2026.3.24.
Config was last written by a newer OpenClaw (2026.6.8); current version is 2026.3.24.
Config was last written by a newer OpenClaw (2026.6.8); current version is 2026.3.24.
Config was last written by a newer OpenClaw (2026.6.8); current version is 2026.3.24.
Config was last written by a newer OpenClaw (2026.6.8); current version is 2026.3.24.
Config was last written by a newer OpenClaw (2026.6.8); current version is 2026.3.24.
Config was last written by a newer OpenClaw (2026.6.8); current version is 2026.3.24.
Config was last written by a newer OpenClaw (2026.6.8); current version is 2026.3.24.
Config was last written by a newer OpenClaw (2026.6.8); current version is 2026.3.24.
Config was last written by a newer OpenClaw (2026.6.8); current version is 2026.3.24.
Config was last written by a newer OpenClaw (2026.6.8); current version is 2026.3.24.
Config was last written by a newer OpenClaw (2026.6.8); current version is 2026.3.24.
Config was last written by a newer OpenClaw (2026.6.8); current version is 2026.3.24.
Config was last written by a newer OpenClaw (2026.6.8); current version is 2026.3.24.
Config was last written by a newer OpenClaw (2026.6.8); current version is 2026.3.24.
Config was last written by a newer OpenClaw (2026.6.8); current version is 2026.3.24.
Config was last written by a newer OpenClaw (2026.6.8); current version is 2026.3.24.
Config was last written by a newer OpenClaw (2026.6.8); current version is 2026.3.24.
Config was last written by a newer OpenClaw (2026.6.8); current version is 2026.3.24.
Config was last written by a newer OpenClaw (2026.6.8); current version is 2026.3.24.
Config was last written by a newer OpenClaw (2026.6.8); current version is 2026.3.24.
Config was last written by a newer OpenClaw (2026.6.8); current version is 2026.3.24.
Config was last written by a newer OpenClaw (2026.6.8); current version is 2026.3.24.
Config was last written by a newer OpenClaw (2026.6.8); current version is 2026.3.24.
Config was last written by a newer OpenClaw (2026.6.8); current version is 2026.3.24.
Config was last written by a newer OpenClaw (2026.6.8); current version is 2026.3.24.
Config was last written by a newer OpenClaw (2026.6.8); current version is 2026.3.24.
Config was last written by a newer OpenClaw (2026.6.8); current version is 2026.3.24.
Config was last written by a newer OpenClaw (2026.6.8); current version is 2026.3.24.
Config was last written by a newer OpenClaw (2026.6.8); current version is 2026.3.24.
Config was last written by a newer OpenClaw (2026.6.8); current version is 2026.3.24.
Config was last written by a newer OpenClaw (2026.6.8); current version is 2026.3.24.
Config was last written by a newer OpenClaw (2026.6.8); current version is 2026.3.24.
Config was last written by a newer OpenClaw (2026.6.8); current version is 2026.3.24.
Config was last written by a newer OpenClaw (2026.6.8); current version is 2026.3.24.
Config was last written by a newer OpenClaw (2026.6.8); current version is 2026.3.24.
Config was last written by a newer OpenClaw (2026.6.8); current version is 2026.3.24.
Config was last written by a newer OpenClaw (2026.6.8); current version is 2026.3.24.
Config was last written by a newer OpenClaw (2026.6.8); current version is 2026.3.24.
Config was last written by a newer OpenClaw (2026.6.8); current version is 2026.3.24.
Config was last written by a newer OpenClaw (2026.6.8); current version is 2026.3.24.
Config was last written by a newer OpenClaw (2026.6.8); current version is 2026.3.24.
Config was last written by a newer OpenClaw (2026.6.8); current version is 2026.3.24.
Config was last written by a newer OpenClaw (2026.6.8); current version is 2026.3.24.
Config was last written by a newer OpenClaw (2026.6.8); current version is 2026.3.24.
Config was last written by a newer OpenClaw (2026.6.8); current version is 2026.3.24.
Config was last written by a newer OpenClaw (2026.6.8); current version is 2026.3.24.
Config was last written by a newer OpenClaw (2026.6.8); current version is 2026.3.24.
Config was last written by a newer OpenClaw (2026.6.8); current version is 2026.3.24.
Config was last written by a newer OpenClaw (2026.6.8); current version is 2026.3.24.
Config was last written by a newer OpenClaw (2026.6.8); current version is 2026.3.24.
Config was last written by a newer OpenClaw (2026.6.8); current version is 2026.3.24.
Config was last written by a newer OpenClaw (2026.6.8); current version is 2026.3.24.
Config was last written by a newer OpenClaw (2026.6.8); current version is 2026.3.24.
Config was last written by a newer OpenClaw (2026.6.8); current version is 2026.3.24.
Config was last written by a newer OpenClaw (2026.6.8); current version is 2026.3.24.
Config was last written by a newer OpenClaw (2026.6.8); current version is 2026.3.24.
Config was last written by a newer OpenClaw (2026.6.8); current version is 2026.3.24.
Config was last written by a newer OpenClaw (2026.6.8); current version is 2026.3.24.
Config was last written by a newer OpenClaw (2026.6.8); current version is 2026.3.24.
Config was last written by a newer OpenClaw (2026.6.8); current version is 2026.3.24.
Config was last written by a newer OpenClaw (2026.6.8); current version is 2026.3.24.
Config was last written by a newer OpenClaw (2026.6.8); current version is 2026.3.24.
Config was last written by a newer OpenClaw (2026.6.8); current version is 2026.3.24.
Config was last written by a newer OpenClaw (2026.6.8); current version is 2026.3.24.
Config was last written by a newer OpenClaw (2026.6.8); current version is 2026.3.24.
Config was last written by a newer OpenClaw (2026.6.8); current version is 2026.3.24.
Config was last written by a newer OpenClaw (2026.6.8); current version is 2026.3.24.
Config was last written by a newer OpenClaw (2026.6.8); current version is 2026.3.24.
Config was last written by a newer OpenClaw (2026.6.8); current version is 2026.3.24.
Config was last written by a newer OpenClaw (2026.6.8); current version is 2026.3.24.
Config was last written by a newer OpenClaw (2026.6.8); current version is 2026.3.24.
Config was last written by a newer OpenClaw (2026.6.8); current version is 2026.3.24.
Config was last written by a newer OpenClaw (2026.6.8); current version is 2026.3.24.
Config was last written by a newer OpenClaw (2026.6.8); current version is 2026.3.24.
Config was last written by a newer OpenClaw (2026.6.8); current version is 2026.3.24.
Config was last written by a newer OpenClaw (2026.6.8); current version is 2026.3.24.
Config was last written by a newer OpenClaw (2026.6.8); current version is 2026.3.24.
Config was last written by a newer OpenClaw (2026.6.8); current version is 2026.3.24.
Config was last written by a newer OpenClaw (2026.6.8); current version is 2026.3.24.
Config was last written by a newer OpenClaw (2026.6.8); current version is 2026.3.24.
Config was last written by a newer OpenClaw (2026.6.8); current version is 2026.3.24.
Config was last written by a newer OpenClaw (2026.6.8); current version is 2026.3.24.
Config was last written by a newer OpenClaw (2026.6.8); current version is 2026.3.24.
Config was last written by a newer OpenClaw (2026.6.8); current version is 2026.3.24.
Config was last written by a newer OpenClaw (2026.6.8); current version is 2026.3.24.
Config was last written by a newer OpenClaw (2026.6.8); current version is 2026.3.24.
Config was last written by a newer OpenClaw (2026.6.8); current version is 2026.3.24.
Config was last written by a newer OpenClaw (2026.6.8); current version is 2026.3.24.
Config was last written by a newer OpenClaw (2026.6.8); current version is 2026.3.24.
Config was last written by a newer OpenClaw (2026.6.8); current version is 2026.3.24.
Config was last written by a newer OpenClaw (2026.6.8); current version is 2026.3.24.
Config was last written by a newer OpenClaw (2026.6.8); current version is 2026.3.24.
Config was last written by a newer OpenClaw (2026.6.8); current version is 2026.3.24.
Config was last written by a newer OpenClaw (2026.6.8); current version is 2026.3.24.
Config was last written by a newer OpenClaw (2026.6.8); current version is 2026.3.24.
Config was last written by a newer OpenClaw (2026.6.8); current version is 2026.3.24.
Config was last written by a newer OpenClaw (2026.6.8); current version is 2026.3.24.
Config was last written by a newer OpenClaw (2026.6.8); current version is 2026.3.24.
Config was last written by a newer OpenClaw (2026.6.8); current version is 2026.3.24.
Config was last written by a newer OpenClaw (2026.6.8); current version is 2026.3.24.
Config was last written by a newer OpenClaw (2026.6.8); current version is 2026.3.24.
Config was last written by a newer OpenClaw (2026.6.8); current version is 2026.3.24.
Config was last written by a newer OpenClaw (2026.6.8); current version is 2026.3.24.
Config was last written by a newer OpenClaw (2026.6.8); current version is 2026.3.24.
Config was last written by a newer OpenClaw (2026.6.8); current version is 2026.3.24.
Config was last written by a newer OpenClaw (2026.6.8); current version is 2026.3.24.
Config was last written by a newer OpenClaw (2026.6.8); current version is 2026.3.24.
Config was last written by a newer OpenClaw (2026.6.8); current version is 2026.3.24.
Config was last written by a newer OpenClaw (2026.6.8); current version is 2026.3.24.
Config was last written by a newer OpenClaw (2026.6.8); current version is 2026.3.24.
Config was last written by a newer OpenClaw (2026.6.8); current version is 2026.3.24.
Config was last written by a newer OpenClaw (2026.6.8); current version is 2026.3.24.
Config was last written by a newer OpenClaw (2026.6.8); current version is 2026.3.24.
Config was last written by a newer OpenClaw (2026.6.8); current version is 2026.3.24.
Config was last written by a newer OpenClaw (2026.6.8); current version is 2026.3.24.
Config was last written by a newer OpenClaw (2026.6.8); current version is 2026.3.24.
Config was last written by a newer OpenClaw (2026.6.8); current version is 2026.3.24.
Config was last written by a newer OpenClaw (2026.6.8); current version is 2026.3.24.
Config was last written by a newer OpenClaw (2026.6.8); current version is 2026.3.24.
Config was last written by a newer OpenClaw (2026.6.8); current version is 2026.3.24.
Config was last written by a newer OpenClaw (2026.6.8); current version is 2026.3.24.
Config was last written by a newer OpenClaw (2026.6.8); current version is 2026.3.24.
Config was last written by a newer OpenClaw (2026.6.8); current version is 2026.3.24.
Config was last written by a newer OpenClaw (2026.6.8); current version is 2026.3.24.
Config was last written by a newer OpenClaw (2026.6.8); current version is 2026.3.24.
Config was last written by a newer OpenClaw (2026.6.8); current version is 2026.3.24.
Config was last written by a newer OpenClaw (2026.6.8); current version is 2026.3.24.
Config was last written by a newer OpenClaw (2026.6.8); current version is 2026.3.24.
Config was last written by a newer OpenClaw (2026.6.8); current version is 2026.3.24.
Config was last written by a newer OpenClaw (2026.6.8); current version is 2026.3.24.
Config was last written by a newer OpenClaw (2026.6.8); current version is 2026.3.24.
Config was last written by a newer OpenClaw (2026.6.8); current version is 2026.3.24.
Config was last written by a newer OpenClaw (2026.6.8); current version is 2026.3.24.
Config was last written by a newer OpenClaw (2026.6.8); current version is 2026.3.24.
Config was last written by a newer OpenClaw (2026.6.8); current version is 2026.3.24.
Config was last written by a newer OpenClaw (2026.6.8); current version is 2026.3.24.
Config was last written by a newer OpenClaw (2026.6.8); current version is 2026.3.24.
Config was last written by a newer OpenClaw (2026.6.8); current version is 2026.3.24.
Config was last written by a newer OpenClaw (2026.6.8); current version is 2026.3.24.
Config was last written by a newer OpenClaw (2026.6.8); current version is 2026.3.24.
Config was last written by a newer OpenClaw (2026.6.8); current version is 2026.3.24.
Config was last written by a newer OpenClaw (2026.6.8); current version is 2026.3.24.
Config was last written by a newer OpenClaw (2026.6.8); current version is 2026.3.24.
Config was last written by a newer OpenClaw (2026.6.8); current version is 2026.3.24.
Config was last written by a newer OpenClaw (2026.6.8); current version is 2026.3.24.
Config was last written by a newer OpenClaw (2026.6.8); current version is 2026.3.24.
Config was last written by a newer OpenClaw (2026.6.8); current version is 2026.3.24.
Config was last written by a newer OpenClaw (2026.6.8); current version is 2026.3.24.
Config was last written by a newer OpenClaw (2026.6.8); current version is 2026.3.24.
Config was last written by a newer OpenClaw (2026.6.8); current version is 2026.3.24.
Config was last written by a newer OpenClaw (2026.6.8); current version is 2026.3.24.
Config was last written by a newer OpenClaw (2026.6.8); current version is 2026.3.24.
Config was last written by a newer OpenClaw (2026.6.8); current version is 2026.3.24.
Config was last written by a newer OpenClaw (2026.6.8); current version is 2026.3.24.
Config was last written by a newer OpenClaw (2026.6.8); current version is 2026.3.24.
Config was last written by a newer OpenClaw (2026.6.8); current version is 2026.3.24.
Config was last written by a newer OpenClaw (2026.6.8); current version is 2026.3.24.
Config was last written by a newer OpenClaw (2026.6.8); current version is 2026.3.24.
Config was last written by a newer OpenClaw (2026.6.8); current version is 2026.3.24.
Config was last written by a newer OpenClaw (2026.6.8); current version is 2026.3.24.
Config was last written by a newer OpenClaw (2026.6.8); current version is 2026.3.24.
Config was last written by a newer OpenClaw (2026.6.8); current version is 2026.3.24.
Config was last written by a newer OpenClaw (2026.6.8); current version is 2026.3.24.
Config was last written by a newer OpenClaw (2026.6.8); current version is 2026.3.24.
Config was last written by a newer OpenClaw (2026.6.8); current version is 2026.3.24.
Config was last written by a newer OpenClaw (2026.6.8); current version is 2026.3.24.
Config was last written by a newer OpenClaw (2026.6.8); current version is 2026.3.24.
Config was last written by a newer OpenClaw (2026.6.8); current version is 2026.3.24.
Config was last written by a newer OpenClaw (2026.6.8); current version is 2026.3.24.
Config was last written by a newer OpenClaw (2026.6.8); current version is 2026.3.24.
Config was last written by a newer OpenClaw (2026.6.8); current version is 2026.3.24.
Config was last written by a newer OpenClaw (2026.6.8); current version is 2026.3.24.
Config was last written by a newer OpenClaw (2026.6.8); current version is 2026.3.24.
Config was last written by a newer OpenClaw (2026.6.8); current version is 2026.3.24.
Config was last written by a newer OpenClaw (2026.6.8); current version is 2026.3.24.
Config was last written by a newer OpenClaw (2026.6.8); current version is 2026.3.24.
Config was last written by a newer OpenClaw (2026.6.8); current version is 2026.3.24.
Config was last written by a newer OpenClaw (2026.6.8); current version is 2026.3.24.
Config was last written by a newer OpenClaw (2026.6.8); current version is 2026.3.24.
Config was last written by a newer OpenClaw (2026.6.8); current version is 2026.3.24.
Config was last written by a newer OpenClaw (2026.6.8); current version is 2026.3.24.
Config was last written by a newer OpenClaw (2026.6.8); current version is 2026.3.24.
Config was last written by a newer OpenClaw (2026.6.8); current version is 2026.3.24.
Config was last written by a newer OpenClaw (2026.6.8); current version is 2026.3.24.
Config was last written by a newer OpenClaw (2026.6.8); current version is 2026.3.24.
Config was last written by a newer OpenClaw (2026.6.8); current version is 2026.3.24.
Config was last written by a newer OpenClaw (2026.6.8); current version is 2026.3.24.
Config was last written by a newer OpenClaw (2026.6.8); current version is 2026.3.24.
Config was last written by a newer OpenClaw (2026.6.8); current version is 2026.3.24.
Config was last written by a newer OpenClaw (2026.6.8); current version is 2026.3.24.
Config was last written by a newer OpenClaw (2026.6.8); current version is 2026.3.24.
Config was last written by a newer OpenClaw (2026.6.8); current version is 2026.3.24.
Config was last written by a newer OpenClaw (2026.6.8); current version is 2026.3.24.
Config was last written by a newer OpenClaw (2026.6.8); current version is 2026.3.24.
Config was last written by a newer OpenClaw (2026.6.8); current version is 2026.3.24.
Config was last written by a newer OpenClaw (2026.6.8); current version is 2026.3.24.
Config was last written by a newer OpenClaw (2026.6.8); current version is 2026.3.24.
Config was last written by a newer OpenClaw (2026.6.8); current version is 2026.3.24.
Config was last written by a newer OpenClaw (2026.6.8); current version is 2026.3.24.
Config was last written by a newer OpenClaw (2026.6.8); current version is 2026.3.24.
Config was last written by a newer OpenClaw (2026.6.8); current version is 2026.3.24.
Config was last written by a newer OpenClaw (2026.6.8); current version is 2026.3.24.
Config was last written by a newer OpenClaw (2026.6.8); current version is 2026.3.24.
Config was last written by a newer OpenClaw (2026.6.8); current version is 2026.3.24.
Config was last written by a newer OpenClaw (2026.6.8); current version is 2026.3.24.
Config was last written by a newer OpenClaw (2026.6.8); current version is 2026.3.24.
Config was last written by a newer OpenClaw (2026.6.8); current version is 2026.3.24.
Config was last written by a newer OpenClaw (2026.6.8); current version is 2026.3.24.
Config was last written by a newer OpenClaw (2026.6.8); current version is 2026.3.24.
Config was last written by a newer OpenClaw (2026.6.8); current version is 2026.3.24.
Config was last written by a newer OpenClaw (2026.6.8); current version is 2026.3.24.
Config was last written by a newer OpenClaw (2026.6.8); current version is 2026.3.24.
Config was last written by a newer OpenClaw (2026.6.8); current version is 2026.3.24.
Config was last written by a newer OpenClaw (2026.6.8); current version is 2026.3.24.
Config was last written by a newer OpenClaw (2026.6.8); current version is 2026.3.24.
Config was last written by a newer OpenClaw (2026.6.8); current version is 2026.3.24.
Config was last written by a newer OpenClaw (2026.6.8); current version is 2026.3.24.
Config was last written by a newer OpenClaw (2026.6.8); current version is 2026.3.24.
Config was last written by a newer OpenClaw (2026.6.8); current version is 2026.3.24.
Config was last written by a newer OpenClaw (2026.6.8); current version is 2026.3.24.
Config was last written by a newer OpenClaw (2026.6.8); current version is 2026.3.24.
Config was last written by a newer OpenClaw (2026.6.8); current version is 2026.3.24.
Config was last written by a newer OpenClaw (2026.6.8); current version is 2026.3.24.
Config was last written by a newer OpenClaw (2026.6.8); current version is 2026.3.24.
Config was last written by a newer OpenClaw (2026.6.8); current version is 2026.3.24.
Config was last written by a newer OpenClaw (2026.6.8); current version is 2026.3.24.
Config was last written by a newer OpenClaw (2026.6.8); current version is 2026.3.24.
Config was last written by a newer OpenClaw (2026.6.8); current version is 2026.3.24.
Config was last written by a newer OpenClaw (2026.6.8); current version is 2026.3.24.
Config was last written by a newer OpenClaw (2026.6.8); current version is 2026.3.24.
Config was last written by a newer OpenClaw (2026.6.8); current version is 2026.3.24.
Config was last written by a newer OpenClaw (2026.6.8); current version is 2026.3.24.
Config was last written by a newer OpenClaw (2026.6.8); current version is 2026.3.24.
Config was last written by a newer OpenClaw (2026.6.8); current version is 2026.3.24.
Config was last written by a newer OpenClaw (2026.6.8); current version is 2026.3.24.
Config was last written by a newer OpenClaw (2026.6.8); current version is 2026.3.24.
Config was last written by a newer OpenClaw (2026.6.8); current version is 2026.3.24.
Config was last written by a newer OpenClaw (2026.6.8); current version is 2026.3.24.
Config was last written by a newer OpenClaw (2026.6.8); current version is 2026.3.24.
Config was last written by a newer OpenClaw (2026.6.8); current version is 2026.3.24.
Config was last written by a newer OpenClaw (2026.6.8); current version is 2026.3.24.
Config was last written by a newer OpenClaw (2026.6.8); current version is 2026.3.24.
Config was last written by a newer OpenClaw (2026.6.8); current version is 2026.3.24.
Config was last written by a newer OpenClaw (2026.6.8); current version is 2026.3.24.
Config was last written by a newer OpenClaw (2026.6.8); current version is 2026.3.24.
Config was last written by a newer OpenClaw (2026.6.8); current version is 2026.3.24.
Config was last written by a newer OpenClaw (2026.6.8); current version is 2026.3.24.
Config was last written by a newer OpenClaw (2026.6.8); current version is 2026.3.24.
Config was last written by a newer OpenClaw (2026.6.8); current version is 2026.3.24.
Config was last written by a newer OpenClaw (2026.6.8); current version is 2026.3.24.
Config was last written by a newer OpenClaw (2026.6.8); current version is 2026.3.24.
Config was last written by a newer OpenClaw (2026.6.8); current version is 2026.3.24.
Config was last written by a newer OpenClaw (2026.6.8); current version is 2026.3.24.
Config was last written by a newer OpenClaw (2026.6.8); current version is 2026.3.24.
Config was last written by a newer OpenClaw (2026.6.8); current version is 2026.3.24.
Config was last written by a newer OpenClaw (2026.6.8); current version is 2026.3.24.
Config was last written by a newer OpenClaw (2026.6.8); current version is 2026.3.24.
Config was last written by a newer OpenClaw (2026.6.8); current version is 2026.3.24.
Config was last written by a newer OpenClaw (2026.6.8); current version is 2026.3.24.
Config was last written by a newer OpenClaw (2026.6.8); current version is 2026.3.24.
Config was last written by a newer OpenClaw (2026.6.8); current version is 2026.3.24.
Config was last written by a newer OpenClaw (2026.6.8); current version is 2026.3.24.
Config was last written by a newer OpenClaw (2026.6.8); current version is 2026.3.24.
Config was last written by a newer OpenClaw (2026.6.8); current version is 2026.3.24.
Config was last written by a newer OpenClaw (2026.6.8); current version is 2026.3.24.
Config was last written by a newer OpenClaw (2026.6.8); current version is 2026.3.24.
Config was last written by a newer OpenClaw (2026.6.8); current version is 2026.3.24.
Config was last written by a newer OpenClaw (2026.6.8); current version is 2026.3.24.
Config was last written by a newer OpenClaw (2026.6.8); current version is 2026.3.24.
Config was last written by a newer OpenClaw (2026.6.8); current version is 2026.3.24.
Config was last written by a newer OpenClaw (2026.6.8); current version is 2026.3.24.
Config was last written by a newer OpenClaw (2026.6.8); current version is 2026.3.24.
Config was last written by a newer OpenClaw (2026.6.8); current version is 2026.3.24.
Config was last written by a newer OpenClaw (2026.6.8); current version is 2026.3.24.
Config was last written by a newer OpenClaw (2026.6.8); current version is 2026.3.24.
Config was last written by a newer OpenClaw (2026.6.8); current version is 2026.3.24.
Config was last written by a newer OpenClaw (2026.6.8); current version is 2026.3.24.
Config was last written by a newer OpenClaw (2026.6.8); current version is 2026.3.24.
Config was last written by a newer OpenClaw (2026.6.8); current version is 2026.3.24.
Config was last written by a newer OpenClaw (2026.6.8); current version is 2026.3.24.
Config was last written by a newer OpenClaw (2026.6.8); current version is 2026.3.24.
Config was last written by a newer OpenClaw (2026.6.8); current version is 2026.3.24.
Config was last written by a newer OpenClaw (2026.6.8); current version is 2026.3.24.
Config was last written by a newer OpenClaw (2026.6.8); current version is 2026.3.24.
Config was last written by a newer OpenClaw (2026.6.8); current version is 2026.3.24.
Config was last written by a newer OpenClaw (2026.6.8); current version is 2026.3.24.
Config was last written by a newer OpenClaw (2026.6.8); current version is 2026.3.24.
Config was last written by a newer OpenClaw (2026.6.8); current version is 2026.3.24.
Config was last written by a newer OpenClaw (2026.6.8); current version is 2026.3.24.
Config was last written by a newer OpenClaw (2026.6.8); current version is 2026.3.24.
Config was last written by a newer OpenClaw (2026.6.8); current version is 2026.3.24.
Config was last written by a newer OpenClaw (2026.6.8); current version is 2026.3.24.
Config was last written by a newer OpenClaw (2026.6.8); current version is 2026.3.24.
Config was last written by a newer OpenClaw (2026.6.8); current version is 2026.3.24.
Config was last written by a newer OpenClaw (2026.6.8); current version is 2026.3.24.
Config was last written by a newer OpenClaw (2026.6.8); current version is 2026.3.24.
Config was last written by a newer OpenClaw (2026.6.8); current version is 2026.3.24.
Config was last written by a newer OpenClaw (2026.6.8); current version is 2026.3.24.
Config was last written by a newer OpenClaw (2026.6.8); current version is 2026.3.24.
Config was last written by a newer OpenClaw (2026.6.8); current version is 2026.3.24.
Config was last written by a newer OpenClaw (2026.6.8); current version is 2026.3.24.
Config was last written by a newer OpenClaw (2026.6.8); current version is 2026.3.24.
Config was last written by a newer OpenClaw (2026.6.8); current version is 2026.3.24.
Config was last written by a newer OpenClaw (2026.6.8); current version is 2026.3.24.
Config was last written by a newer OpenClaw (2026.6.8); current version is 2026.3.24.
Config was last written by a newer OpenClaw (2026.6.8); current version is 2026.3.24.
Config was last written by a newer OpenClaw (2026.6.8); current version is 2026.3.24.
Config was last written by a newer OpenClaw (2026.6.8); current version is 2026.3.24.
Config was last written by a newer OpenClaw (2026.6.8); current version is 2026.3.24.
Config was last written by a newer OpenClaw (2026.6.8); current version is 2026.3.24.
Config was last written by a newer OpenClaw (2026.6.8); current version is 2026.3.24.
Config was last written by a newer OpenClaw (2026.6.8); current version is 2026.3.24.
Config was last written by a newer OpenClaw (2026.6.8); current version is 2026.3.24.
Config was last written by a newer OpenClaw (2026.6.8); current version is 2026.3.24.
Config was last written by a newer OpenClaw (2026.6.8); current version is 2026.3.24.
Config was last written by a newer OpenClaw (2026.6.8); current version is 2026.3.24.
Config was last written by a newer OpenClaw (2026.6.8); current version is 2026.3.24.
Config was last written by a newer OpenClaw (2026.6.8); current version is 2026.3.24.
Config was last written by a newer OpenClaw (2026.6.8); current version is 2026.3.24.
Config was last written by a newer OpenClaw (2026.6.8); current version is 2026.3.24.
Config was last written by a newer OpenClaw (2026.6.8); current version is 2026.3.24.
Config was last written by a newer OpenClaw (2026.6.8); current version is 2026.3.24.
Config was last written by a newer OpenClaw (2026.6.8); current version is 2026.3.24.
Config was last written by a newer OpenClaw (2026.6.8); current version is 2026.3.24.
Config was last written by a newer OpenClaw (2026.6.8); current version is 2026.3.24.
Config was last written by a newer OpenClaw (2026.6.8); current version is 2026.3.24.
Config was last written by a newer OpenClaw (2026.6.8); current version is 2026.3.24.
Config was last written by a newer OpenClaw (2026.6.8); current version is 2026.3.24.
Config was last written by a newer OpenClaw (2026.6.8); current version is 2026.3.24.
Config was last written by a newer OpenClaw (2026.6.8); current version is 2026.3.24.
Config was last written by a newer OpenClaw (2026.6.8); current version is 2026.3.24.
Config was last written by a newer OpenClaw (2026.6.8); current version is 2026.3.24.
Config was last written by a newer OpenClaw (2026.6.8); current version is 2026.3.24.
Config was last written by a newer OpenClaw (2026.6.8); current version is 2026.3.24.
Config was last written by a newer OpenClaw (2026.6.8); current version is 2026.3.24.
Config was last written by a newer OpenClaw (2026.6.8); current version is 2026.3.24.
Config was last written by a newer OpenClaw (2026.6.8); current version is 2026.3.24.
Config was last written by a newer OpenClaw (2026.6.8); current version is 2026.3.24.
Config was last written by a newer OpenClaw (2026.6.8); current version is 2026.3.24.
Config was last written by a newer OpenClaw (2026.6.8); current version is 2026.3.24.
Config was last written by a newer OpenClaw (2026.6.8); current version is 2026.3.24.
Config was last written by a newer OpenClaw (2026.6.8); current version is 2026.3.24.
Config was last written by a newer OpenClaw (2026.6.8); current version is 2026.3.24.
Config was last written by a newer OpenClaw (2026.6.8); current version is 2026.3.24.
Config was last written by a newer OpenClaw (2026.6.8); current version is 2026.3.24.
Config was last written by a newer OpenClaw (2026.6.8); current version is 2026.3.24.
Config was last written by a newer OpenClaw (2026.6.8); current version is 2026.3.24.
Config was last written by a newer OpenClaw (2026.6.8); current version is 2026.3.24.
Config was last written by a newer OpenClaw (2026.6.8); current version is 2026.3.24.
Config was last written by a newer OpenClaw (2026.6.8); current version is 2026.3.24.
Config was last written by a newer OpenClaw (2026.6.8); current version is 2026.3.24.
Config was last written by a newer OpenClaw (2026.6.8); current version is 2026.3.24.
Config was last written by a newer OpenClaw (2026.6.8); current version is 2026.3.24.
Config was last written by a newer OpenClaw (2026.6.8); current version is 2026.3.24.
Config was last written by a newer OpenClaw (2026.6.8); current version is 2026.3.24.
Config was last written by a newer OpenClaw (2026.6.8); current version is 2026.3.24.
Config was last written by a newer OpenClaw (2026.6.8); current version is 2026.3.24.
Config was last written by a newer OpenClaw (2026.6.8); current version is 2026.3.24.
Config was last written by a newer OpenClaw (2026.6.8); current version is 2026.3.24.
Config was last written by a newer OpenClaw (2026.6.8); current version is 2026.3.24.
Config was last written by a newer OpenClaw (2026.6.8); current version is 2026.3.24.
Config was last written by a newer OpenClaw (2026.6.8); current version is 2026.3.24.
Config was last written by a newer OpenClaw (2026.6.8); current version is 2026.3.24.
Config was last written by a newer OpenClaw (2026.6.8); current version is 2026.3.24.
Config was last written by a newer OpenClaw (2026.6.8); current version is 2026.3.24.
Config was last written by a newer OpenClaw (2026.6.8); current version is 2026.3.24.
Config was last written by a newer OpenClaw (2026.6.8); current version is 2026.3.24.
Config was last written by a newer OpenClaw (2026.6.8); current version is 2026.3.24.
Config was last written by a newer OpenClaw (2026.6.8); current version is 2026.3.24.
Config was last written by a newer OpenClaw (2026.6.8); current version is 2026.3.24.
Config was last written by a newer OpenClaw (2026.6.8); current version is 2026.3.24.
Config was last written by a newer OpenClaw (2026.6.8); current version is 2026.3.24.
Config was last written by a newer OpenClaw (2026.6.8); current version is 2026.3.24.
Config was last written by a newer OpenClaw (2026.6.8); current version is 2026.3.24.
Config was last written by a newer OpenClaw (2026.6.8); current version is 2026.3.24.
Config was last written by a newer OpenClaw (2026.6.8); current version is 2026.3.24.
Config was last written by a newer OpenClaw (2026.6.8); current version is 2026.3.24.
Config was last written by a newer OpenClaw (2026.6.8); current version is 2026.3.24.
Config was last written by a newer OpenClaw (2026.6.8); current version is 2026.3.24.
Config was last written by a newer OpenClaw (2026.6.8); current version is 2026.3.24.
Config was last written by a newer OpenClaw (2026.6.8); current version is 2026.3.24.
Config was last written by a newer OpenClaw (2026.6.8); current version is 2026.3.24.
Config was last written by a newer OpenClaw (2026.6.8); current version is 2026.3.24.
Config was last written by a newer OpenClaw (2026.6.8); current version is 2026.3.24.
Config was last written by a newer OpenClaw (2026.6.8); current version is 2026.3.24.
Config was last written by a newer OpenClaw (2026.6.8); current version is 2026.3.24.
Config was last written by a newer OpenClaw (2026.6.8); current version is 2026.3.24.
Config was last written by a newer OpenClaw (2026.6.8); current version is 2026.3.24.
Config was last written by a newer OpenClaw (2026.6.8); current version is 2026.3.24.
Config was last written by a newer OpenClaw (2026.6.8); current version is 2026.3.24.
Config was last written by a newer OpenClaw (2026.6.8); current version is 2026.3.24.
Config was last written by a newer OpenClaw (2026.6.8); current version is 2026.3.24.
Config was last written by a newer OpenClaw (2026.6.8); current version is 2026.3.24.
Config was last written by a newer OpenClaw (2026.6.8); current version is 2026.3.24.
Config was last written by a newer OpenClaw (2026.6.8); current version is 2026.3.24.
Config was last written by a newer OpenClaw (2026.6.8); current version is 2026.3.24.
Config was last written by a newer OpenClaw (2026.6.8); current version is 2026.3.24.
Config was last written by a newer OpenClaw (2026.6.8); current version is 2026.3.24.
Config was last written by a newer OpenClaw (2026.6.8); current version is 2026.3.24.
Config was last written by a newer OpenClaw (2026.6.8); current version is 2026.3.24.
Config was last written by a newer OpenClaw (2026.6.8); current version is 2026.3.24.
Config was last written by a newer OpenClaw (2026.6.8); current version is 2026.3.24.
Config was last written by a newer OpenClaw (2026.6.8); current version is 2026.3.24.
Config was last written by a newer OpenClaw (2026.6.8); current version is 2026.3.24.
Config was last written by a newer OpenClaw (2026.6.8); current version is 2026.3.24.
Config was last written by a newer OpenClaw (2026.6.8); current version is 2026.3.24.
Config was last written by a newer OpenClaw (2026.6.8); current version is 2026.3.24.
Config was last written by a newer OpenClaw (2026.6.8); current version is 2026.3.24.
Config was last written by a newer OpenClaw (2026.6.8); current version is 2026.3.24.
Config was last written by a newer OpenClaw (2026.6.8); current version is 2026.3.24.
Config was last written by a newer OpenClaw (2026.6.8); current version is 2026.3.24.
Config was last written by a newer OpenClaw (2026.6.8); current version is 2026.3.24.
Config was last written by a newer OpenClaw (2026.6.8); current version is 2026.3.24.
Config was last written by a newer OpenClaw (2026.6.8); current version is 2026.3.24.
Config was last written by a newer OpenClaw (2026.6.8); current version is 2026.3.24.
Config was last written by a newer OpenClaw (2026.6.8); current version is 2026.3.24.
Config was last written by a newer OpenClaw (2026.6.8); current version is 2026.3.24.
Config was last written by a newer OpenClaw (2026.6.8); current version is 2026.3.24.
Config was last written by a newer OpenClaw (2026.6.8); current version is 2026.3.24.
Config was last written by a newer OpenClaw (2026.6.8); current version is 2026.3.24.
Config was last written by a newer OpenClaw (2026.6.8); current version is 2026.3.24.
Config was last written by a newer OpenClaw (2026.6.8); current version is 2026.3.24.
Config was last written by a newer OpenClaw (2026.6.8); current version is 2026.3.24.
Config was last written by a newer OpenClaw (2026.6.8); current version is 2026.3.24.
Config was last written by a newer OpenClaw (2026.6.8); current version is 2026.3.24.
Config was last written by a newer OpenClaw (2026.6.8); current version is 2026.3.24.
Config was last written by a newer OpenClaw (2026.6.8); current version is 2026.3.24.
Config was last written by a newer OpenClaw (2026.6.8); current version is 2026.3.24.
Config was last written by a newer OpenClaw (2026.6.8); current version is 2026.3.24.
Config was last written by a newer OpenClaw (2026.6.8); current version is 2026.3.24.
Config was last written by a newer OpenClaw (2026.6.8); current version is 2026.3.24.
Config was last written by a newer OpenClaw (2026.6.8); current version is 2026.3.24.
Config was last written by a newer OpenClaw (2026.6.8); current version is 2026.3.24.
Config was last written by a newer OpenClaw (2026.6.8); current version is 2026.3.24.
Config was last written by a newer OpenClaw (2026.6.8); current version is 2026.3.24.
Config was last written by a newer OpenClaw (2026.6.8); current version is 2026.3.24.
Config was last written by a newer OpenClaw (2026.6.8); current version is 2026.3.24.
Config was last written by a newer OpenClaw (2026.6.8); current version is 2026.3.24.
Config was last written by a newer OpenClaw (2026.6.8); current version is 2026.3.24.
Config was last written by a newer OpenClaw (2026.6.8); current version is 2026.3.24.
Config was last written by a newer OpenClaw (2026.6.8); current version is 2026.3.24.
Config was last written by a newer OpenClaw (2026.6.8); current version is 2026.3.24.
Config was last written by a newer OpenClaw (2026.6.8); current version is 2026.3.24.
Config was last written by a newer OpenClaw (2026.6.8); current version is 2026.3.24.
Config was last written by a newer OpenClaw (2026.6.8); current version is 2026.3.24.
Config was last written by a newer OpenClaw (2026.6.8); current version is 2026.3.24.
Config was last written by a newer OpenClaw (2026.6.8); current version is 2026.3.24.
Config was last written by a newer OpenClaw (2026.6.8); current version is 2026.3.24.
Config was last written by a newer OpenClaw (2026.6.8); current version is 2026.3.24.
Config was last written by a newer OpenClaw (2026.6.8); current version is 2026.3.24.
Config was last written by a newer OpenClaw (2026.6.8); current version is 2026.3.24.
Config was last written by a newer OpenClaw (2026.6.8); current version is 2026.3.24.
Config was last written by a newer OpenClaw (2026.6.8); current version is 2026.3.24.
Config was last written by a newer OpenClaw (2026.6.8); current version is 2026.3.24.
Config was last written by a newer OpenClaw (2026.6.8); current version is 2026.3.24.
Config was last written by a newer OpenClaw (2026.6.8); current version is 2026.3.24.
Config was last written by a newer OpenClaw (2026.6.8); current version is 2026.3.24.
Config was last written by a newer OpenClaw (2026.6.8); current version is 2026.3.24.
Config was last written by a newer OpenClaw (2026.6.8); current version is 2026.3.24.
Config was last written by a newer OpenClaw (2026.6.8); current version is 2026.3.24.
Config was last written by a newer OpenClaw (2026.6.8); current version is 2026.3.24.
Config was last written by a newer OpenClaw (2026.6.8); current version is 2026.3.24.
Config was last written by a newer OpenClaw (2026.6.8); current version is 2026.3.24.
Config was last written by a newer OpenClaw (2026.6.8); current version is 2026.3.24.
Config was last written by a newer OpenClaw (2026.6.8); current version is 2026.3.24.
Config was last written by a newer OpenClaw (2026.6.8); current version is 2026.3.24.
Config was last written by a newer OpenClaw (2026.6.8); current version is 2026.3.24.
Config was last written by a newer OpenClaw (2026.6.8); current version is 2026.3.24.
Config was last written by a newer OpenClaw (2026.6.8); current version is 2026.3.24.
Config was last written by a newer OpenClaw (2026.6.8); current version is 2026.3.24.
Config was last written by a newer OpenClaw (2026.6.8); current version is 2026.3.24.
Config was last written by a newer OpenClaw (2026.6.8); current version is 2026.3.24.
Config was last written by a newer OpenClaw (2026.6.8); current version is 2026.3.24.
Config was last written by a newer OpenClaw (2026.6.8); current version is 2026.3.24.
Config was last written by a newer OpenClaw (2026.6.8); current version is 2026.3.24.
Config was last written by a newer OpenClaw (2026.6.8); current version is 2026.3.24.
Config was last written by a newer OpenClaw (2026.6.8); current version is 2026.3.24.
Config was last written by a newer OpenClaw (2026.6.8); current version is 2026.3.24.
Config was last written by a newer OpenClaw (2026.6.8); current version is 2026.3.24.
Config was last written by a newer OpenClaw (2026.6.8); current version is 2026.3.24.
Config was last written by a newer OpenClaw (2026.6.8); current version is 2026.3.24.
Config was last written by a newer OpenClaw (2026.6.8); current version is 2026.3.24.
Config was last written by a newer OpenClaw (2026.6.8); current version is 2026.3.24.
Config was last written by a newer OpenClaw (2026.6.8); current version is 2026.3.24.
Config was last written by a newer OpenClaw (2026.6.8); current version is 2026.3.24.
Config was last written by a newer OpenClaw (2026.6.8); current version is 2026.3.24.
Config was last written by a newer OpenClaw (2026.6.8); current version is 2026.3.24.
Config was last written by a newer OpenClaw (2026.6.8); current version is 2026.3.24.
Config was last written by a newer OpenClaw (2026.6.8); current version is 2026.3.24.
Config was last written by a newer OpenClaw (2026.6.8); current version is 2026.3.24.
Config was last written by a newer OpenClaw (2026.6.8); current version is 2026.3.24.
Config was last written by a newer OpenClaw (2026.6.8); current version is 2026.3.24.
Config was last written by a newer OpenClaw (2026.6.8); current version is 2026.3.24.
Config was last written by a newer OpenClaw (2026.6.8); current version is 2026.3.24.
Config was last written by a newer OpenClaw (2026.6.8); current version is 2026.3.24.
Config was last written by a newer OpenClaw (2026.6.8); current version is 2026.3.24.
Config was last written by a newer OpenClaw (2026.6.8); current version is 2026.3.24.
Config was last written by a newer OpenClaw (2026.6.8); current version is 2026.3.24.
Config was last written by a newer OpenClaw (2026.6.8); current version is 2026.3.24.
Config was last written by a newer OpenClaw (2026.6.8); current version is 2026.3.24.
Config was last written by a newer OpenClaw (2026.6.8); current version is 2026.3.24.
Config was last written by a newer OpenClaw (2026.6.8); current version is 2026.3.24.
Config was last written by a newer OpenClaw (2026.6.8); current version is 2026.3.24.
Config was last written by a newer OpenClaw (2026.6.8); current version is 2026.3.24.
Config was last written by a newer OpenClaw (2026.6.8); current version is 2026.3.24.
Config was last written by a newer OpenClaw (2026.6.8); current version is 2026.3.24.
Config was last written by a newer OpenClaw (2026.6.8); current version is 2026.3.24.
Config was last written by a newer OpenClaw (2026.6.8); current version is 2026.3.24.
Config was last written by a newer OpenClaw (2026.6.8); current version is 2026.3.24.
Config was last written by a newer OpenClaw (2026.6.8); current version is 2026.3.24.
Config was last written by a newer OpenClaw (2026.6.8); current version is 2026.3.24.
Config was last written by a newer OpenClaw (2026.6.8); current version is 2026.3.24.
Config was last written by a newer OpenClaw (2026.6.8); current version is 2026.3.24.
Config was last written by a newer OpenClaw (2026.6.8); current version is 2026.3.24.
Config was last written by a newer OpenClaw (2026.6.8); current version is 2026.3.24.
Config was last written by a newer OpenClaw (2026.6.8); current version is 2026.3.24.
Config was last written by a newer OpenClaw (2026.6.8); current version is 2026.3.24.
Config was last written by a newer OpenClaw (2026.6.8); current version is 2026.3.24.
Config was last written by a newer OpenClaw (2026.6.8); current version is 2026.3.24.
Config was last written by a newer OpenClaw (2026.6.8); current version is 2026.3.24.
Config was last written by a newer OpenClaw (2026.6.8); current version is 2026.3.24.
Config was last written by a newer OpenClaw (2026.6.8); current version is 2026.3.24.
Config was last written by a newer OpenClaw (2026.6.8); current version is 2026.3.24.
Config was last written by a newer OpenClaw (2026.6.8); current version is 2026.3.24.
Config was last written by a newer OpenClaw (2026.6.8); current version is 2026.3.24.
Config was last written by a newer OpenClaw (2026.6.8); current version is 2026.3.24.
Config was last written by a newer OpenClaw (2026.6.8); current version is 2026.3.24.
Config was last written by a newer OpenClaw (2026.6.8); current version is 2026.3.24.
Config was last written by a newer OpenClaw (2026.6.8); current version is 2026.3.24.
Config was last written by a newer OpenClaw (2026.6.8); current version is 2026.3.24.
Config was last written by a newer OpenClaw (2026.6.8); current version is 2026.3.24.
Config was last written by a newer OpenClaw (2026.6.8); current version is 2026.3.24.
Config was last written by a newer OpenClaw (2026.6.8); current version is 2026.3.24.
Config was last written by a newer OpenClaw (2026.6.8); current version is 2026.3.24.
Config was last written by a newer OpenClaw (2026.6.8); current version is 2026.3.24.
Config was last written by a newer OpenClaw (2026.6.8); current version is 2026.3.24.
Config was last written by a newer OpenClaw (2026.6.8); current version is 2026.3.24.
Config was last written by a newer OpenClaw (2026.6.8); current version is 2026.3.24.
Config was last written by a newer OpenClaw (2026.6.8); current version is 2026.3.24.
Config was last written by a newer OpenClaw (2026.6.8); current version is 2026.3.24.
Config was last written by a newer OpenClaw (2026.6.8); current version is 2026.3.24.
Config was last written by a newer OpenClaw (2026.6.8); current version is 2026.3.24.
Config was last written by a newer OpenClaw (2026.6.8); current version is 2026.3.24.
Config was last written by a newer OpenClaw (2026.6.8); current version is 2026.3.24.
Config was last written by a newer OpenClaw (2026.6.8); current version is 2026.3.24.
Config was last written by a newer OpenClaw (2026.6.8); current version is 2026.3.24.
Config was last written by a newer OpenClaw (2026.6.8); current version is 2026.3.24.
Config was last written by a newer OpenClaw (2026.6.8); current version is 2026.3.24.
Config was last written by a newer OpenClaw (2026.6.8); current version is 2026.3.24.
Config was last written by a newer OpenClaw (2026.6.8); current version is 2026.3.24.
Config was last written by a newer OpenClaw (2026.6.8); current version is 2026.3.24.
Config was last written by a newer OpenClaw (2026.6.8); current version is 2026.3.24.
Config was last written by a newer OpenClaw (2026.6.8); current version is 2026.3.24.
Config was last written by a newer OpenClaw (2026.6.8); current version is 2026.3.24.
Config was last written by a newer OpenClaw (2026.6.8); current version is 2026.3.24.
Config was last written by a newer OpenClaw (2026.6.8); current version is 2026.3.24.
Config was last written by a newer OpenClaw (2026.6.8); current version is 2026.3.24.
Config was last written by a newer OpenClaw (2026.6.8); current version is 2026.3.24.
Config was last written by a newer OpenClaw (2026.6.8); current version is 2026.3.24.
Config was last written by a newer OpenClaw (2026.6.8); current version is 2026.3.24.
Config was last written by a newer OpenClaw (2026.6.8); current version is 2026.3.24.
Config was last written by a newer OpenClaw (2026.6.8); current version is 2026.3.24.
Config was last written by a newer OpenClaw (2026.6.8); current version is 2026.3.24.
Config was last written by a newer OpenClaw (2026.6.8); current version is 2026.3.24.
Config was last written by a newer OpenClaw (2026.6.8); current version is 2026.3.24.
Config was last written by a newer OpenClaw (2026.6.8); current version is 2026.3.24.
Config was last written by a newer OpenClaw (2026.6.8); current version is 2026.3.24.
Config was last written by a newer OpenClaw (2026.6.8); current version is 2026.3.24.
Config was last written by a newer OpenClaw (2026.6.8); current version is 2026.3.24.
Config was last written by a newer OpenClaw (2026.6.8); current version is 2026.3.24.
Config was last written by a newer OpenClaw (2026.6.8); current version is 2026.3.24.
Config was last written by a newer OpenClaw (2026.6.8); current version is 2026.3.24.
Config was last written by a newer OpenClaw (2026.6.8); current version is 2026.3.24.
Config was last written by a newer OpenClaw (2026.6.8); current version is 2026.3.24.
Config was last written by a newer OpenClaw (2026.6.8); current version is 2026.3.24.
Config was last written by a newer OpenClaw (2026.6.8); current version is 2026.3.24.
Config was last written by a newer OpenClaw (2026.6.8); current version is 2026.3.24.
Config was last written by a newer OpenClaw (2026.6.8); current version is 2026.3.24.
Config was last written by a newer OpenClaw (2026.6.8); current version is 2026.3.24.
Config was last written by a newer OpenClaw (2026.6.8); current version is 2026.3.24.
Config was last written by a newer OpenClaw (2026.6.8); current version is 2026.3.24.
Config was last written by a newer OpenClaw (2026.6.8); current version is 2026.3.24.
Config was last written by a newer OpenClaw (2026.6.8); current version is 2026.3.24.
Config was last written by a newer OpenClaw (2026.6.8); current version is 2026.3.24.
Config was last written by a newer OpenClaw (2026.6.8); current version is 2026.3.24.
Config was last written by a newer OpenClaw (2026.6.8); current version is 2026.3.24.
Config was last written by a newer OpenClaw (2026.6.8); current version is 2026.3.24.
Config was last written by a newer OpenClaw (2026.6.8); current version is 2026.3.24.
Config was last written by a newer OpenClaw (2026.6.8); current version is 2026.3.24.
Config was last written by a newer OpenClaw (2026.6.8); current version is 2026.3.24.
Config was last written by a newer OpenClaw (2026.6.8); current version is 2026.3.24.
Config was last written by a newer OpenClaw (2026.6.8); current version is 2026.3.24.
Config was last written by a newer OpenClaw (2026.6.8); current version is 2026.3.24.
Config was last written by a newer OpenClaw (2026.6.8); current version is 2026.3.24.
Config was last written by a newer OpenClaw (2026.6.8); current version is 2026.3.24.
Config was last written by a newer OpenClaw (2026.6.8); current version is 2026.3.24.
Config was last written by a newer OpenClaw (2026.6.8); current version is 2026.3.24.
Config was last written by a newer OpenClaw (2026.6.8); current version is 2026.3.24.
Config was last written by a newer OpenClaw (2026.6.8); current version is 2026.3.24.
Config was last written by a newer OpenClaw (2026.6.8); current version is 2026.3.24.
Config was last written by a newer OpenClaw (2026.6.8); current version is 2026.3.24.
Config was last written by a newer OpenClaw (2026.6.8); current version is 2026.3.24.
Config was last written by a newer OpenClaw (2026.6.8); current version is 2026.3.24.
Config was last written by a newer OpenClaw (2026.6.8); current version is 2026.3.24.
Config was last written by a newer OpenClaw (2026.6.8); current version is 2026.3.24.
Config was last written by a newer OpenClaw (2026.6.8); current version is 2026.3.24.
Config was last written by a newer OpenClaw (2026.6.8); current version is 2026.3.24.
Config was last written by a newer OpenClaw (2026.6.8); current version is 2026.3.24.
Config was last written by a newer OpenClaw (2026.6.8); current version is 2026.3.24.
Config was last written by a newer OpenClaw (2026.6.8); current version is 2026.3.24.
Config was last written by a newer OpenClaw (2026.6.8); current version is 2026.3.24.
Config was last written by a newer OpenClaw (2026.6.8); current version is 2026.3.24.
Config was last written by a newer OpenClaw (2026.6.8); current version is 2026.3.24.
Config was last written by a newer OpenClaw (2026.6.8); current version is 2026.3.24.
Config was last written by a newer OpenClaw (2026.6.8); current version is 2026.3.24.
Config was last written by a newer OpenClaw (2026.6.8); current version is 2026.3.24.
Config was last written by a newer OpenClaw (2026.6.8); current version is 2026.3.24.
Config was last written by a newer OpenClaw (2026.6.8); current version is 2026.3.24.
Config was last written by a newer OpenClaw (2026.6.8); current version is 2026.3.24.
Config was last written by a newer OpenClaw (2026.6.8); current version is 2026.3.24.
Config was last written by a newer OpenClaw (2026.6.8); current version is 2026.3.24.
Config was last written by a newer OpenClaw (2026.6.8); current version is 2026.3.24.
Config was last written by a newer OpenClaw (2026.6.8); current version is 2026.3.24.
Config was last written by a newer OpenClaw (2026.6.8); current version is 2026.3.24.
Config was last written by a newer OpenClaw (2026.6.8); current version is 2026.3.24.
Config was last written by a newer OpenClaw (2026.6.8); current version is 2026.3.24.
Config was last written by a newer OpenClaw (2026.6.8); current version is 2026.3.24.
Config was last written by a newer OpenClaw (2026.6.8); current version is 2026.3.24.
Config was last written by a newer OpenClaw (2026.6.8); current version is 2026.3.24.
Config was last written by a newer OpenClaw (2026.6.8); current version is 2026.3.24.
Config was last written by a newer OpenClaw (2026.6.8); current version is 2026.3.24.
Config was last written by a newer OpenClaw (2026.6.8); current version is 2026.3.24.
Config was last written by a newer OpenClaw (2026.6.8); current version is 2026.3.24.
Config was last written by a newer OpenClaw (2026.6.8); current version is 2026.3.24.
Config was last written by a newer OpenClaw (2026.6.8); current version is 2026.3.24.
Config was last written by a newer OpenClaw (2026.6.8); current version is 2026.3.24.
Config was last written by a newer OpenClaw (2026.6.8); current version is 2026.3.24.
Config was last written by a newer OpenClaw (2026.6.8); current version is 2026.3.24.
Config was last written by a newer OpenClaw (2026.6.8); current version is 2026.3.24.
Config was last written by a newer OpenClaw (2026.6.8); current version is 2026.3.24.
Config was last written by a newer OpenClaw (2026.6.8); current version is 2026.3.24.
Config was last written by a newer OpenClaw (2026.6.8); current version is 2026.3.24.
Config was last written by a newer OpenClaw (2026.6.8); current version is 2026.3.24.
Config was last written by a newer OpenClaw (2026.6.8); current version is 2026.3.24.
Config was last written by a newer OpenClaw (2026.6.8); current version is 2026.3.24.
Config was last written by a newer OpenClaw (2026.6.8); current version is 2026.3.24.
Config was last written by a newer OpenClaw (2026.6.8); current version is 2026.3.24.
Config was last written by a newer OpenClaw (2026.6.8); current version is 2026.3.24.
Config was last written by a newer OpenClaw (2026.6.8); current version is 2026.3.24.
Config was last written by a newer OpenClaw (2026.6.8); current version is 2026.3.24.
Config was last written by a newer OpenClaw (2026.6.8); current version is 2026.3.24.
Config was last written by a newer OpenClaw (2026.6.8); current version is 2026.3.24.
Config was last written by a newer OpenClaw (2026.6.8); current version is 2026.3.24.
Config was last written by a newer OpenClaw (2026.6.8); current version is 2026.3.24.
Config was last written by a newer OpenClaw (2026.6.8); current version is 2026.3.24.
Config was last written by a newer OpenClaw (2026.6.8); current version is 2026.3.24.
Config was last written by a newer OpenClaw (2026.6.8); current version is 2026.3.24.
Config was last written by a newer OpenClaw (2026.6.8); current version is 2026.3.24.
Config was last written by a newer OpenClaw (2026.6.8); current version is 2026.3.24.
Config was last written by a newer OpenClaw (2026.6.8); current version is 2026.3.24.
Config was last written by a newer OpenClaw (2026.6.8); current version is 2026.3.24.
Config was last written by a newer OpenClaw (2026.6.8); current version is 2026.3.24.
Config was last written by a newer OpenClaw (2026.6.8); current version is 2026.3.24.
Config was last written by a newer OpenClaw (2026.6.8); current version is 2026.3.24.
Config was last written by a newer OpenClaw (2026.6.8); current version is 2026.3.24.
Config was last written by a newer OpenClaw (2026.6.8); current version is 2026.3.24.
Config was last written by a newer OpenClaw (2026.6.8); current version is 2026.3.24.
Config was last written by a newer OpenClaw (2026.6.8); current version is 2026.3.24.
Config was last written by a newer OpenClaw (2026.6.8); current version is 2026.3.24.
Config was last written by a newer OpenClaw (2026.6.8); current version is 2026.3.24.
Config was last written by a newer OpenClaw (2026.6.8); current version is 2026.3.24.
Config was last written by a newer OpenClaw (2026.6.8); current version is 2026.3.24.
Config was last written by a newer OpenClaw (2026.6.8); current version is 2026.3.24.
Config was last written by a newer OpenClaw (2026.6.8); current version is 2026.3.24.
Config was last written by a newer OpenClaw (2026.6.8); current version is 2026.3.24.
Config was last written by a newer OpenClaw (2026.6.8); current version is 2026.3.24.
Config was last written by a newer OpenClaw (2026.6.8); current version is 2026.3.24.
Config was last written by a newer OpenClaw (2026.6.8); current version is 2026.3.24.
Config was last written by a newer OpenClaw (2026.6.8); current version is 2026.3.24.
Config was last written by a newer OpenClaw (2026.6.8); current version is 2026.3.24.
Config was last written by a newer OpenClaw (2026.6.8); current version is 2026.3.24.
Config was last written by a newer OpenClaw (2026.6.8); current version is 2026.3.24.
Config was last written by a newer OpenClaw (2026.6.8); current version is 2026.3.24.
Config was last written by a newer OpenClaw (2026.6.8); current version is 2026.3.24.
Config was last written by a newer OpenClaw (2026.6.8); current version is 2026.3.24.
Config was last written by a newer OpenClaw (2026.6.8); current version is 2026.3.24.
Config was last written by a newer OpenClaw (2026.6.8); current version is 2026.3.24.
Config was last written by a newer OpenClaw (2026.6.8); current version is 2026.3.24.
Config was last written by a newer OpenClaw (2026.6.8); current version is 2026.3.24.
Config was last written by a newer OpenClaw (2026.6.8); current version is 2026.3.24.
Config was last written by a newer OpenClaw (2026.6.8); current version is 2026.3.24.
Config was last written by a newer OpenClaw (2026.6.8); current version is 2026.3.24.
Config was last written by a newer OpenClaw (2026.6.8); current version is 2026.3.24.
Config was last written by a newer OpenClaw (2026.6.8); current version is 2026.3.24.
Config was last written by a newer OpenClaw (2026.6.8); current version is 2026.3.24.
Config was last written by a newer OpenClaw (2026.6.8); current version is 2026.3.24.
Config was last written by a newer OpenClaw (2026.6.8); current version is 2026.3.24.
Config was last written by a newer OpenClaw (2026.6.8); current version is 2026.3.24.
Config was last written by a newer OpenClaw (2026.6.8); current version is 2026.3.24.
Config was last written by a newer OpenClaw (2026.6.8); current version is 2026.3.24.
Config was last written by a newer OpenClaw (2026.6.8); current version is 2026.3.24.
Config was last written by a newer OpenClaw (2026.6.8); current version is 2026.3.24.
Config was last written by a newer OpenClaw (2026.6.8); current version is 2026.3.24.
Config was last written by a newer OpenClaw (2026.6.8); current version is 2026.3.24.
Config was last written by a newer OpenClaw (2026.6.8); current version is 2026.3.24.
Config was last written by a newer OpenClaw (2026.6.8); current version is 2026.3.24.
Config was last written by a newer OpenClaw (2026.6.8); current version is 2026.3.24.
Config was last written by a newer OpenClaw (2026.6.8); current version is 2026.3.24.
Config was last written by a newer OpenClaw (2026.6.8); current version is 2026.3.24.
Config was last written by a newer OpenClaw (2026.6.8); current version is 2026.3.24.
Config was last written by a newer OpenClaw (2026.6.8); current version is 2026.3.24.
Config was last written by a newer OpenClaw (2026.6.8); current version is 2026.3.24.
Config was last written by a newer OpenClaw (2026.6.8); current version is 2026.3.24.
Config was last written by a newer OpenClaw (2026.6.8); current version is 2026.3.24.
Config was last written by a newer OpenClaw (2026.6.8); current version is 2026.3.24.
Config was last written by a newer OpenClaw (2026.6.8); current version is 2026.3.24.
Config was last written by a newer OpenClaw (2026.6.8); current version is 2026.3.24.
Config was last written by a newer OpenClaw (2026.6.8); current version is 2026.3.24.
Config was last written by a newer OpenClaw (2026.6.8); current version is 2026.3.24.
Config was last written by a newer OpenClaw (2026.6.8); current version is 2026.3.24.
Config was last written by a newer OpenClaw (2026.6.8); current version is 2026.3.24.
Config was last written by a newer OpenClaw (2026.6.8); current version is 2026.3.24.
Config was last written by a newer OpenClaw (2026.6.8); current version is 2026.3.24.
Config was last written by a newer OpenClaw (2026.6.8); current version is 2026.3.24.
Config was last written by a newer OpenClaw (2026.6.8); current version is 2026.3.24.
Config was last written by a newer OpenClaw (2026.6.8); current version is 2026.3.24.
Config was last written by a newer OpenClaw (2026.6.8); current version is 2026.3.24.
Config was last written by a newer OpenClaw (2026.6.8); current version is 2026.3.24.
Config was last written by a newer OpenClaw (2026.6.8); current version is 2026.3.24.
Config was last written by a newer OpenClaw (2026.6.8); current version is 2026.3.24.
Config was last written by a newer OpenClaw (2026.6.8); current version is 2026.3.24.
Config was last written by a newer OpenClaw (2026.6.8); current version is 2026.3.24.
Config was last written by a newer OpenClaw (2026.6.8); current version is 2026.3.24.
Config was last written by a newer OpenClaw (2026.6.8); current version is 2026.3.24.
Config was last written by a newer OpenClaw (2026.6.8); current version is 2026.3.24.
Config was last written by a newer OpenClaw (2026.6.8); current version is 2026.3.24.
Config was last written by a newer OpenClaw (2026.6.8); current version is 2026.3.24.
Config was last written by a newer OpenClaw (2026.6.8); current version is 2026.3.24.
Config was last written by a newer OpenClaw (2026.6.8); current version is 2026.3.24.
Config was last written by a newer OpenClaw (2026.6.8); current version is 2026.3.24.
Config was last written by a newer OpenClaw (2026.6.8); current version is 2026.3.24.
Config was last written by a newer OpenClaw (2026.6.8); current version is 2026.3.24.
Config was last written by a newer OpenClaw (2026.6.8); current version is 2026.3.24.
Config was last written by a newer OpenClaw (2026.6.8); current version is 2026.3.24.
Config was last written by a newer OpenClaw (2026.6.8); current version is 2026.3.24.
Config was last written by a newer OpenClaw (2026.6.8); current version is 2026.3.24.
Config was last written by a newer OpenClaw (2026.6.8); current version is 2026.3.24.
Config was last written by a newer OpenClaw (2026.6.8); current version is 2026.3.24.
Config was last written by a newer OpenClaw (2026.6.8); current version is 2026.3.24.
Config was last written by a newer OpenClaw (2026.6.8); current version is 2026.3.24.
Config was last written by a newer OpenClaw (2026.6.8); current version is 2026.3.24.
Config was last written by a newer OpenClaw (2026.6.8); current version is 2026.3.24.
Config was last written by a newer OpenClaw (2026.6.8); current version is 2026.3.24.
Config was last written by a newer OpenClaw (2026.6.8); current version is 2026.3.24.
Config was last written by a newer OpenClaw (2026.6.8); current version is 2026.3.24.
Config was last written by a newer OpenClaw (2026.6.8); current version is 2026.3.24.
Config was last written by a newer OpenClaw (2026.6.8); current version is 2026.3.24.
Config was last written by a newer OpenClaw (2026.6.8); current version is 2026.3.24.
Config was last written by a newer OpenClaw (2026.6.8); current version is 2026.3.24.
Config was last written by a newer OpenClaw (2026.6.8); current version is 2026.3.24.
Config was last written by a newer OpenClaw (2026.6.8); current version is 2026.3.24.
Config was last written by a newer OpenClaw (2026.6.8); current version is 2026.3.24.
Config was last written by a newer OpenClaw (2026.6.8); current version is 2026.3.24.
Config was last written by a newer OpenClaw (2026.6.8); current version is 2026.3.24.
Config was last written by a newer OpenClaw (2026.6.8); current version is 2026.3.24.
Config was last written by a newer OpenClaw (2026.6.8); current version is 2026.3.24.
Config was last written by a newer OpenClaw (2026.6.8); current version is 2026.3.24.
Config was last written by a newer OpenClaw (2026.6.8); current version is 2026.3.24.
Config was last written by a newer OpenClaw (2026.6.8); current version is 2026.3.24.
Config was last written by a newer OpenClaw (2026.6.8); current version is 2026.3.24.
Config was last written by a newer OpenClaw (2026.6.8); current version is 2026.3.24.
Config was last written by a newer OpenClaw (2026.6.8); current version is 2026.3.24.
Config was last written by a newer OpenClaw (2026.6.8); current version is 2026.3.24.
Config was last written by a newer OpenClaw (2026.6.8); current version is 2026.3.24.
Config was last written by a newer OpenClaw (2026.6.8); current version is 2026.3.24.
Config was last written by a newer OpenClaw (2026.6.8); current version is 2026.3.24.
Config was last written by a newer OpenClaw (2026.6.8); current version is 2026.3.24.
Config was last written by a newer OpenClaw (2026.6.8); current version is 2026.3.24.
Config was last written by a newer OpenClaw (2026.6.8); current version is 2026.3.24.
Config was last written by a newer OpenClaw (2026.6.8); current version is 2026.3.24.
Config was last written by a newer OpenClaw (2026.6.8); current version is 2026.3.24.
Config was last written by a newer OpenClaw (2026.6.8); current version is 2026.3.24.
Config was last written by a newer OpenClaw (2026.6.8); current version is 2026.3.24.
Config was last written by a newer OpenClaw (2026.6.8); current version is 2026.3.24.
Config was last written by a newer OpenClaw (2026.6.8); current version is 2026.3.24.
Config was last written by a newer OpenClaw (2026.6.8); current version is 2026.3.24.
Config was last written by a newer OpenClaw (2026.6.8); current version is 2026.3.24.
Config was last written by a newer OpenClaw (2026.6.8); current version is 2026.3.24.
Config was last written by a newer OpenClaw (2026.6.8); current version is 2026.3.24.
Config was last written by a newer OpenClaw (2026.6.8); current version is 2026.3.24.
Config was last written by a newer OpenClaw (2026.6.8); current version is 2026.3.24.
Config was last written by a newer OpenClaw (2026.6.8); current version is 2026.3.24.
Config was last written by a newer OpenClaw (2026.6.8); current version is 2026.3.24.
Config was last written by a newer OpenClaw (2026.6.8); current version is 2026.3.24.
Config was last written by a newer OpenClaw (2026.6.8); current version is 2026.3.24.
Config was last written by a newer OpenClaw (2026.6.8); current version is 2026.3.24.
Config was last written by a newer OpenClaw (2026.6.8); current version is 2026.3.24.
Config was last written by a newer OpenClaw (2026.6.8); current version is 2026.3.24.
Config was last written by a newer OpenClaw (2026.6.8); current version is 2026.3.24.
Config was last written by a newer OpenClaw (2026.6.8); current version is 2026.3.24.
Config was last written by a newer OpenClaw (2026.6.8); current version is 2026.3.24.
Config was last written by a newer OpenClaw (2026.6.8); current version is 2026.3.24.
Config was last written by a newer OpenClaw (2026.6.8); current version is 2026.3.24.
Config was last written by a newer OpenClaw (2026.6.8); current version is 2026.3.24.
Config was last written by a newer OpenClaw (2026.6.8); current version is 2026.3.24.
Config was last written by a newer OpenClaw (2026.6.8); current version is 2026.3.24.
Config was last written by a newer OpenClaw (2026.6.8); current version is 2026.3.24.
Config was last written by a newer OpenClaw (2026.6.8); current version is 2026.3.24.
Config was last written by a newer OpenClaw (2026.6.8); current version is 2026.3.24.
Config was last written by a newer OpenClaw (2026.6.8); current version is 2026.3.24.
Config was last written by a newer OpenClaw (2026.6.8); current version is 2026.3.24.
Config was last written by a newer OpenClaw (2026.6.8); current version is 2026.3.24.
Config was last written by a newer OpenClaw (2026.6.8); current version is 2026.3.24.
Config was last written by a newer OpenClaw (2026.6.8); current version is 2026.3.24.
Config was last written by a newer OpenClaw (2026.6.8); current version is 2026.3.24.
Config was last written by a newer OpenClaw (2026.6.8); current version is 2026.3.24.
Config was last written by a newer OpenClaw (2026.6.8); current version is 2026.3.24.
Config was last written by a newer OpenClaw (2026.6.8); current version is 2026.3.24.
Config was last written by a newer OpenClaw (2026.6.8); current version is 2026.3.24.
Config was last written by a newer OpenClaw (2026.6.8); current version is 2026.3.24.
Config was last written by a newer OpenClaw (2026.6.8); current version is 2026.3.24.
Config was last written by a newer OpenClaw (2026.6.8); current version is 2026.3.24.
Config was last written by a newer OpenClaw (2026.6.8); current version is 2026.3.24.
Config was last written by a newer OpenClaw (2026.6.8); current version is 2026.3.24.
Config was last written by a newer OpenClaw (2026.6.8); current version is 2026.3.24.
Config was last written by a newer OpenClaw (2026.6.8); current version is 2026.3.24.
Config was last written by a newer OpenClaw (2026.6.8); current version is 2026.3.24.
Config was last written by a newer OpenClaw (2026.6.8); current version is 2026.3.24.
Config was last written by a newer OpenClaw (2026.6.8); current version is 2026.3.24.
Config was last written by a newer OpenClaw (2026.6.8); current version is 2026.3.24.
Config was last written by a newer OpenClaw (2026.6.8); current version is 2026.3.24.
Config was last written by a newer OpenClaw (2026.6.8); current version is 2026.3.24.
Config was last written by a newer OpenClaw (2026.6.8); current version is 2026.3.24.
Config was last written by a newer OpenClaw (2026.6.8); current version is 2026.3.24.
Config was last written by a newer OpenClaw (2026.6.8); current version is 2026.3.24.
Config was last written by a newer OpenClaw (2026.6.8); current version is 2026.3.24.
Config was last written by a newer OpenClaw (2026.6.8); current version is 2026.3.24.
Config was last written by a newer OpenClaw (2026.6.8); current version is 2026.3.24.
Config was last written by a newer OpenClaw (2026.6.8); current version is 2026.3.24.
Config was last written by a newer OpenClaw (2026.6.8); current version is 2026.3.24.
Config was last written by a newer OpenClaw (2026.6.8); current version is 2026.3.24.
Config was last written by a newer OpenClaw (2026.6.8); current version is 2026.3.24.
Config was last written by a newer OpenClaw (2026.6.8); current version is 2026.3.24.
Config was last written by a newer OpenClaw (2026.6.8); current version is 2026.3.24.
Config was last written by a newer OpenClaw (2026.6.8); current version is 2026.3.24.
Config was last written by a newer OpenClaw (2026.6.8); current version is 2026.3.24.
Config was last written by a newer OpenClaw (2026.6.8); current version is 2026.3.24.
Config was last written by a newer OpenClaw (2026.6.8); current version is 2026.3.24.
Config was last written by a newer OpenClaw (2026.6.8); current version is 2026.3.24.
Config was last written by a newer OpenClaw (2026.6.8); current version is 2026.3.24.
Config was last written by a newer OpenClaw (2026.6.8); current version is 2026.3.24.
Config was last written by a newer OpenClaw (2026.6.8); current version is 2026.3.24.
Config was last written by a newer OpenClaw (2026.6.8); current version is 2026.3.24.
Config was last written by a newer OpenClaw (2026.6.8); current version is 2026.3.24.
Config was last written by a newer OpenClaw (2026.6.8); current version is 2026.3.24.
Config was last written by a newer OpenClaw (2026.6.8); current version is 2026.3.24.
Config was last written by a newer OpenClaw (2026.6.8); current version is 2026.3.24.
Config was last written by a newer OpenClaw (2026.6.8); current version is 2026.3.24.
Config was last written by a newer OpenClaw (2026.6.8); current version is 2026.3.24.
Config was last written by a newer OpenClaw (2026.6.8); current version is 2026.3.24.
Config was last written by a newer OpenClaw (2026.6.8); current version is 2026.3.24.
Config was last written by a newer OpenClaw (2026.6.8); current version is 2026.3.24.
Config was last written by a newer OpenClaw (2026.6.8); current version is 2026.3.24.
Config was last written by a newer OpenClaw (2026.6.8); current version is 2026.3.24.
Config was last written by a newer OpenClaw (2026.6.8); current version is 2026.3.24.
Config was last written by a newer OpenClaw (2026.6.8); current version is 2026.3.24.
Config was last written by a newer OpenClaw (2026.6.8); current version is 2026.3.24.
Config was last written by a newer OpenClaw (2026.6.8); current version is 2026.3.24.
Config was last written by a newer OpenClaw (2026.6.8); current version is 2026.3.24.
Config was last written by a newer OpenClaw (2026.6.8); current version is 2026.3.24.
Config was last written by a newer OpenClaw (2026.6.8); current version is 2026.3.24.
Config was last written by a newer OpenClaw (2026.6.8); current version is 2026.3.24.
Config was last written by a newer OpenClaw (2026.6.8); current version is 2026.3.24.
Config was last written by a newer OpenClaw (2026.6.8); current version is 2026.3.24.
Config was last written by a newer OpenClaw (2026.6.8); current version is 2026.3.24.
Config was last written by a newer OpenClaw (2026.6.8); current version is 2026.3.24.
Config was last written by a newer OpenClaw (2026.6.8); current version is 2026.3.24.
Config was last written by a newer OpenClaw (2026.6.8); current version is 2026.3.24.
Config was last written by a newer OpenClaw (2026.6.8); current version is 2026.3.24.
Config was last written by a newer OpenClaw (2026.6.8); current version is 2026.3.24.
Config was last written by a newer OpenClaw (2026.6.8); current version is 2026.3.24.
Config was last written by a newer OpenClaw (2026.6.8); current version is 2026.3.24.
Config was last written by a newer OpenClaw (2026.6.8); current version is 2026.3.24.
Config was last written by a newer OpenClaw (2026.6.8); current version is 2026.3.24.
Config was last written by a newer OpenClaw (2026.6.8); current version is 2026.3.24.
Config was last written by a newer OpenClaw (2026.6.8); current version is 2026.3.24.
Config was last written by a newer OpenClaw (2026.6.8); current version is 2026.3.24.
Config was last written by a newer OpenClaw (2026.6.8); current version is 2026.3.24.
Config was last written by a newer OpenClaw (2026.6.8); current version is 2026.3.24.
Config was last written by a newer OpenClaw (2026.6.8); current version is 2026.3.24.
Config was last written by a newer OpenClaw (2026.6.8); current version is 2026.3.24.
Config was last written by a newer OpenClaw (2026.6.8); current version is 2026.3.24.
Config was last written by a newer OpenClaw (2026.6.8); current version is 2026.3.24.
Config was last written by a newer OpenClaw (2026.6.8); current version is 2026.3.24.
Config was last written by a newer OpenClaw (2026.6.8); current version is 2026.3.24.
Config was last written by a newer OpenClaw (2026.6.8); current version is 2026.3.24.
Config was last written by a newer OpenClaw (2026.6.8); current version is 2026.3.24.
Config was last written by a newer OpenClaw (2026.6.8); current version is 2026.3.24.
Config was last written by a newer OpenClaw (2026.6.8); current version is 2026.3.24.
Config was last written by a newer OpenClaw (2026.6.8); current version is 2026.3.24.
Config was last written by a newer OpenClaw (2026.6.8); current version is 2026.3.24.
Config was last written by a newer OpenClaw (2026.6.8); current version is 2026.3.24.
Config was last written by a newer OpenClaw (2026.6.8); current version is 2026.3.24.
Config was last written by a newer OpenClaw (2026.6.8); current version is 2026.3.24.
Config was last written by a newer OpenClaw (2026.6.8); current version is 2026.3.24.
Config was last written by a newer OpenClaw (2026.6.8); current version is 2026.3.24.
Config was last written by a newer OpenClaw (2026.6.8); current version is 2026.3.24.
Config was last written by a newer OpenClaw (2026.6.8); current version is 2026.3.24.
Config was last written by a newer OpenClaw (2026.6.8); current version is 2026.3.24.
Config was last written by a newer OpenClaw (2026.6.8); current version is 2026.3.24.
Config was last written by a newer OpenClaw (2026.6.8); current version is 2026.3.24.
Config was last written by a newer OpenClaw (2026.6.8); current version is 2026.3.24.
Config was last written by a newer OpenClaw (2026.6.8); current version is 2026.3.24.
Config was last written by a newer OpenClaw (2026.6.8); current version is 2026.3.24.
Config was last written by a newer OpenClaw (2026.6.8); current version is 2026.3.24.
Config was last written by a newer OpenClaw (2026.6.8); current version is 2026.3.24.
Config was last written by a newer OpenClaw (2026.6.8); current version is 2026.3.24.
Config was last written by a newer OpenClaw (2026.6.8); current version is 2026.3.24.
Config was last written by a newer OpenClaw (2026.6.8); current version is 2026.3.24.
Config was last written by a newer OpenClaw (2026.6.8); current version is 2026.3.24.
Config was last written by a newer OpenClaw (2026.6.8); current version is 2026.3.24.
Config was last written by a newer OpenClaw (2026.6.8); current version is 2026.3.24.
Config was last written by a newer OpenClaw (2026.6.8); current version is 2026.3.24.
Config was last written by a newer OpenClaw (2026.6.8); current version is 2026.3.24.
Config was last written by a newer OpenClaw (2026.6.8); current version is 2026.3.24.
Config was last written by a newer OpenClaw (2026.6.8); current version is 2026.3.24.
Config was last written by a newer OpenClaw (2026.6.8); current version is 2026.3.24.
Config was last written by a newer OpenClaw (2026.6.8); current version is 2026.3.24.
Config was last written by a newer OpenClaw (2026.6.8); current version is 2026.3.24.
Config was last written by a newer OpenClaw (2026.6.8); current version is 2026.3.24.
Config was last written by a newer OpenClaw (2026.6.8); current version is 2026.3.24.
Config was last written by a newer OpenClaw (2026.6.8); current version is 2026.3.24.
Config was last written by a newer OpenClaw (2026.6.8); current version is 2026.3.24.
Config was last written by a newer OpenClaw (2026.6.8); current version is 2026.3.24.
Config was last written by a newer OpenClaw (2026.6.8); current version is 2026.3.24.
Config was last written by a newer OpenClaw (2026.6.8); current version is 2026.3.24.
Config was last written by a newer OpenClaw (2026.6.8); current version is 2026.3.24.
Config was last written by a newer OpenClaw (2026.6.8); current version is 2026.3.24.
Config was last written by a newer OpenClaw (2026.6.8); current version is 2026.3.24.
Config was last written by a newer OpenClaw (2026.6.8); current version is 2026.3.24.
Config was last written by a newer OpenClaw (2026.6.8); current version is 2026.3.24.
Config was last written by a newer OpenClaw (2026.6.8); current version is 2026.3.24.
Config was last written by a newer OpenClaw (2026.6.8); current version is 2026.3.24.
Config was last written by a newer OpenClaw (2026.6.8); current version is 2026.3.24.
Config was last written by a newer OpenClaw (2026.6.8); current version is 2026.3.24.
Config was last written by a newer OpenClaw (2026.6.8); current version is 2026.3.24.
Config was last written by a newer OpenClaw (2026.6.8); current version is 2026.3.24.
Config was last written by a newer OpenClaw (2026.6.8); current version is 2026.3.24.
Config was last written by a newer OpenClaw (2026.6.8); current version is 2026.3.24.
Config was last written by a newer OpenClaw (2026.6.8); current version is 2026.3.24.
Config was last written by a newer OpenClaw (2026.6.8); current version is 2026.3.24.
Config was last written by a newer OpenClaw (2026.6.8); current version is 2026.3.24.
Config was last written by a newer OpenClaw (2026.6.8); current version is 2026.3.24.
Config was last written by a newer OpenClaw (2026.6.8); current version is 2026.3.24.
Config was last written by a newer OpenClaw (2026.6.8); current version is 2026.3.24.
Config was last written by a newer OpenClaw (2026.6.8); current version is 2026.3.24.
Config was last written by a newer OpenClaw (2026.6.8); current version is 2026.3.24.
Config was last written by a newer OpenClaw (2026.6.8); current version is 2026.3.24.
Config was last written by a newer OpenClaw (2026.6.8); current version is 2026.3.24.
Config was last written by a newer OpenClaw (2026.6.8); current version is 2026.3.24.
Config was last written by a newer OpenClaw (2026.6.8); current version is 2026.3.24.
Config was last written by a newer OpenClaw (2026.6.8); current version is 2026.3.24.
Config was last written by a newer OpenClaw (2026.6.8); current version is 2026.3.24.
Config was last written by a newer OpenClaw (2026.6.8); current version is 2026.3.24.
Config was last written by a newer OpenClaw (2026.6.8); current version is 2026.3.24.
Config was last written by a newer OpenClaw (2026.6.8); current version is 2026.3.24.
Config was last written by a newer OpenClaw (2026.6.8); current version is 2026.3.24.
Config was last written by a newer OpenClaw (2026.6.8); current version is 2026.3.24.
Config was last written by a newer OpenClaw (2026.6.8); current version is 2026.3.24.
Config was last written by a newer OpenClaw (2026.6.8); current version is 2026.3.24.
Config was last written by a newer OpenClaw (2026.6.8); current version is 2026.3.24.
Config was last written by a newer OpenClaw (2026.6.8); current version is 2026.3.24.
Config was last written by a newer OpenClaw (2026.6.8); current version is 2026.3.24.
Config was last written by a newer OpenClaw (2026.6.8); current version is 2026.3.24.
Config was last written by a newer OpenClaw (2026.6.8); current version is 2026.3.24.
Config was last written by a newer OpenClaw (2026.6.8); current version is 2026.3.24.
Config was last written by a newer OpenClaw (2026.6.8); current version is 2026.3.24.
Config was last written by a newer OpenClaw (2026.6.8); current version is 2026.3.24.
Config was last written by a newer OpenClaw (2026.6.8); current version is 2026.3.24.
Config was last written by a newer OpenClaw (2026.6.8); current version is 2026.3.24.
Config was last written by a newer OpenClaw (2026.6.8); current version is 2026.3.24.
Config was last written by a newer OpenClaw (2026.6.8); current version is 2026.3.24.
Config was last written by a newer OpenClaw (2026.6.8); current version is 2026.3.24.
Config was last written by a newer OpenClaw (2026.6.8); current version is 2026.3.24.
Config was last written by a newer OpenClaw (2026.6.8); current version is 2026.3.24.
Config was last written by a newer OpenClaw (2026.6.8); current version is 2026.3.24.
Config was last written by a newer OpenClaw (2026.6.8); current version is 2026.3.24.
Config was last written by a newer OpenClaw (2026.6.8); current version is 2026.3.24.
Config was last written by a newer OpenClaw (2026.6.8); current version is 2026.3.24.
Config was last written by a newer OpenClaw (2026.6.8); current version is 2026.3.24.
Config was last written by a newer OpenClaw (2026.6.8); current version is 2026.3.24.
Config was last written by a newer OpenClaw (2026.6.8); current version is 2026.3.24.
Config was last written by a newer OpenClaw (2026.6.8); current version is 2026.3.24.
Config was last written by a newer OpenClaw (2026.6.8); current version is 2026.3.24.
Config was last written by a newer OpenClaw (2026.6.8); current version is 2026.3.24.
Config was last written by a newer OpenClaw (2026.6.8); current version is 2026.3.24.
Config was last written by a newer OpenClaw (2026.6.8); current version is 2026.3.24.
Config was last written by a newer OpenClaw (2026.6.8); current version is 2026.3.24.
Config was last written by a newer OpenClaw (2026.6.8); current version is 2026.3.24.
Config was last written by a newer OpenClaw (2026.6.8); current version is 2026.3.24.
Config was last written by a newer OpenClaw (2026.6.8); current version is 2026.3.24.
Config was last written by a newer OpenClaw (2026.6.8); current version is 2026.3.24.
Config was last written by a newer OpenClaw (2026.6.8); current version is 2026.3.24.
Config was last written by a newer OpenClaw (2026.6.8); current version is 2026.3.24.
Config was last written by a newer OpenClaw (2026.6.8); current version is 2026.3.24.
Config was last written by a newer OpenClaw (2026.6.8); current version is 2026.3.24.
Config was last written by a newer OpenClaw (2026.6.8); current version is 2026.3.24.
[tools] tools.profile (coding) allowlist contains unknown entries (apply_patch). These entries are shipped core tools but unavailable in the current runtime/provider/model/config.
[tools] tools.profile (coding) allowlist contains unknown entries (apply_patch). These entries are shipped core tools but unavailable in the current runtime/provider/model/config.
[auto_v3]   [agent running 30s] session: 15 messages
[auto_v3]   [agent running 30s] session: 15 messages
[auto_v3]   [agent running 60s] session: 25 messages
[auto_v3]   [agent running 60s] session: 25 messages
[auto_v3]   [agent running 90s] session: 33 messages
[auto_v3]   [agent running 90s] session: 33 messages
The HF_TOKEN is set and has access — model_info() works. Let me try the actual download path:
The HF_TOKEN is set and has access — model_info() works. Let me try the actual download path:
Interesting — `model_info()` (which uses the API metadata endpoint) returns 200 OK, but the actual download is 403. The model metadata says it's gated with `auto` mode, which usually means the token isn't on the authorized list. Let me verify what auto-gating means and try with `hf_hub_download` using an explicit token:
Interesting — `model_info()` (which uses the API metadata endpoint) returns 200 OK, but the actual download is 403. The model metadata says it's gated with `auto` mode, which usually means the token isn't on the authorized list. Let me verify what auto-gating means and try with `hf_hub_download` using an explicit token:
Confirmed. The HF_TOKEN is valid (`whoami` works), but the token's user is **not on the authorized list** for this gated model. The "gated: auto" attribute means the model is gated but you have no special access. This is exactly what the traceback says.

Let me look at the quantize.py code path and check whether there's a fallback (e.g., local download path, mirror):
Confirmed. The HF_TOKEN is valid (`whoami` works), but the token's user is **not on the authorized list** for this gated model. The "gated: auto" attribute means the model is gated but you have no special access. This is exactly what the traceback says.

Let me look at the quantize.py code path and check whether there's a fallback (e.g., local download path, mirror):
No cached files anywhere. Let me also check whether there's a mirror URL or alt source:
No cached files anywhere. Let me also check whether there's a mirror URL or alt source:
Now I have all the evidence I need. Let me print the protocol block.

```
COMPONENT: environment
ERROR_CLASS: model_unavailable  (Quick Classification confirmed)
ROOT_CAUSE_HYPOTHESIS: The model microsoft/GELab-Zero-4B-preview-Sico-Evolution is a gated repo on HuggingFace Hub. The current HF_TOKEN authenticates as user "INC4AI" (valid token, whoami succeeds) but that user is NOT in the model owner's authorized list, so every request to /resolve/main/* returns HTTP 403 GatedRepoError. No code/library change can fix this — the gate is enforced by the model owner.
EVIDENCE_CMD: 
  curl -H "Authorization: Bearer $HF_TOKEN" -I https://huggingface.co/microsoft/GELab-Zero-4B-preview-Sico-Evolution/resolve/main/config.json
  python3 -c "from huggingface_hub import HfApi; api=HfApi(token=os.environ['HF_TOKEN']); print(api.whoami()); print(api.model_info('microsoft/GELab-Zero-4B-preview-Sico-Evolution').gated)"
EVIDENCE_RESULT:
  - whoami: {'name': 'INC4AI', 'type': 'user'}     ← token valid
  - model_info(...).gated == 'auto'              ← gated, requires approval
  - HEAD .../config.json with Bearer token → HTTP 403
    Body: "Access to model microsoft/GELab-Zero-4B-preview-Sico-Evolution is restricted and you are not in the authorized list."
  - Pre-flight HEAD (line 258 of auto.log) returned the same 403 even before any code ran.
  - The setup_env pre-flight at 09:25:56 already detected this and warned: "Could not load config, skipping pre-flight (will rely on agent)".
  - No local cache exists for this model (no /root/.cache/huggingface/* dirs).
  - This is the very first attempt for this run; no prior partial download, no fallback mirror configured.
VERDICT: UNFIXABLE
UNFIXABLE_REASON: gated_repo_no_token — the model's owner (microsoft) has gated access; our HF_TOKEN user is not on the allowlist. This is enforced server-side by HuggingFace; it cannot be worked around by upgrading transformers/auto-round, retrying, or changing device/dtype. Only a human with model-owner approval can grant access. Per the Quick Classification guide and historical pattern, the correct action is to mark the job permanently failed and surface a clear message.
FIX_PLAN: N/A (UNFIXABLE — do not retry, do not modify code).
SMOKE_TEST: Already executed above (whoami + model_info + raw HEAD with Bearer token); all three reproduce the 403.
```


COMPONENT: environment
ERROR_CLASS: model_unavailable
ROOT_CAUSE_HYPOTHESIS: The model `microsoft/GELab-Zero-4B-preview-Sico-Evolution` is a gated repo on HuggingFace Hub (gated=auto). The current HF_TOKEN authenticates successfully as user "INC4AI", but that user is NOT in the model owner's authorized list, so every request to `/resolve/main/*` returns HTTP 403 GatedRepoError. No library/code/device change can bypass a server-side gating decision by the model owner.
EVIDENCE_CMD:
  curl -H "Authorization: Bearer $HF_TOKEN" -I https://huggingface.co/microsoft/GELab-Zero-4B-preview-Sico-Evolution/resolve/main/config.json
  python3 -c "from huggingface_hub import HfApi; api=HfApi(token=os.environ['HF_TOKEN']); print('whoami:', api.whoami()); print('gated:', api.model_info('microsoft/GELab-Zero-4B-preview-Sico-Evolution').gated)"
EVIDENCE_RESULT:
  whoami: {'name': 'INC4AI', 'type': 'user'}        ← token is valid
  gated:  auto                                       ← model is gated, requires owner approval
  HTTP HEAD .../config.json with Bearer token → 403 Forbidden
    "Access to model microsoft/GELab-Zero-4B-preview-Sico-Evolution is restricted and you are not in the authorized list. Visit https://huggingface.co/microsoft/GELab-Zero-4B-preview-Sico-Evolution to ask for access."
  Pre-flight HEAD at 09:25:56 (setup_env.log line 258) already failed with the same 403 before any quantize code ran.
  No local cache exists for this model.
  This is attempt 1 for this run; nothing to retry from.
VERDICT: UNFIXABLE
UNFIXABLE_REASON: gated_repo_no_token — the gate is enforced server-side by the model owner. Upgrading transformers / auto-round, retrying, switching devices, or clearing HF cache will not help. Only model-owner approval grants access. Per the Quick Classification guide, this is correctly the `model_unavailable` class and must be marked permanently failed.
FIX_PLAN: N/A (UNFIXABLE — do not retry, do not modify code, do not reinstall packages).
SMOKE_TEST: Already executed above (whoami + model_info + raw HEAD with Bearer token); all three reproduce the 403.

I am NOT going to modify code or reinstall packages. This phase must halt as permanently failed.

Recommended next step for the human operator: request gated access at https://huggingface.co/microsoft/GELab-Zero-4B-preview-Sico-Evolution (the HF_TOKEN in this environment belongs to user `INC4AI` and is not on the allowlist). Once approved, this run can be re-submitted and it will succeed with the same W4A16-RTN recipe.
Now I have all the evidence I need. Let me print the protocol block.

```
COMPONENT: environment
ERROR_CLASS: model_unavailable  (Quick Classification confirmed)
ROOT_CAUSE_HYPOTHESIS: The model microsoft/GELab-Zero-4B-preview-Sico-Evolution is a gated repo on HuggingFace Hub. The current HF_TOKEN authenticates as user "INC4AI" (valid token, whoami succeeds) but that user is NOT in the model owner's authorized list, so every request to /resolve/main/* returns HTTP 403 GatedRepoError. No code/library change can fix this — the gate is enforced by the model owner.
EVIDENCE_CMD: 
  curl -H "Authorization: Bearer $HF_TOKEN" -I https://huggingface.co/microsoft/GELab-Zero-4B-preview-Sico-Evolution/resolve/main/config.json
  python3 -c "from huggingface_hub import HfApi; api=HfApi(token=os.environ['HF_TOKEN']); print(api.whoami()); print(api.model_info('microsoft/GELab-Zero-4B-preview-Sico-Evolution').gated)"
EVIDENCE_RESULT:
  - whoami: {'name': 'INC4AI', 'type': 'user'}     ← token valid
  - model_info(...).gated == 'auto'              ← gated, requires approval
  - HEAD .../config.json with Bearer token → HTTP 403
    Body: "Access to model microsoft/GELab-Zero-4B-preview-Sico-Evolution is restricted and you are not in the authorized list."
  - Pre-flight HEAD (line 258 of auto.log) returned the same 403 even before any code ran.
  - The setup_env pre-flight at 09:25:56 already detected this and warned: "Could not load config, skipping pre-flight (will rely on agent)".
  - No local cache exists for this model (no /root/.cache/huggingface/* dirs).
  - This is the very first attempt for this run; no prior partial download, no fallback mirror configured.
VERDICT: UNFIXABLE
UNFIXABLE_REASON: gated_repo_no_token — the model's owner (microsoft) has gated access; our HF_TOKEN user is not on the allowlist. This is enforced server-side by HuggingFace; it cannot be worked around by upgrading transformers/auto-round, retrying, or changing device/dtype. Only a human with model-owner approval can grant access. Per the Quick Classification guide and historical pattern, the correct action is to mark the job permanently failed and surface a clear message.
FIX_PLAN: N/A (UNFIXABLE — do not retry, do not modify code).
SMOKE_TEST: Already executed above (whoami + model_info + raw HEAD with Bearer token); all three reproduce the 403.
```


COMPONENT: environment
ERROR_CLASS: model_unavailable
ROOT_CAUSE_HYPOTHESIS: The model `microsoft/GELab-Zero-4B-preview-Sico-Evolution` is a gated repo on HuggingFace Hub (gated=auto). The current HF_TOKEN authenticates successfully as user "INC4AI", but that user is NOT in the model owner's authorized list, so every request to `/resolve/main/*` returns HTTP 403 GatedRepoError. No library/code/device change can bypass a server-side gating decision by the model owner.
EVIDENCE_CMD:
  curl -H "Authorization: Bearer $HF_TOKEN" -I https://huggingface.co/microsoft/GELab-Zero-4B-preview-Sico-Evolution/resolve/main/config.json
  python3 -c "from huggingface_hub import HfApi; api=HfApi(token=os.environ['HF_TOKEN']); print('whoami:', api.whoami()); print('gated:', api.model_info('microsoft/GELab-Zero-4B-preview-Sico-Evolution').gated)"
EVIDENCE_RESULT:
  whoami: {'name': 'INC4AI', 'type': 'user'}        ← token is valid
  gated:  auto                                       ← model is gated, requires owner approval
  HTTP HEAD .../config.json with Bearer token → 403 Forbidden
    "Access to model microsoft/GELab-Zero-4B-preview-Sico-Evolution is restricted and you are not in the authorized list. Visit https://huggingface.co/microsoft/GELab-Zero-4B-preview-Sico-Evolution to ask for access."
  Pre-flight HEAD at 09:25:56 (setup_env.log line 258) already failed with the same 403 before any quantize code ran.
  No local cache exists for this model.
  This is attempt 1 for this run; nothing to retry from.
VERDICT: UNFIXABLE
UNFIXABLE_REASON: gated_repo_no_token — the gate is enforced server-side by the model owner. Upgrading transformers / auto-round, retrying, switching devices, or clearing HF cache will not help. Only model-owner approval grants access. Per the Quick Classification guide, this is correctly the `model_unavailable` class and must be marked permanently failed.
FIX_PLAN: N/A (UNFIXABLE — do not retry, do not modify code, do not reinstall packages).
SMOKE_TEST: Already executed above (whoami + model_info + raw HEAD with Bearer token); all three reproduce the 403.

I am NOT going to modify code or reinstall packages. This phase must halt as permanently failed.

Recommended next step for the human operator: request gated access at https://huggingface.co/microsoft/GELab-Zero-4B-preview-Sico-Evolution (the HF_TOKEN in this environment belongs to user `INC4AI` and is not on the allowlist). Once approved, this run can be re-submitted and it will succeed with the same W4A16-RTN recipe.
[auto_v3]   Agent session complete: 30 messages, 0
0 tool calls
[auto_v3]   Agent session complete: 30 messages, 0
0 tool calls
[auto_v3] Agent verdict: UNFIXABLE (gated_repo_no_token — the model's owner (microsoft) has gated access; our HF_TOKEN user is not on the allowlist. This is enforced server-side by HuggingFace; it cannot be worked around by upgrading transformers/auto-round, retrying, or changing device/dtype. Only a human with model-owner approval can grant access. Per the Quick Classification guide and historical pattern, the correct action is to mark the job permanently failed and surface a clear message.). Aborting fix loop.
[auto_v3] Agent verdict: UNFIXABLE (gated_repo_no_token — the model's owner (microsoft) has gated access; our HF_TOKEN user is not on the allowlist. This is enforced server-side by HuggingFace; it cannot be worked around by upgrading transformers/auto-round, retrying, or changing device/dtype. Only a human with model-owner approval can grant access. Per the Quick Classification guide and historical pattern, the correct action is to mark the job permanently failed and surface a clear message.). Aborting fix loop.
[lesson] Saved: [unfixable] OSError: You are trying to access a gated repo.
[lesson]   Solution: UNFIXABLE: gated_repo_no_token — the model's owner (microsoft) has gated access; our HF_TOKEN user is not on the allowlist. This is enforced server-side by HuggingFace; it cannot be worked around by upgrading transformers/auto-round, retrying, or changing device/dtype. Only a human with model-owner approval can grant access. Per the Quick Classification guide and historical pattern, the correct action is to mark the job permanently failed and surface a clear message.
[lesson] Saved: [unfixable] OSError: You are trying to access a gated repo.
[lesson]   Solution: UNFIXABLE: gated_repo_no_token — the model's owner (microsoft) has gated access; our HF_TOKEN user is not on the allowlist. This is enforced server-side by HuggingFace; it cannot be worked around by upgrading transformers/auto-round, retrying, or changing device/dtype. Only a human with model-owner approval can grant access. Per the Quick Classification guide and historical pattern, the correct action is to mark the job permanently failed and surface a clear message.
[auto_v3] Pipeline failed at: quantize (209s)
[auto_v3] Pipeline failed at: quantize (209s)
[auto_v3] Collected 1 openclaw session(s)
[auto_v3] Collected 1 openclaw session(s)
[format_sessions] Wrote /root/_work/1/s/auto_quant/output/runs/GELab-Zero-4B-preview-Sico-Evolution-AutoRound-W4A16-RTN/session_fix_quantize_363_1785749169.md
[format_sessions] Wrote /root/_work/1/s/auto_quant/output/runs/GELab-Zero-4B-preview-Sico-Evolution-AutoRound-W4A16-RTN/session_fix_quantize_363_1785749169.md
[auto_v3] Generating run report...
[auto_v3] Generating run report...
[report] Written to: /root/_work/1/s/auto_quant/output/runs/GELab-Zero-4B-preview-Sico-Evolution-AutoRound-W4A16-RTN/run_report.md
[report] Written to: /root/_work/1/s/auto_quant/output/runs/GELab-Zero-4B-preview-Sico-Evolution-AutoRound-W4A16-RTN/run_report.md

═══════ Upload Results ═══════

[auto_v3] Uploading results to lb_eval GitHub...

═══════ Upload Results ═══════

[auto_v3] Uploading results to lb_eval GitHub...
[github-upload] Removing stale non-git directory: /root/_work/1/s/auto_quant/lb_eval
[github-upload] Removing stale non-git directory: /root/_work/1/s/auto_quant/lb_eval
[github-upload] Cloning repo into: /root/_work/1/s/auto_quant/lb_eval
[github-upload] Cloning repo into: /root/_work/1/s/auto_quant/lb_eval
[github-upload] repo dir: /root/_work/1/s/auto_quant/lb_eval
[github-upload] model id: microsoft/GELab-Zero-4B-preview-Sico-Evolution
[github-upload] artifact name: GELab-Zero-4B-preview-Sico-Evolution-AutoRound-W4A16-RTN
[github-upload] result org: microsoft
[github-upload] branch: main
[github-upload] repo dir: /root/_work/1/s/auto_quant/lb_eval
[github-upload] model id: microsoft/GELab-Zero-4B-preview-Sico-Evolution
[github-upload] artifact name: GELab-Zero-4B-preview-Sico-Evolution-AutoRound-W4A16-RTN
[github-upload] result org: microsoft
[github-upload] branch: main
[github-upload] git user: lkk12014402 <kaokao.lv@intel.com>
[github-upload] git user: lkk12014402 <kaokao.lv@intel.com>
[github-upload] Derived pipeline status: Partial
[github-upload] Derived pipeline status: Partial
