{
  "alias": "  - electrical_engineering",
  "acc,none": 0.22758620689655173,
  "acc_stderr,none": 0.03493950380131187
}