{
  "results": {
    "gsm8k": {
      "alias": "gsm8k",
      "exact_match,strict-match": 0.003032600454890068,
      "exact_match_stderr,strict-match": 0.0015145735612245505,
      "exact_match,flexible-extract": 0.013646702047005308,
      "exact_match_stderr,flexible-extract": 0.0031957470754807966
    },
    "hellaswag": {
      "alias": "hellaswag",
      "acc,none": 0.26867157936666003,
      "acc_stderr,none": 0.004423628080052265,
      "acc_norm,none": 0.26976697868950406,
      "acc_norm_stderr,none": 0.004429315788310707
    },
    "mmlu": {
      "acc,none": 0.23052271756160092,
      "acc_stderr,none": 0.0035485822045021125,
      "alias": "mmlu"
    },
    "mmlu_humanities": {
      "acc,none": 0.24760892667375134,
      "acc_stderr,none": 0.006288828947396757,
      "alias": " - humanities"
    },
    "mmlu_formal_logic": {
      "alias": "  - formal_logic",
      "acc,none": 0.2857142857142857,
      "acc_stderr,none": 0.04040610178208843
    },
    "mmlu_high_school_european_history": {
      "alias": "  - high_school_european_history",
      "acc,none": 0.21818181818181817,
      "acc_stderr,none": 0.032250781083062896
    },
    "mmlu_high_school_us_history": {
      "alias": "  - high_school_us_history",
      "acc,none": 0.25980392156862747,
      "acc_stderr,none": 0.030778554678693247
    },
    "mmlu_high_school_world_history": {
      "alias": "  - high_school_world_history",
      "acc,none": 0.26582278481012656,
      "acc_stderr,none": 0.02875679962965839
    },
    "mmlu_international_law": {
      "alias": "  - international_law",
      "acc,none": 0.2396694214876033,
      "acc_stderr,none": 0.03896878985070412
    },
    "mmlu_jurisprudence": {
      "alias": "  - jurisprudence",
      "acc,none": 0.25925925925925924,
      "acc_stderr,none": 0.042365112580946315
    },
    "mmlu_logical_fallacies": {
      "alias": "  - logical_fallacies",
      "acc,none": 0.22085889570552147,
      "acc_stderr,none": 0.032591773927421734
    },
    "mmlu_moral_disputes": {
      "alias": "  - moral_disputes",
      "acc,none": 0.24566473988439305,
      "acc_stderr,none": 0.023176298203992085
    },
    "mmlu_moral_scenarios": {
      "alias": "  - moral_scenarios",
      "acc,none": 0.2681564245810056,
      "acc_stderr,none": 0.01481611963531707
    },
    "mmlu_philosophy": {
      "alias": "  - philosophy",
      "acc,none": 0.1832797427652733,
      "acc_stderr,none": 0.021974198848265767
    },
    "mmlu_prehistory": {
      "alias": "  - prehistory",
      "acc,none": 0.2191358024691358,
      "acc_stderr,none": 0.02301670564026216
    },
    "mmlu_professional_law": {
      "alias": "  - professional_law",
      "acc,none": 0.24511082138200782,
      "acc_stderr,none": 0.010986307870045522
    },
    "mmlu_world_religions": {
      "alias": "  - world_religions",
      "acc,none": 0.3216374269005848,
      "acc_stderr,none": 0.03582529442573121
    },
    "mmlu_other": {
      "acc,none": 0.23656260057933698,
      "acc_stderr,none": 0.0076097663141634535,
      "alias": " - other"
    },
    "mmlu_business_ethics": {
      "alias": "  - business_ethics",
      "acc,none": 0.28,
      "acc_stderr,none": 0.045126085985421296
    },
    "mmlu_clinical_knowledge": {
      "alias": "  - clinical_knowledge",
      "acc,none": 0.21509433962264152,
      "acc_stderr,none": 0.02528839450289141
    },
    "mmlu_college_medicine": {
      "alias": "  - college_medicine",
      "acc,none": 0.2023121387283237,
      "acc_stderr,none": 0.030631145539198767
    },
    "mmlu_global_facts": {
      "alias": "  - global_facts",
      "acc,none": 0.17,
      "acc_stderr,none": 0.03775251680686369
    },
    "mmlu_human_aging": {
      "alias": "  - human_aging",
      "acc,none": 0.30493273542600896,
      "acc_stderr,none": 0.03089861088247754
    },
    "mmlu_management": {
      "alias": "  - management",
      "acc,none": 0.17475728155339806,
      "acc_stderr,none": 0.03760178006026618
    },
    "mmlu_marketing": {
      "alias": "  - marketing",
      "acc,none": 0.2863247863247863,
      "acc_stderr,none": 0.029614323690456627
    },
    "mmlu_medical_genetics": {
      "alias": "  - medical_genetics",
      "acc,none": 0.29,
      "acc_stderr,none": 0.045604802157206865
    },
    "mmlu_miscellaneous": {
      "alias": "  - miscellaneous",
      "acc,none": 0.23754789272030652,
      "acc_stderr,none": 0.015218733046150228
    },
    "mmlu_nutrition": {
      "alias": "  - nutrition",
      "acc,none": 0.2222222222222222,
      "acc_stderr,none": 0.023805186524888222
    },
    "mmlu_professional_accounting": {
      "alias": "  - professional_accounting",
      "acc,none": 0.23049645390070922,
      "acc_stderr,none": 0.025123739226872346
    },
    "mmlu_professional_medicine": {
      "alias": "  - professional_medicine",
      "acc,none": 0.18382352941176472,
      "acc_stderr,none": 0.02352924218519312
    },
    "mmlu_virology": {
      "alias": "  - virology",
      "acc,none": 0.28313253012048195,
      "acc_stderr,none": 0.035072954313705176
    },
    "mmlu_social_sciences": {
      "acc,none": 0.2170945726356841,
      "acc_stderr,none": 0.007429148370998559,
      "alias": " - social sciences"
    },
    "mmlu_econometrics": {
      "alias": "  - econometrics",
      "acc,none": 0.23684210526315788,
      "acc_stderr,none": 0.03999423879281335
    },
    "mmlu_high_school_geography": {
      "alias": "  - high_school_geography",
      "acc,none": 0.1717171717171717,
      "acc_stderr,none": 0.02686971618742987
    },
    "mmlu_high_school_government_and_politics": {
      "alias": "  - high_school_government_and_politics",
      "acc,none": 0.20207253886010362,
      "acc_stderr,none": 0.028979089794296756
    },
    "mmlu_high_school_macroeconomics": {
      "alias": "  - high_school_macroeconomics",
      "acc,none": 0.20256410256410257,
      "acc_stderr,none": 0.020377660970371435
    },
    "mmlu_high_school_microeconomics": {
      "alias": "  - high_school_microeconomics",
      "acc,none": 0.20588235294117646,
      "acc_stderr,none": 0.026265024608275907
    },
    "mmlu_high_school_psychology": {
      "alias": "  - high_school_psychology",
      "acc,none": 0.1981651376146789,
      "acc_stderr,none": 0.017090573804217808
    },
    "mmlu_human_sexuality": {
      "alias": "  - human_sexuality",
      "acc,none": 0.25190839694656486,
      "acc_stderr,none": 0.03807387116306089
    },
    "mmlu_professional_psychology": {
      "alias": "  - professional_psychology",
      "acc,none": 0.25163398692810457,
      "acc_stderr,none": 0.017555818091322294
    },
    "mmlu_public_relations": {
      "alias": "  - public_relations",
      "acc,none": 0.21818181818181817,
      "acc_stderr,none": 0.03955932861795833
    },
    "mmlu_security_studies": {
      "alias": "  - security_studies",
      "acc,none": 0.18775510204081633,
      "acc_stderr,none": 0.025000256039546167
    },
    "mmlu_sociology": {
      "alias": "  - sociology",
      "acc,none": 0.22885572139303484,
      "acc_stderr,none": 0.029705284056772495
    },
    "mmlu_us_foreign_policy": {
      "alias": "  - us_foreign_policy",
      "acc,none": 0.29,
      "acc_stderr,none": 0.045604802157206865
    },
    "mmlu_stem": {
      "acc,none": 0.21217887725975262,
      "acc_stderr,none": 0.0072722302573011415,
      "alias": " - stem"
    },
    "mmlu_abstract_algebra": {
      "alias": "  - abstract_algebra",
      "acc,none": 0.21,
      "acc_stderr,none": 0.040936018074033236
    },
    "mmlu_anatomy": {
      "alias": "  - anatomy",
      "acc,none": 0.18518518518518517,
      "acc_stderr,none": 0.03355677216313144
    },
    "mmlu_astronomy": {
      "alias": "  - astronomy",
      "acc,none": 0.17763157894736842,
      "acc_stderr,none": 0.031103182383123377
    },
    "mmlu_college_biology": {
      "alias": "  - college_biology",
      "acc,none": 0.2777777777777778,
      "acc_stderr,none": 0.037455547914624555
    },